bnf_drug_code,peak_trough_ratio,ptr_lci,ptr_uci,peak_month,trough_month,amp_annual,amp_semiannual,n_peaks,seasonal_reproducibility,stl_seasonal_strength,stl_trend_strength,aic_1h,aic_2h,modality,bnf_class_code,bnf_drug_name,p_value,distribution,route,disp_ratio,disp_p,lb_p,nw_lag,hac_capped,theta,b_sin12,b_cos12,b_sin6,b_cos6,converged,note,drug_all_q_bh,drug_significant,inference_scope,multiplicity_family,bnf_class_name,class_q_bh,class_significant,parent_class_significant,conditional_drug_q_legacy,conditional_drug_significant_legacy
0503040B0,158.776012009382,59.3156080421337,440.277872044669,Jan,Aug,2.28989685800784,0.669766121904494,1,0.768226071010625,0.708360017451383,0.405871558780574,30941.6220436183,24776.8304014643,"unimodal, non-sinusoidal (2 harmonics, 1 peak)",050304,Oseltamivir phosphate,7.79723884165772e-70,poisson,HAC-Wald,614.487686055922,0.0156989460454881,0.0248615110274991,0.856271909514563,FALSE,,1.4576532958908,1.76603354704628,0.0887772137951821,0.663856358229512,TRUE,,3.61643363417839e-68,TRUE,secondary_exploratory,all_eligible_drugs,Influenza,1.28759388270775e-68,TRUE,TRUE,2.44313483705275e-68,TRUE
1404000H0,71.4684022179458,45.1160426380986,123.978016550019,Nov,Jun,1.82798121808593,0.773305637335828,1,0.870370563240069,0.87515176166029,0.127147473319625,1333.62419113645,1304.99047187401,"unimodal, non-sinusoidal (2 harmonics, 1 peak)",140400,Influenza,4.31089671385047e-21,negbin,NB-LRT,204713.167343995,7.47178670891603e-06,0.270435601951578,,,3.26063125085784,-0.668334665004821,1.70142414148495,-0.729258281972288,-0.257262447532084,TRUE,,6.26688567058262e-20,TRUE,secondary_exploratory,all_eligible_drugs,Vaccines and antisera,5.01709265504371e-74,TRUE,TRUE,4.36395390417478e-20,TRUE
130801000,2.68802267926993,2.47742095280395,2.92283905347614,Jun,Jan,0.49153971908332,0.0489365200990976,1,0.938205160246239,0.901059915344847,0.205120564060595,686.737430273242,684.590687664131,"unimodal, non-sinusoidal (2 harmonics, 1 peak)",130801,Other sunscreening preparations,1.75984836745478e-27,negbin,NB-LRT,31.2170376560408,5.59492556024408e-06,0.0577013258263417,,,121.962921474536,-0.0943294586994282,-0.482403615925484,-0.0229130443924977,0.0432408995752495,TRUE,,3.64700491468288e-26,TRUE,secondary_exploratory,all_eligible_drugs,Sunscreening preparations,3.30769565126227e-31,TRUE,TRUE,2.46378771443669e-26,TRUE
1104020W0,2.64686820278867,2.49622364970779,2.97915088950437,Jun,Jan,0.4733333215501,0.163681516037129,2,0.975889328971552,0.963581961913505,0.0178182833426693,8086.73717887947,4987.07225485264,"bimodal (2 harmonics, 2 peaks)",110402,Azelastine hydrochloride,1.56351158184924e-179,poisson,HAC-Wald,116.769407996859,0.00732825941885771,0.000247843062247011,1.53793248665557,FALSE,,0.0189928043784017,-0.472952118793747,-0.0222283108222556,0.162165165464726,TRUE,,2.17551468674451e-177,TRUE,secondary_exploratory,all_eligible_drugs,Other anti-inflammatory preparations,7.18501992677657e-144,TRUE,TRUE,1.46970088693829e-177,TRUE
1104020AC,2.42935258102727,2.27923990670276,2.63573590975295,Jun,Dec,0.447494376718491,0.0969055842739967,1,0.92898223821359,0.938991208943045,0.105254258454748,443.340198185449,418.717840223856,"unimodal, non-sinusoidal (2 harmonics, 1 peak)",110402,Epinastine hydrochloride,3.56295421937306e-152,poisson,Poisson-LRT,2.08992600038198,0.0863072022623508,0.209149537729395,,,,0.0572867640342063,-0.443812397146767,-0.0244138323765284,0.0937798328649367,TRUE,,3.47031740966936e-150,TRUE,secondary_exploratory,all_eligible_drugs,Other anti-inflammatory preparations,7.18501992677657e-144,TRUE,TRUE,2.34442387634747e-150,TRUE
0501013B0,2.3447115089638,2.01914191739359,2.72936623398903,Dec,Aug,0.36753338499362,0.124782482008094,1,0.899792873042418,0.839369948209857,0.466365075835741,661046.525937989,431431.448224608,"unimodal, non-sinusoidal (2 harmonics, 1 peak)",050101,Amoxicillin,3.14925903293958e-48,poisson,HAC-Wald,11125.2654507066,0.00618743313043236,0.00628019425534743,2.14509917293213,FALSE,,0.170735636878179,0.325469094361771,-0.0642492370616801,0.106970572369658,TRUE,,1.02245943269438e-46,TRUE,secondary_exploratory,all_eligible_drugs,Penicillins,5.41228415339323e-21,TRUE,TRUE,6.90737481224747e-47,TRUE
0501050H0,2.29282829430822,1.90356109689614,2.80847586358234,Dec,Aug,0.307397592017935,0.175171359837825,2,0.760197885043819,0.702841549237755,0.716076544924921,926.551407198262,914.762002498785,"bimodal (2 harmonics, 2 peaks)",050105,Erythromycin ethylsuccinate,3.05073794560427e-09,negbin,NB-LRT,1194.41270878878,0.0343616413819459,0.163589621717818,,,25.1881570996969,0.183781681522353,0.246409360851493,-0.0678783267560461,0.161485411304651,TRUE,,2.10738919079331e-08,TRUE,secondary_exploratory,all_eligible_drugs,Macrolides,6.83004773135963e-17,TRUE,TRUE,1.49804893149822e-08,TRUE
1104020T0,2.27273965667202,2.16816195057243,2.42826531195545,Jun,Jan,0.3987438977225,0.12808265853475,1,0.974509951096968,0.964072129909803,0.451101374317931,48197.6117715983,27652.0385719105,"unimodal, non-sinusoidal (2 harmonics, 1 peak)",110402,Sodium cromoglicate,3.97127991538441e-239,poisson,HAC-Wald,700.986646363357,0.00588716232953899,9.26565258597689e-05,0.623220137784208,FALSE,,0.0189781371443854,-0.398292011320162,-0.0286790111694649,0.124830612173742,TRUE,,9.67006659396105e-237,TRUE,secondary_exploratory,all_eligible_drugs,Other anti-inflammatory preparations,7.18501992677657e-144,TRUE,TRUE,6.53275546080736e-237,TRUE
0309020D0,2.14599894508326,1.96404326836287,2.35616136466655,Dec,Aug,0.327219416246804,0.122247584102007,1,0.918034704177545,0.891868007617378,0.592532247895096,3935.93988203042,2399.30883865026,"unimodal, non-sinusoidal (2 harmonics, 1 peak)",030902,Simple,1.97003961983291e-145,poisson,HAC-Wald,47.852806853539,5.38338998388516e-05,0.0370271166154359,11.2549542986269,FALSE,,0.129561059491961,0.300477084371205,-0.0916911286973994,0.0808530069754628,TRUE,,1.74438053610659e-143,TRUE,secondary_exploratory,all_eligible_drugs,Expectorant and demulcent cough preparations,7.19264838400822e-140,TRUE,TRUE,1.17844188168187e-143,TRUE
1104020B0,1.97636105737232,1.75674002553133,2.63164690464949,Jun,Dec,0.34073756423833,0.073570134021439,1,0.495208665711265,0.495411038289458,0.700894639471475,2014.93421772829,1931.88183126915,"unimodal, non-sinusoidal (2 harmonics, 1 peak)",110402,Antazoline,5.81777246297883e-24,poisson,HAC-Wald,36.6138085781202,1.36373533946245e-05,1.11022302462516e-16,0.977846200673428,FALSE,,-0.00861447199551986,-0.340628651988215,0.0153768088100525,0.0719452456438338,TRUE,,9.94124627884453e-23,TRUE,secondary_exploratory,all_eligible_drugs,Other anti-inflammatory preparations,7.18501992677657e-144,TRUE,TRUE,6.83588264400013e-23,TRUE
1201010AG,1.96946624814027,1.79906711664806,2.23130121999861,Jan,Aug,0.31714828407752,0.0717718330987173,1,0.313715560370797,0.0901232566784841,0.860265687640503,3137.19099293195,2822.90858934512,"unimodal, non-sinusoidal (2 harmonics, 1 peak)",120101,Phenazone/lidocaine,2.23250221284067e-34,poisson,HAC-Wald,54.9712793981419,1.14023904751048e-07,2.17526296443227e-05,1.43973455776651,FALSE,,0.199325078607471,0.246683090485426,-0.0214099859268871,0.0685040767324152,TRUE,,5.43614288826704e-33,TRUE,secondary_exploratory,all_eligible_drugs,Otitis externa,4.03048405132221e-10,TRUE,TRUE,3.67246614012291e-33,TRUE
0309020G0,1.93877369903551,1.77124247652452,2.18434482453405,Dec,Jul,0.313054221528056,0.0730317199901509,1,0.827402078387916,0.875467457621422,0.561510169503033,404.269224540868,399.568705529169,"unimodal, non-sinusoidal (2 harmonics, 1 peak)",030902,Guaifenesin,7.16809214821061e-16,negbin,NB-LRT,1.80045821846001,0.0352036676077089,0.600013257264028,,,235.771455466212,0.145714563939964,0.277074378953239,-0.056910369270875,0.0457694438918855,TRUE,,7.58882799169254e-15,TRUE,secondary_exploratory,all_eligible_drugs,Expectorant and demulcent cough preparations,7.19264838400822e-140,TRUE,TRUE,5.24067181502509e-15,TRUE
1201010Q0,1.93512719369191,1.4616202713109,3.27650605959101,Dec,Apr,0.260859746581867,0.120354802931069,1,0.0358626762314017,0.318712576188604,0.817551478265725,3465.80143177306,3211.71936616035,"unimodal, non-sinusoidal (2 harmonics, 1 peak)",120101,Hydrocortisone,3.5929377583494e-05,poisson,HAC-Wald,70.7632357816507,1.88102016726287e-08,0,0.65590742423663,FALSE,,-0.1268548601399,0.227937824517218,0.0625307164324131,0.102835733531811,TRUE,,0.000174105541125986,TRUE,secondary_exploratory,all_eligible_drugs,Otitis externa,4.03048405132221e-10,TRUE,TRUE,0.000125752821542229,TRUE
1310040M0,1.89113116278628,1.46420230633981,3.49784334115311,Mar,Jul,0.275578861731504,0.113211543364848,1,0.365240535190765,0.20339242566648,0.494944738222995,8296.6199343896,7619.5849320224,"unimodal, non-sinusoidal (2 harmonics, 1 peak)",131004,Malathion,6.79068694664679e-11,poisson,HAC-Wald,162.67381580075,5.38047408781866e-05,2.11168644020932e-05,7.97930778539486,FALSE,,0.269726676203636,0.0564909654490901,-0.018672631567451,-0.111661033406453,TRUE,,5.42141728363441e-10,TRUE,secondary_exploratory,all_eligible_drugs,Parasiticidal preparations,6.7990072351079e-32,TRUE,TRUE,3.75485042932234e-10,TRUE
0902011U0,1.86116077009494,1.74625750976548,2.00551016644721,Aug,Dec,0.304061325017784,0.08919836029989,1,0.893058153402801,0.893996842910701,0.182314824426378,810.244672562781,787.814970397536,"unimodal, non-sinusoidal (2 harmonics, 1 peak)",090201,Potassium chloride,8.9164863077814e-24,negbin,NB-LRT,79.5062776130503,0.000111194121673392,0.596353246814406,,,191.910306077495,-0.209338019205106,-0.220524109989935,0.0861849402520641,-0.0229892051610565,TRUE,,1.47197587521679e-22,TRUE,secondary_exploratory,all_eligible_drugs,Oral preparation for fluid and electrolyte imbalance,8.65885960246975e-07,TRUE,TRUE,1.01155999836555e-22,TRUE
0604012P0,1.84746238153309,1.73816936479741,1.96005843648054,Jul,Dec,0.298811972161984,0.0547651974465175,1,0.897891808866414,0.900381845618208,0.165589671785535,886.537563783,877.441064715793,"unimodal, non-sinusoidal (2 harmonics, 1 peak)",060401,Norethisterone,6.89893882056424e-24,negbin,NB-LRT,175.801678947839,3.55180490432108e-05,0.252480230600921,,,211.909083864362,-0.0865314351689742,-0.286008575806622,0.0521687316362342,0.0166628416190826,TRUE,,1.15854593297061e-22,TRUE,secondary_exploratory,all_eligible_drugs,Female sex hormones and their modulators,0.000113754559464022,TRUE,TRUE,7.96403814724784e-23,TRUE
1104020Z0,1.81976194286327,1.73977258918965,1.94010126494424,Jun,Jan,0.292306867807508,0.0900860849292107,1,0.964090674390505,0.946179417394811,0.818097547529257,12506.490092911,8382.44677744011,"unimodal, non-sinusoidal (2 harmonics, 1 peak)",110402,Olopatadine,5.85126556504207e-141,poisson,HAC-Wald,201.548104800186,0.00580911868420912,9.00358638963317e-05,0.742087613685083,FALSE,,0.0132974377371627,-0.292004251881821,-0.0189772477507055,0.0880645602139777,TRUE,,4.74927721695915e-139,TRUE,secondary_exploratory,all_eligible_drugs,Other anti-inflammatory preparations,7.18501992677657e-144,TRUE,TRUE,3.20844395149807e-139,TRUE
0501030I0,1.81544528773067,1.61035122473338,2.07366666764952,Dec,Aug,0.267342017549728,0.0793744304834518,1,0.87129628455532,0.837918005490501,0.427374377189846,170113.383176675,121165.605718429,"unimodal, non-sinusoidal (2 harmonics, 1 peak)",050103,Doxycycline hyclate,1.02438412209372e-94,poisson,HAC-Wald,3106.20464441934,0.00554402934563213,0.00782245939260984,3.22981163853156,FALSE,,0.137177859647633,0.229464570620507,-0.021735953463202,0.0763403467480849,TRUE,,5.86911844070169e-93,TRUE,secondary_exploratory,all_eligible_drugs,Tetracyclines,3.22372888099791e-88,TRUE,TRUE,3.96496913139806e-93,TRUE
1203010M0,1.78792468071736,1.57086705401719,2.1699237199048,May,Dec,0.27724818430721,0.0684352249942131,1,0.168749413630387,0.381101793728076,0.959126938666381,1190.5181192941,1124.17870699805,"unimodal, non-sinusoidal (2 harmonics, 1 peak)",120301,Hydrocortisone (Sodium succinate),2.28732458210846e-12,poisson,HAC-Wald,18.3329207774224,4.05600054943717e-07,0.00685415897262087,2.46309526110458,FALSE,,0.0735847292422141,-0.26730477609649,-0.0649490906424733,0.0215637576670753,TRUE,,1.97155233891472e-11,TRUE,secondary_exploratory,all_eligible_drugs,Drugs for oral ulceration and inflammation,2.42048686581937e-22,TRUE,TRUE,1.35590952705168e-11,TRUE
1404000AD,1.74786073215499,1.33593448090402,3.07165970016529,Sep,Mar,0.279405540790871,0.010316045139903,1,-0.207117812075484,0,0.927010617356697,10518.0442595631,10518.6442133962,unimodal (1 harmonic preferred),140400,Hepatitis A/typhoid vaccine,0.00522243001784648,poisson,HAC-Wald,269.861436479429,0.000145006827828259,6.99440505513849e-15,1.67543898860401,FALSE,,-0.279196300689547,-0.010811193547034,-0.0077494289818006,-0.00680934194945037,TRUE,,0.0158957713668202,TRUE,secondary_exploratory,all_eligible_drugs,Vaccines and antisera,5.01709265504371e-74,TRUE,TRUE,0.0120573998306771,TRUE
1201010F0,1.74428766157187,1.37060615473281,2.45350781188508,Oct,Apr,0.278180253580607,0.0396887340237283,1,0.582556145938682,0.412005759467045,0.852782188516178,2077.77146834099,2040.89545524044,"unimodal, non-sinusoidal (2 harmonics, 1 peak)",120101,Flumetasone pivalate,0.000906080870570089,poisson,HAC-Wald,38.3633725919846,2.84224082507863e-08,0.014609216416414,3.29742112566046,FALSE,,-0.241900547205089,0.137362217309016,0.0226453801283515,0.032594207572032,TRUE,,0.00339431833821256,TRUE,secondary_exploratory,all_eligible_drugs,Otitis externa,4.03048405132221e-10,TRUE,TRUE,0.00249456574407999,TRUE
1404000E0,1.70810558768362,1.31980802981835,2.7383873292712,Jun,Feb,0.234805422848993,0.0828729695807342,1,0.411529956257574,0.195497371223222,0.522110101708174,1607.75886793757,1543.41691786347,"unimodal, non-sinusoidal (2 harmonics, 1 peak)",140400,Cholera,0.00281382231554284,poisson,HAC-Wald,27.186835971243,1.32045450678751e-07,1.5492151723806e-05,2.06454677405704,FALSE,,-0.157337315596728,-0.174294451202872,-0.0194571494138439,0.0805564921270574,TRUE,,0.00948326275203713,TRUE,secondary_exploratory,all_eligible_drugs,Vaccines and antisera,5.01709265504371e-74,TRUE,TRUE,0.00706579513451305,TRUE
1104020M0,1.69792013364627,1.58229886387532,1.84558659601667,Jun,Jan,0.26387389331575,0.0649708970726936,1,0.931081113916442,0.909558577015845,0.61542445474792,877.98722605633,772.704668296455,"unimodal, non-sinusoidal (2 harmonics, 1 peak)",110402,Lodoxamide trometamol,1.39997705830991e-58,poisson,HAC-Wald,8.63538368437668,0.0352156000189009,0.033473603576772,2.84594231529045,FALSE,,0.0236073956448888,-0.262815757603073,-0.0237224655403174,0.0604852221217629,TRUE,,5.68157356164105e-57,TRUE,secondary_exploratory,all_eligible_drugs,Other anti-inflammatory preparations,7.18501992677657e-144,TRUE,TRUE,3.83827043486633e-57,TRUE
1103010C0,1.67918159679519,1.47108951618974,1.9421589431824,Feb,Sep,0.242123047524825,0.0549418410651589,1,0.908630292646432,0.802675318437992,0.590889783288209,28452.7947105395,22906.3958767639,"unimodal, non-sinusoidal (2 harmonics, 1 peak)",110301,Chloramphenicol,2.08144334881333e-14,poisson,HAC-Wald,561.219187547835,2.04135332402561e-07,2.33118579995306e-09,1.8058249418702,FALSE,,0.237344282463257,0.0478671257201652,0.0541788728446998,0.00912445269082101,TRUE,,2.13402718078335e-13,TRUE,secondary_exploratory,all_eligible_drugs,Antibacterials,9.40936355817698e-11,TRUE,TRUE,1.47267712206362e-13,TRUE
1202010A0,1.66821179277442,1.54066822959971,1.85116293884941,Jun,Feb,0.22613499129074,0.113251359890364,2,0.918011036010866,0.867798977281742,0.0887326757942968,4082.66247609671,2610.27934424499,"bimodal (2 harmonics, 2 peaks)",120201,Azelastine hydrochloride,6.87749334087586e-51,poisson,HAC-Wald,54.6250609002863,0.00873982721639265,0.0264245504516594,0.344949784864583,FALSE,,0.0195820783991441,-0.225285544346797,-0.0322726514519714,0.108555729859258,TRUE,,2.48099204222707e-49,TRUE,secondary_exploratory,all_eligible_drugs,Drugs used in nasal allergy,4.93335033400967e-52,TRUE,TRUE,1.67607059936901e-49,TRUE
0505060I0,1.66286854379828,1.54164278860944,1.93622169935406,Jan,Aug,0.257024299116947,0.0366061978954039,1,0.45631479672964,0.357383650660079,0.977280726910339,1380.62164054921,1315.4739772202,"unimodal, non-sinusoidal (2 harmonics, 1 peak)",050506,Ivermectin,8.95542925086484e-61,poisson,HAC-Wald,22.3831669442745,7.0841066054369e-10,0.0402378723035992,1.10018397417083,FALSE,,0.165859647837377,0.196346804292352,-0.0339212382997131,0.0137609344367144,TRUE,,3.79242960449667e-59,TRUE,secondary_exploratory,all_eligible_drugs,Filaricides,1.97019443519026e-59,TRUE,TRUE,2.56203149872568e-59,TRUE
0501011P0,1.64021857626053,1.43349284946524,1.96003418663333,Jan,Aug,0.217620583214979,0.0758545011664986,1,0.761592839942653,0.755138354495086,0.736390559996595,183012.78302368,153623.637402109,"unimodal, non-sinusoidal (2 harmonics, 1 peak)",050101,Phenoxymethylpenicillin (Penicillin V),9.0389961381055e-13,poisson,HAC-Wald,4017.14336056287,0.0110818772645712,0.00137757660198545,1.35805981636052,FALSE,,0.165952917853094,0.140777651972434,-0.00201396620974264,0.0758277606640494,TRUE,,8.22802078365865e-12,TRUE,secondary_exploratory,all_eligible_drugs,Penicillins,5.41228415339323e-21,TRUE,TRUE,5.66443757987944e-12,TRUE
1103010H0,1.61941894377403,1.2587394664903,2.18708554868647,Feb,Oct,0.214377131177465,0.0641976447237989,1,0.400357763300447,0.478665107597565,0.724433055403593,5391.4986899638,4780.68473198327,"unimodal, non-sinusoidal (2 harmonics, 1 peak)",110301,Fusidic acid,0.00275117835200077,poisson,HAC-Wald,107.247608041796,1.39311793144942e-08,0,2.77924759343129,FALSE,,0.214341684953762,-0.00389826410882763,0.0639800629505963,-0.00528101627727497,TRUE,,0.00933675161968205,TRUE,secondary_exploratory,all_eligible_drugs,Antibacterials,9.40936355817698e-11,TRUE,TRUE,0.00696259752160194,TRUE
0406000U0,1.61040766071443,1.25410834160054,2.1642293482512,Aug,Jan,0.232061483846046,0.0331912561352956,1,-0.0189719938043276,0.251021746442994,0.973212501100247,700.178023103021,696.130710753273,"unimodal, non-sinusoidal (2 harmonics, 1 peak)",040600,Prochlorperazine mesilate,0.000226987478784426,poisson,HAC-Wald,8.49851056495375,2.87820401877185e-06,5.5402432729279e-06,1.59572453186026,FALSE,,-0.141560520279542,-0.183883526676573,-0.00908913697911744,-0.0319225167055111,TRUE,,0.000995882001513652,TRUE,secondary_exploratory,all_eligible_drugs,Drugs used in nausea and vertigo,4.48078666131178e-09,TRUE,TRUE,0.000721535077488658,TRUE
0604012M0,1.58316622590952,1.32002030824055,1.97155238330206,Jul,Nov,0.209325083244401,0.0691467744165606,1,0.767141414423948,0.572830251816811,0.581183099133165,12988.5352126687,10668.1476047285,"unimodal, non-sinusoidal (2 harmonics, 1 peak)",060401,Medroxyprogesterone acetate,5.50700498055242e-12,poisson,HAC-Wald,256.434384260073,6.74438798995385e-05,0.0385420807030801,7.59908561277549,FALSE,,-0.0638215115960221,-0.19935848397516,0.0658916924458001,0.0209657167500377,TRUE,,4.62398521642936e-11,TRUE,secondary_exploratory,all_eligible_drugs,Female sex hormones and their modulators,0.000113754559464022,TRUE,TRUE,3.20673387363141e-11,TRUE
0304030C0,1.58279395998328,1.42419605814359,1.80141814808894,Aug,Dec,0.192599651133891,0.0902207611613762,2,0.784156029406412,0.827574386120438,0.318738352146653,26126.4660070809,19381.9007867442,"bimodal (2 harmonics, 2 peaks)",030403,Adrenaline,1.23447516567382e-18,poisson,HAC-Wald,478.251178230009,1.03839740291834e-06,0.00374980705576389,2.10188747884797,FALSE,,-0.0254691320459816,-0.190908221220881,0.0229873733019214,-0.087243145365216,TRUE,,1.54151129662346e-17,TRUE,secondary_exploratory,all_eligible_drugs,Allergic emergencies,8.72335370101998e-18,TRUE,TRUE,1.06879560396497e-17,TRUE
0310000N0,1.55189008674037,1.43225439902614,1.71097432305069,Dec,Jul,0.210169929506697,0.0368867039333173,1,0.686590786144027,0.713365676784795,0.860919383885778,618.290313816931,619.185206050981,unimodal (1 harmonic preferred),031000,Pseudoephedrine hydrochloride,1.03558461175258e-11,negbin,NB-LRT,18.0080372465305,0.00619135451406644,0.0504633579158179,,,110.066037318863,0.071619952743326,0.197590439135839,-0.0243813698675021,0.0276799156510324,TRUE,,8.47612951131942e-11,TRUE,secondary_exploratory,all_eligible_drugs,Systemic nasal decongestants,7.51632472383658e-11,TRUE,TRUE,5.874264435631e-11,TRUE
1104020Y0,1.52398730071422,1.43526660293337,1.64463614669364,Jun,Jan,0.198700363775421,0.0633216241613315,1,0.943007411189205,0.892643756157258,0.947198815696909,1187.61127941523,945.993853067789,"unimodal, non-sinusoidal (2 harmonics, 1 peak)",110402,Ketotifen fumarate,6.39050043590614e-56,poisson,HAC-Wald,11.9981087454237,0.00804266018885561,0.032740096027276,3.60317819665095,FALSE,,-0.0150931184975335,-0.198126304004551,-0.0154376059309534,0.0614109795521087,TRUE,,2.39397977868176e-54,TRUE,secondary_exploratory,all_eligible_drugs,Other anti-inflammatory preparations,7.18501992677657e-144,TRUE,TRUE,1.61728818724086e-54,TRUE
1306030A0,1.51860599275757,1.42655516459379,1.82708175974533,Apr,Dec,0.20230121821421,0.0738025443035868,2,0.682175573225544,0.471707439705318,0.661076458624248,1586.72431401182,1404.94617005771,"bimodal (2 harmonics, 2 peaks)",130603,Brimonidine tart (Rosacea),6.47057004403003e-23,poisson,HAC-Wald,21.3599603771293,0.00680603888638034,0.0179399260665615,1.20717094972801,FALSE,,0.145981699823683,-0.140054011750972,-0.0727930766979399,-0.012164848150747,TRUE,,1.03316970866971e-21,TRUE,secondary_exploratory,all_eligible_drugs,Topical preparation for rosacea,2.45879982359496e-118,TRUE,TRUE,7.0960584816196e-22,TRUE
1310040Q0,1.51532820870181,1.42035915922398,1.64597065724663,Nov,Jul,0.197696144634861,0.0505220002269947,1,0.791364881133267,0.858505211041376,0.9696838733883,845.554195152567,840.655423117743,"unimodal, non-sinusoidal (2 harmonics, 1 peak)",131004,Permethrin,2.52505657893346e-14,negbin,NB-LRT,132.079402530685,8.27327628300805e-06,0.274839515666872,,,162.407041900459,0.0177957635844684,0.196893566177094,-0.0430717126064554,-0.0264064401251544,TRUE,,2.5507297122838e-13,TRUE,secondary_exploratory,all_eligible_drugs,Parasiticidal preparations,6.7990072351079e-32,TRUE,TRUE,1.75946044111343e-13,TRUE
0501050B0,1.50516219368538,1.3399885539312,1.71594486394282,Dec,Aug,0.178289127152631,0.0618131123473135,1,0.735576057095747,0.762041849697887,0.604133738233025,87608.3260721997,73116.3262756391,"unimodal, non-sinusoidal (2 harmonics, 1 peak)",050105,Clarithromycin,1.12852984682132e-16,poisson,HAC-Wald,1880.84710119418,0.0107641014524753,4.36208213439038e-07,2.00000544477471,FALSE,,0.0983823072269641,0.148687371641125,-0.010835848041096,0.0608559385375978,TRUE,,1.33014658893284e-15,TRUE,secondary_exploratory,all_eligible_drugs,Macrolides,6.83004773135963e-17,TRUE,TRUE,9.20787712728192e-16,TRUE
1404000AL,1.49641626740184,1.25678512872199,1.92478814848498,Oct,Jun,0.149154517337569,0.0952506612210006,2,0.0519084998081248,0.176465103531407,0.616784225711884,596.252531708879,596.184364764286,"bimodal (2 harmonics, 2 peaks)",140400,Shingles (H/Z),0.0154387877824263,negbin,NB-LRT,32.3799193973342,3.08608177064991e-05,0.4820397867631,,,20.3049875466836,-0.0601715555559486,0.136478767374931,-0.0803961389459828,-0.0510798326702043,TRUE,,0.0399930300534129,TRUE,secondary_exploratory,all_eligible_drugs,Vaccines and antisera,5.01709265504371e-74,TRUE,TRUE,0.0309717145147455,TRUE
0309010C0,1.48499629877116,1.42431218237865,1.55823013425102,Dec,Aug,0.183974148313299,0.0458301198355889,1,0.814050316481925,0.872155072290104,0.863796453625356,2384.12927966706,2013.99732461682,"unimodal, non-sinusoidal (2 harmonics, 1 peak)",030901,Codeine phosphate,4.35814978203385e-83,poisson,HAC-Wald,37.2688642714311,2.41018981359895e-07,2.88294721428883e-10,6.12630798874486,FALSE,,0.0853468430617117,0.162979764470941,-0.0126507011607528,0.0440495135533386,TRUE,,2.35824327094499e-81,TRUE,secondary_exploratory,all_eligible_drugs,Cough suppressants,1.81028868884518e-49,TRUE,TRUE,1.59314586476571e-81,TRUE
0304010E0,1.47189882731741,1.42702135420999,1.52462472977824,Jun,Jan,0.186444647033353,0.0515075637848209,1,0.949887163972326,0.924823052114334,0.894563002456668,81475.0747626335,50740.009682226,"unimodal, non-sinusoidal (2 harmonics, 1 peak)",030401,Fexofenadine hydrochloride,2.20254826487391e-137,poisson,HAC-Wald,1277.27239361459,0.00618095443471032,0.0142446228542683,1.93720572336469,FALSE,,-0.0106978024261641,-0.186137485291498,-0.00992585944298848,0.0505421254140092,TRUE,,1.53234429284799e-135,TRUE,secondary_exploratory,all_eligible_drugs,Antihistamines,1.95040709693529e-226,TRUE,TRUE,1.03519768449074e-135,TRUE
1201010H0,1.45778498441754,1.22619315688607,2.19369308030184,Feb,Jun,0.154312009675839,0.0767758525271008,2,0.219160920213814,0.0645292366356074,0.112465214983217,600.429192151799,584.701187668436,"bimodal (2 harmonics, 2 peaks)",120101,Chloramphenicol,0.00465147723101506,poisson,HAC-Wald,5.52042499815323,0.00140029482756922,0.0001385582446356,2.58833592247583,FALSE,,0.103982242494408,0.114017058267744,0.0660916437192821,-0.0390695042423963,TRUE,,0.0144745649297401,TRUE,secondary_exploratory,all_eligible_drugs,Otitis externa,4.03048405132221e-10,TRUE,TRUE,0.0109309714928854,TRUE
1202030S0,1.44369854868304,1.36912378145316,1.5691308871879,May,Sep,0.178378378992397,0.0578119740933589,1,0.808245089074345,0.857730258427228,0.468112705096154,11910.2370053117,9148.18936732917,"unimodal, non-sinusoidal (2 harmonics, 1 peak)",120203,Neomycin sulfate,8.91480268554495e-37,poisson,HAC-Wald,214.31251654631,3.87857345005248e-06,0.0162640359195639,1.16347994587971,FALSE,,0.171729704795586,-0.0482468090424209,0.017248506097863,0.0551789215730353,TRUE,,2.34676157181643e-35,TRUE,secondary_exploratory,all_eligible_drugs,Nasal preparations for infection,1.53124033203395e-34,TRUE,TRUE,1.58538923434826e-35,TRUE
1203010E0,1.44057171863052,1.32520484693856,1.57973383073502,Dec,Aug,0.154425569760691,0.0564571744856538,1,0.81276514106751,0.780305065468224,0.191450328994682,17217.8124683193,13780.6256368437,"unimodal, non-sinusoidal (2 harmonics, 1 peak)",120301,Benzydamine hydrochloride,3.64281684798431e-23,poisson,HAC-Wald,329.28199828342,1.19765386826118e-06,0.00160492343945484,1.81510160724685,FALSE,,0.0812712029975483,0.131309741296087,-0.0303466614456034,0.0476076957015301,TRUE,,5.9135060165612e-22,TRUE,secondary_exploratory,all_eligible_drugs,Drugs for oral ulceration and inflammation,2.42048686581937e-22,TRUE,TRUE,4.06266692537912e-22,TRUE
1003020AA,1.43857236888498,1.26092561898959,1.90970159223361,Nov,Aug,0.0401649357433718,0.159167359980557,2,-0.165619568392427,0.0311826513399488,0.96204586235116,17117.012635493,12359.5121997802,"bimodal (2 harmonics, 2 peaks)",100302,Capsaicin,0.0111446172130627,poisson,HAC-Wald,289.047989046919,1.28299079517406e-10,3.49439255309392e-09,3.71330304394783,FALSE,,-0.000496294741197005,0.0401618694136496,-0.114627616360084,0.110429878433266,TRUE,,0.0303208300712934,TRUE,secondary_exploratory,all_eligible_drugs,"Rubefacients, topical NSAIDs, capsaicin and poultices",1.55919199584476e-59,TRUE,TRUE,0.0233540067713224,TRUE
0102000Y0,1.43555837509429,1.14509908955615,1.97331929579828,Aug,Jan,0.171577887382891,0.0314538399159334,1,0.390275215815671,0.320697847041514,0.411370222047387,6459.9949679883,6339.11242227546,"unimodal, non-sinusoidal (2 harmonics, 1 peak)",010200,Propantheline bromide,0.0127275065368679,poisson,HAC-Wald,139.887576118131,3.43828178969097e-07,0,5.52965978208836,FALSE,,-0.118958687724484,-0.123643851661313,0.00895329807261289,-0.0301526532676664,TRUE,,0.0339632640189297,TRUE,secondary_exploratory,all_eligible_drugs,Antispasmodics and other drugs altering gut motility,0.0936735611860228,FALSE,FALSE,,FALSE
120101040,1.42097499705763,1.21509642803825,2.00139674622465,Jan,May,0.157311172105969,0.0456908346593619,1,-0.027426793045658,0.0301781187871131,0.475667524888764,25925.6371555197,25723.3759338246,"unimodal, non-sinusoidal (2 harmonics, 1 peak)",120101,Dexamethasone sodium metasulphobenzoate,0.0151016236504812,poisson,HAC-Wald,543.299158256036,9.87114188880718e-09,0,2.33402691149558,FALSE,,-0.00685081111667113,0.15716192686652,0.0456861952035755,-0.000651106511978173,TRUE,,0.0392239504948498,TRUE,secondary_exploratory,all_eligible_drugs,Otitis externa,4.03048405132221e-10,TRUE,TRUE,0.0303879766422526,TRUE
0601021X0,1.41677348874426,1.18915551561215,2.3134675647232,Mar,Jul,0.122738841764841,0.0880642883125428,2,-0.0228649109722533,0.102955742482383,0.931132279784561,862.7636957295,810.838944174458,"bimodal (2 harmonics, 2 peaks)",060102,Tolbutamide,0.0192113562576347,poisson,HAC-Wald,11.3608508804363,2.13393772058413e-05,2.45137243837235e-13,0.578941702347111,FALSE,,0.120204713143601,0.0248122996886469,-0.0634005057635343,-0.0611203300459242,TRUE,,0.048351062002419,TRUE,secondary_exploratory,all_eligible_drugs,Antidiabetic drugs,0.870182495394554,FALSE,FALSE,,FALSE
1202010T0,1.41664782837255,1.25959977818752,1.94476840054744,Jun,Nov,0.173820179156104,0.0239954568754784,1,0.315068101554387,0.507343710351321,0.796135856267267,2992.18716134576,2953.00212333249,"unimodal, non-sinusoidal (2 harmonics, 1 peak)",120201,Triamcinolone acetonide,5.39178717471451e-10,poisson,HAC-Wald,60.7590695457444,3.23999297818619e-11,0,1.89700033356381,FALSE,,0.00152079796574219,-0.173813526100265,0.0231629894573366,0.00626561011093556,TRUE,,4.00885550242132e-09,TRUE,secondary_exploratory,all_eligible_drugs,Drugs used in nasal allergy,4.93335033400967e-52,TRUE,TRUE,2.81571108012869e-09,TRUE
1202010Z0,1.4061038415845,1.29319815338818,1.64544384744303,May,Jan,0.163009710795219,0.0672083924256647,2,0.564412803371453,0.209860959206826,0.955741884230551,683.695656774239,682.334809048059,"bimodal (2 harmonics, 2 peaks)",120201,Mometasone furoate/olopatadine hydrochloride,1.36074313298495e-05,negbin,NB-LRT,15.1595975240746,0.00011985320176346,0.144100822680776,,,58.2971522958572,0.0351186447403749,-0.159181803624473,-0.0375922431912343,0.0557116797834462,TRUE,,6.90293651837158e-05,TRUE,secondary_exploratory,all_eligible_drugs,Drugs used in nasal allergy,4.93335033400967e-52,TRUE,TRUE,5.00206134918491e-05,TRUE
0304020AB,1.39305549512547,1.32462281917934,1.48500910692797,May,Nov,0.165789527323272,0.0263872154837675,1,0.728931940722153,0.779273223638506,0.958504246297445,401.377977689344,401.903066446502,unimodal (1 harmonic preferred),030402,Timothy grass pollen allergen extract,4.33369289302951e-30,poisson,Poisson-LRT,1.0567916644797,0.754289688035171,0.101219131923712,,,,0.0860192049489923,-0.14172813323408,-0.0234858988383533,0.012029035569879,TRUE,,9.8163183204901e-29,TRUE,secondary_exploratory,all_eligible_drugs,Allergen immunotherapy,1.06312758467361e-23,TRUE,TRUE,6.63155796189167e-29,TRUE
1312000C0,1.39223244063038,1.34747771747718,1.45868809352102,Jul,Dec,0.163375488543625,0.0240437822130643,1,0.851592740985474,0.861269199877151,0.0127776429089123,1244.55710347956,1197.75563253404,"unimodal, non-sinusoidal (2 harmonics, 1 peak)",131200,Aluminium chloride,8.8664960625009e-79,poisson,HAC-Wald,17.6147424597074,0.000118368030840074,0.0144553889762442,3.10086996019105,FALSE,,-0.0771942147767895,-0.143988205981821,0.018228576703954,-0.015678726174576,TRUE,,4.31798358243794e-77,TRUE,secondary_exploratory,all_eligible_drugs,Antiperspirants,2.92087891177799e-80,TRUE,TRUE,2.9170772045628e-77,TRUE
1307000M0,1.3916484469395,1.31267340688866,1.48373374733803,Aug,Dec,0.147253317918989,0.0436449232808067,1,0.884469037868867,0.890652050949104,0.44027460268803,2222.66229140596,1930.56946849436,"unimodal, non-sinusoidal (2 harmonics, 1 peak)",130700,Salicylic acid,1.43851342811945e-27,poisson,HAC-Wald,34.6606998668908,6.26160933153201e-06,9.6124039054013e-06,1.14932708163983,FALSE,,-0.0696712876184364,-0.129728375152624,0.022977070946782,-0.0371070551094269,TRUE,,3.0458958238877e-26,TRUE,secondary_exploratory,all_eligible_drugs,Preparations for warts and calluses,8.58535976194372e-32,TRUE,TRUE,2.05769964283173e-26,TRUE
1202020P0,1.38781159888607,1.32261428589032,1.45952250186229,Jan,Aug,0.152562767317296,0.0365436192632715,1,0.898833853092956,0.927250707843864,0.816741705255961,869.753499240592,801.439059498223,"unimodal, non-sinusoidal (2 harmonics, 1 peak)",120202,Xylometazoline hydrochloride,6.95296768132128e-50,poisson,HAC-Wald,8.13704797373256,5.45464190132857e-08,1.07802655691103e-13,2.09706037995731,FALSE,,0.113896912437877,0.101503159106651,-0.0146326359553367,0.0334861474920233,TRUE,,2.33523811089894e-48,TRUE,secondary_exploratory,all_eligible_drugs,Topical nasal decongestants,0.00140116339488567,TRUE,TRUE,1.57760439114117e-48,TRUE
0304010A0,1.38401597455813,1.35491917500182,1.41437715081656,Jun,Jan,0.158720219497672,0.0379969039053324,1,0.946740385521048,0.933177684190589,0.812469222641267,786.246912171211,667.491069319256,"unimodal, non-sinusoidal (2 harmonics, 1 peak)",030401,Acrivastine,4.13990259631736e-279,poisson,HAC-Wald,4.29286359855049,0.00627946133848839,0.0373517046378433,1.60225994579151,FALSE,,-0.0152691429084047,-0.157984054107469,-0.00424101720530431,0.0377594819807605,TRUE,,1.34408837627104e-276,TRUE,secondary_exploratory,all_eligible_drugs,Antihistamines,1.95040709693529e-226,TRUE,TRUE,9.08018636125608e-277,TRUE
0304010AB,1.36491521153079,1.32960221797877,1.40223009981465,Jun,Jan,0.152662278589199,0.0331453740632835,1,0.934707319410426,0.914078289880405,0.83474268077181,749.749303392484,731.390568795614,"unimodal, non-sinusoidal (2 harmonics, 1 peak)",030401,Desloratadine,6.96444935059886e-27,negbin,NB-LRT,16.2357302717792,0.00574468385888056,0.0573341361769677,,,1196.73142923429,0.00403002965634457,-0.152609076286488,-0.0159400828430291,0.029060791123993,TRUE,,1.35667473349666e-25,TRUE,secondary_exploratory,all_eligible_drugs,Antihistamines,1.95040709693529e-226,TRUE,TRUE,9.1652153453881e-26,TRUE
0603020T0,1.35949926564298,1.28978840027571,1.43134391481862,Dec,Aug,0.126139743324346,0.0533142850638482,1,0.85035255969055,0.843214762288161,0.61190154116544,91621.5516694718,55699.8845050387,"unimodal, non-sinusoidal (2 harmonics, 1 peak)",060302,Prednisolone,1.38911506245793e-45,poisson,HAC-Wald,1382.19143432252,0.000321197581341116,0.0101113581554407,1.90169860423529,FALSE,,0.0432370492951719,0.118498069242409,-0.02214779734869,0.0484962685623402,TRUE,,4.22811897135631e-44,TRUE,secondary_exploratory,all_eligible_drugs,Glucocorticoid therapy,7.99962161406946e-42,TRUE,TRUE,2.85636784717911e-44,TRUE
1308010W0,1.35279399531862,1.30874132552065,1.41898008843538,Aug,Jan,0.150743656035813,0.0184939172840403,1,0.838561996768943,0.861834207087061,0.798891925253513,2947.01318967323,2857.21123237961,"unimodal, non-sinusoidal (2 harmonics, 1 peak)",130801,Diclofenac sodium,2.93927248918348e-57,poisson,HAC-Wald,57.3090185917787,5.73897711753591e-08,0.000506100869706372,7.751899755682,FALSE,,-0.0824555765572365,-0.126193215862253,-0.00691489163739745,-0.0171525289724861,TRUE,,1.14514056178588e-55,TRUE,secondary_exploratory,all_eligible_drugs,Sunscreening preparations,3.30769565126227e-31,TRUE,TRUE,7.73616519153091e-56,TRUE
1103010G0,1.34868405209217,1.29344195351998,1.40987829642347,Sep,May,0.108897350253928,0.0642528101437785,2,0.835615823309466,0.832254205123892,0.949054719482779,970.253031421901,748.909556858862,"bimodal (2 harmonics, 2 peaks)",110301,Gentamicin sulfate,5.33249362009789e-43,poisson,HAC-Wald,6.78848648203061,5.53282571849454e-06,0.0223380191743794,6.13529494883482,FALSE,,-0.0957837389538611,0.0518083800590727,0.038167088962557,-0.0516884603320385,TRUE,,1.52760258411039e-41,TRUE,secondary_exploratory,all_eligible_drugs,Antibacterials,9.40936355817698e-11,TRUE,TRUE,1.03199435353659e-41,TRUE
0603020M0,1.34681776763808,1.22485775003966,2.18424224059659,Jul,Dec,0.134242339630211,0.0431523127907555,1,0.394904889245904,0.526162128103604,0.905708218588683,910.284232388277,870.014762423673,"unimodal, non-sinusoidal (2 harmonics, 1 peak)",060302,Hydrocortisone sodium succinate,0.000188351930758061,poisson,HAC-Wald,10.8485099175879,6.06088234241483e-08,0.00452548738710545,2.28463848812936,FALSE,,-0.0102651378663333,-0.133849290973013,0.03453874980466,-0.0258688395781933,TRUE,,0.000841535690634641,TRUE,secondary_exploratory,all_eligible_drugs,Glucocorticoid therapy,7.99962161406946e-42,TRUE,TRUE,0.000610520051422682,TRUE
0106050B0,1.34407352353205,1.1981429651683,1.59821632493039,Dec,Sep,0.041665078666821,0.124581819030614,2,0.0182677608121569,0,0.676676921211987,480.465659918174,470.864767441106,"bimodal (2 harmonics, 2 peaks)",010605,Bowel cleansing solutions,0.00485324800835574,negbin,NB-LRT,5.11177651593606,0.00209000224869438,0.911904762498036,,,58.0192993580612,0.00650537997987533,0.041154086208174,-0.0117893879021275,0.124022739712803,TRUE,,0.0149590618991724,TRUE,secondary_exploratory,all_eligible_drugs,Bowel cleansing preparations,0.169064721999555,FALSE,FALSE,,FALSE
0106060C0,1.33548477353676,1.25031758137551,1.60812667983786,Jun,Jan,0.140112757313032,0.019020037216709,1,0.376153101883332,0.208993989458366,0.968229247470685,800.221671270559,798.498645347892,"unimodal, non-sinusoidal (2 harmonics, 1 peak)",010606,Naldemedine,2.77176756387868e-21,poisson,HAC-Wald,10.4091580033874,0.000956409385004451,6.63517654375667e-07,1.94104761136519,FALSE,,-0.0405142659871459,-0.134127473000066,-0.0178307543508921,0.00662012197796523,TRUE,,4.09045698063308e-20,TRUE,secondary_exploratory,all_eligible_drugs,Peripheral opioid-receptor antagonists,0.377717910393493,FALSE,FALSE,,FALSE
1201010AE,1.33514754708624,1.2570371108576,1.99162693239325,Sep,May,0.12666649524013,0.0445398072354976,1,0.68222694678574,0.673193649872164,0.955908655525185,4564.62127463924,3874.45592616297,"unimodal, non-sinusoidal (2 harmonics, 1 peak)",120101,Ciprofloxain/dexameth,1.92936399958301e-19,poisson,HAC-Wald,82.6241815249753,1.46905619524553e-06,4.41659531169591e-09,1.5628784729426,FALSE,,-0.095745060254458,0.0829293943863579,0.0327984364315664,-0.0301339840747914,TRUE,,2.61000074388035e-18,TRUE,secondary_exploratory,all_eligible_drugs,Otitis externa,4.03048405132221e-10,TRUE,TRUE,1.81360215960803e-18,TRUE
1310012K0,1.32880930550705,1.30050720604468,1.36354953850633,Apr,Nov,0.135197198682411,0.0432749095017029,1,0.888614827847104,0.924759019600794,0.514004677077836,2935.30447280228,1956.4755519232,"unimodal, non-sinusoidal (2 harmonics, 1 peak)",131001,Metronidazole,1.2380403280321e-162,poisson,HAC-Wald,34.0822940697302,3.00711982014827e-07,0.0102448511252248,2.17835944319528,FALSE,,0.113637240466281,-0.0732452053774172,-0.0321229698206204,-0.0289971136888499,TRUE,,1.50731409937908e-160,TRUE,secondary_exploratory,all_eligible_drugs,Antibacterial preparations,0.0117193096799549,TRUE,TRUE,1.0182881698064e-160,TRUE
1310040V0,1.32199113497652,1.20782527407937,1.49405425314568,Oct,May,0.131781203457982,0.0261778496483655,1,0.422025699427628,0.510962747222433,0.619518025990247,509.936038074455,512.809960591949,unimodal (1 harmonic preferred),131004,Dimeticone (Parasiticidal),0.000131832967090549,negbin,NB-LRT,6.44760867470258,0.000250683024496827,0.189658280293672,,,88.3396744812112,-0.0825705848847882,0.102705326525054,0.00260978870442762,-0.0260474339452214,TRUE,,0.000605685424274504,TRUE,secondary_exploratory,all_eligible_drugs,Parasiticidal preparations,6.7990072351079e-32,TRUE,TRUE,0.000438111577502936,TRUE
0304010AF,1.32062710593245,1.27531951730006,1.39966747826637,Jun,Nov,0.138954175840246,0.0355966326145019,1,0.79317175173227,0.818612070741434,0.94944548104014,425.126914590394,420.128536882404,"unimodal, non-sinusoidal (2 harmonics, 1 peak)",030401,Bilastine,1.80483247553282e-31,poisson,Poisson-LRT,1.10191616745147,0.681071413218174,0.239596932988021,,,,0.00534744056453563,-0.138851243648917,-0.00166934852663552,0.0355574679777461,TRUE,,4.1854924551642e-30,TRUE,secondary_exploratory,all_eligible_drugs,Antihistamines,1.95040709693529e-226,TRUE,TRUE,2.82757087833475e-30,TRUE
1201010G0,1.31748736565518,1.23671771070718,1.40516182940295,Sep,May,0.102394964584413,0.0575533782120472,2,0.597388834700413,0.645843319342426,0.692046439813645,664.557813035011,651.530212643505,"bimodal (2 harmonics, 2 peaks)",120101,Hydrocortisone acetate,9.104061649536e-10,negbin,NB-LRT,13.1821623552196,1.92740090826404e-07,0.333081504172962,,,286.059865193475,-0.0908147493464631,0.0473012692576234,0.0209127493506778,-0.0536194764821019,TRUE,,6.71769397473338e-09,TRUE,secondary_exploratory,all_eligible_drugs,Otitis externa,4.03048405132221e-10,TRUE,TRUE,4.71690753180684e-09,TRUE
1303000D0,1.31549868439461,1.22423988495407,1.66595330304718,Apr,Oct,0.137375066691711,0.00991189492069866,1,0.381245448340716,0.187703015402974,0.120473029341744,3478.56424957633,3475.60771630749,"unimodal, non-sinusoidal (2 harmonics, 1 peak)",130300,Calamine,2.78997139088242e-15,poisson,HAC-Wald,74.1484124447889,8.16879626092407e-06,7.44056830186413e-05,2.92035747177952,FALSE,,0.114457293580021,-0.0759699736401751,-0.00964519152757495,-0.00228384354003691,TRUE,,2.92197003733277e-14,TRUE,secondary_exploratory,all_eligible_drugs,Topical local anaesthetics and antipruritics,0.0257285967380165,TRUE,TRUE,2.01736392879191e-14,TRUE
1108020A0,1.31216293605811,1.16318170534819,1.8473672426796,May,Oct,0.132124458942256,0.0228224429791852,1,-0.0400400661702172,0.0199281476370697,0.86696402835977,668.318602008865,669.283776868483,unimodal (1 harmonic preferred),110802,Diclofenac sodium,0.0132101777833584,poisson,HAC-Wald,7.66465123456916,4.84607210989315e-06,0,1.74898515895404,FALSE,,0.070345234123017,-0.111841050991851,-0.000872000348577477,0.0228057781917268,TRUE,,0.0348691413576994,TRUE,secondary_exploratory,all_eligible_drugs,Ocular diagnostic & peri-operative prepn & photodynamic tt,0.436913075381646,FALSE,FALSE,,FALSE
0502050B0,1.31032475955272,1.23169203722432,1.68306610991232,Apr,Nov,0.138005243825549,0.0395399714521493,1,0.224730572657499,0.463718765749022,0.871177266002574,533.982096580264,532.418752140415,"unimodal, non-sinusoidal (2 harmonics, 1 peak)",050205,Griseofulvin,2.63877370863147e-07,poisson,HAC-Wald,4.6058999046767,4.4958620842716e-05,2.24152918448794e-11,3.11613956451411,FALSE,,0.0406206379002759,-0.131891664254887,0.019103563447052,-0.0346188273351545,TRUE,,1.64754204628657e-06,TRUE,secondary_exploratory,all_eligible_drugs,Other antifungals,1.64563226144604e-13,TRUE,TRUE,1.1811653743398e-06,TRUE
1306030B0,1.29353755630758,1.27280334812295,1.34354375263606,Apr,Dec,0.132250289198235,0.0383528943823914,1,0.870294661501665,0.874067722828115,0.961999302615388,1684.9067001553,1351.27979523934,"unimodal, non-sinusoidal (2 harmonics, 1 peak)",130603,Ivermectin,2.45897707662938e-158,poisson,HAC-Wald,20.1051420348285,2.15739184490597e-08,1.43307311428753e-06,8.47941430410229,FALSE,,0.0930445650552852,-0.093983232050668,-0.0383122582821376,-0.00176504187759002,TRUE,,2.66115963626335e-156,TRUE,secondary_exploratory,all_eligible_drugs,Topical preparation for rosacea,2.45879982359496e-118,TRUE,TRUE,1.79778546269126e-156,TRUE
1202010C0,1.29285486262574,1.24016928342077,1.35163398719977,Jun,Oct,0.11286088034975,0.0511809909835673,2,0.799519312689893,0.885936413560985,0.82912939494422,1008.89290006552,991.017826586496,"bimodal (2 harmonics, 2 peaks)",120201,Beclometasone dipropionate,9.56214443165027e-15,negbin,NB-LRT,365.496271841602,1.43118528748825e-06,0.125659191377992,,,446.583367756125,0.0397876830258547,-0.105614954399245,-0.0122159821413453,0.0497017466331147,TRUE,,9.90800923024188e-14,TRUE,secondary_exploratory,all_eligible_drugs,Drugs used in nasal allergy,4.93335033400967e-52,TRUE,TRUE,6.8390119956803e-14,TRUE
0501030Z0,1.29003221477322,1.2033160931734,1.38580567037511,Dec,Aug,0.109050865336441,0.0425258145351015,1,0.626180113677776,0.641114493641233,0.783898464998681,1619.917105722,1418.5960839117,"unimodal, non-sinusoidal (2 harmonics, 1 peak)",050103,Doxycycline monohydrate,2.00224121440512e-20,poisson,HAC-Wald,22.7153549239997,8.21829123010662e-05,0.0152342096186782,4.89658791846164,FALSE,,0.0755494434272147,0.0786407834934562,-0.0298598778477351,0.030279243662816,TRUE,,2.86791609239792e-19,TRUE,secondary_exploratory,all_eligible_drugs,Tetracyclines,3.22372888099791e-88,TRUE,TRUE,1.99617381678571e-19,TRUE
1404000S0,1.28995701479287,1.19891379014786,1.46425586794279,Jan,May,0.0535754014487621,0.102571777139769,2,0.483639326998957,0.2362175138242,0.863112722014543,32363.6335757571,23059.6122734412,"bimodal (2 harmonics, 2 peaks)",140400,Typhoid,4.58721192725929e-07,poisson,HAC-Wald,555.238940701655,5.44096209115888e-05,3.22371138672395e-08,1.28652248866781,FALSE,,0.0241498512037397,0.0478237213862875,0.0991747932299041,0.0261788054237797,TRUE,,2.81002793531481e-06,TRUE,secondary_exploratory,all_eligible_drugs,Vaccines and antisera,5.01709265504371e-74,TRUE,TRUE,2.02576204572927e-06,TRUE
0601023AB,1.28892083518713,1.1763511963089,2.27266169621195,Jul,Nov,0.101323524679153,0.0531069235848348,2,-0.261926156217081,0,0.968323561133968,32231.6705004639,31317.6388599451,"bimodal (2 harmonics, 2 peaks)",060102,Liraglutide,0.000353523978611451,poisson,HAC-Wald,799.705817803074,9.76246390242563e-06,0,3.59667558353445,FALSE,,0.028568711707583,-0.0972125782230669,0.0493219837429434,-0.0196897753239166,TRUE,,0.00147150579131433,TRUE,secondary_exploratory,all_eligible_drugs,Antidiabetic drugs,0.870182495394554,FALSE,FALSE,,FALSE
140400070,1.28719723435718,1.20406020265909,1.51233555408083,Jan,Oct,0.078813335523423,0.0864549944604231,2,0.333178324643474,0.0294810069055654,0.376255775113928,2311.99503114342,1955.45083501561,"bimodal (2 harmonics, 2 peaks)",140400,Hepatitis A/hepatitis B,2.90050231463272e-06,poisson,HAC-Wald,37.3156089007147,4.45197792885206e-05,0.0499579755071672,1.27385389511077,FALSE,,0.0761163223826463,-0.020441314127734,0.0488791064548134,0.0713112825528388,TRUE,,1.63299956904756e-05,TRUE,secondary_exploratory,all_eligible_drugs,Vaccines and antisera,5.01709265504371e-74,TRUE,TRUE,1.17087762148977e-05,TRUE
0304010D0,1.28682794765003,1.26936665694313,1.30459486297766,Jun,Jan,0.121512904836239,0.0306918494050185,1,0.908014131803841,0.901001183823105,0.690829670152723,9046.3585745048,6260.91218624083,"unimodal, non-sinusoidal (2 harmonics, 1 peak)",030401,Loratadine,0,poisson,HAC-Wald,140.603649190097,0.000468361858898256,0.00120007433132896,5.92282670388385,FALSE,,-0.00385365240927259,-0.121451782221792,-0.0106583798155237,0.0287817400378846,TRUE,,0,TRUE,secondary_exploratory,all_eligible_drugs,Antihistamines,1.95040709693529e-226,TRUE,TRUE,0,TRUE
1310020A0,1.28510323715735,1.25813601324245,1.31554423173759,Jul,Dec,0.119988706107692,0.0223883174021195,1,0.881471507925865,0.848713274523273,0.655325996055827,1903.4416085115,1765.08028524206,"unimodal, non-sinusoidal (2 harmonics, 1 peak)",131002,Amorolfine hydrochloride,9.94154947406827e-138,poisson,HAC-Wald,30.2228442534238,7.99112032922279e-07,0.000750154595866359,5.34932053042675,FALSE,,-0.0192933180397764,-0.118427435471744,0.0126740453327639,-0.0184554959565191,TRUE,,7.44851475980192e-136,TRUE,secondary_exploratory,all_eligible_drugs,Antifungal preparations,0.000226648496068398,TRUE,TRUE,5.0319535030284e-136,TRUE
1203030B0,1.28367470593507,1.1746653083707,1.45575314518641,Feb,Jun,0.117364397050117,0.0279758283826918,1,0.454180524388613,0.611826241539746,0.585429911420918,395.846889389185,397.094625032192,unimodal (1 harmonic preferred),120303,Benzocaine,2.11462101726218e-05,poisson,HAC-Wald,1.29605227377313,0.347642502603687,0.0356355350660527,1.52236822075133,FALSE,,0.0651962085833958,0.0975902458306558,0.0196612118604408,-0.0199018522222602,TRUE,,0.00010562260875966,TRUE,secondary_exploratory,all_eligible_drugs,Lozenges and sprays,1.58784569297935e-10,TRUE,TRUE,7.64516829317866e-05,TRUE
0603020G0,1.28165991432024,1.2127466712612,1.41069538123935,Nov,Jul,0.0960012737260287,0.0633058549767259,2,0.727295582375024,0.717377708623225,0.277344852517964,5851.4962711091,4190.95830419634,"bimodal (2 harmonics, 2 peaks)",060302,Dexamethasone,1.81126983016531e-25,poisson,HAC-Wald,89.9896255975378,1.21511003657526e-05,0.039940263501741,5.25455060372468,FALSE,,-0.0191975742235725,0.0940622012338129,-0.0492107586473108,0.0398237681252086,TRUE,,3.32863549920945e-24,TRUE,secondary_exploratory,all_eligible_drugs,Glucocorticoid therapy,7.99962161406946e-42,TRUE,TRUE,2.29195297740149e-24,TRUE
140400030,1.27703550778014,1.15276048289839,1.47132049469587,Jan,Oct,0.0518648352473834,0.0930622274296297,2,0.540621092097097,0.263336239341209,0.925248359135931,22784.3629531616,16965.0526135421,"bimodal (2 harmonics, 2 peaks)",140400,Hepatitis A,0.00244328787490574,poisson,HAC-Wald,412.742490865726,4.44650211576963e-06,8.25187282949003e-08,1.54138342580486,FALSE,,0.0501797802729187,-0.0131130006863349,0.0893421957620975,0.0260489967286875,TRUE,,0.00840905438218441,TRUE,secondary_exploratory,all_eligible_drugs,Vaccines and antisera,5.01709265504371e-74,TRUE,TRUE,0.00625557751629562,TRUE
0307000Q0,1.27465949135529,1.21796386458416,1.34551151225966,Dec,Aug,0.106843418296537,0.0357684810751569,1,0.66406630620945,0.722383905218618,0.848166775493982,498.144959168651,491.56860989405,"unimodal, non-sinusoidal (2 harmonics, 1 peak)",030700,Erdosteine,2.10489500713642e-12,negbin,NB-LRT,2.06088532096462,0.0200740952098322,0.227804200617274,,,918.911038809003,0.0526849939858211,0.0929505645061002,-0.00526308309171547,0.0353791491530472,TRUE,,1.846997961217e-11,TRUE,secondary_exploratory,all_eligible_drugs,Mucolytics,3.00197132384098e-16,TRUE,TRUE,1.27066138962914e-11,TRUE
1404000F0,1.27099221989763,1.17867200548554,1.41234294961628,Feb,May,0.0653000945421147,0.0764239632245891,2,0.21409543389493,0.0157783044663677,0.799455446358991,11634.0278986647,8886.74808194077,"bimodal (2 harmonics, 2 peaks)",140400,Diphtheria,7.53564915565846e-11,poisson,HAC-Wald,204.675220400109,1.81133047553702e-06,0.000414711538589185,12,TRUE,,0.00384950258757491,0.0651865298741801,0.0728040178241505,-0.0232421415453506,TRUE,,5.96725388423686e-10,TRUE,secondary_exploratory,all_eligible_drugs,Vaccines and antisera,5.01709265504371e-74,TRUE,TRUE,4.13204762035272e-10,TRUE
0501021A0,1.2694269405276,1.21176677674843,1.35494133087976,Dec,Aug,0.101713924705549,0.0512538953175892,2,0.564158615297885,0.620529733433101,0.94910550743257,459.974206209281,446.146858369638,"bimodal (2 harmonics, 2 peaks)",050102,Cefaclor,1.07030360348266e-18,poisson,Poisson-LRT,1.86391331098542,0.174757766580462,0.0533643684485974,,,,0.0462755798696532,0.0905775534375562,0.0133832392250495,0.0494757586406868,TRUE,,1.37167856551594e-17,TRUE,secondary_exploratory,all_eligible_drugs,Cephalosporins and other beta-lactams,4.30504844194276e-06,TRUE,TRUE,9.51702393367014e-18,TRUE
1201010AC,1.26829574987581,1.2142855687057,1.32457461769339,Sep,May,0.0829712248132691,0.0561790400918784,2,0.713310668730194,0.781413012467093,0.962358388097024,668.374960155474,642.873041370149,"bimodal (2 harmonics, 2 peaks)",120101,Ciprofloxacin,1.11708213112436e-12,negbin,NB-LRT,8.10570143993819,1.81021503410053e-07,0.70889860436468,,,642.225280140951,-0.0621057347516739,0.0550191044817049,0.0325712850207258,-0.0457733103210105,TRUE,,1.00744258862511e-11,TRUE,secondary_exploratory,all_eligible_drugs,Otitis externa,4.03048405132221e-10,TRUE,TRUE,6.9343400215078e-12,TRUE
0501070U0,1.26577035870452,1.21027940033002,1.3517414293902,Sep,Jan,0.113209567518993,0.0258662161246859,1,0.724539018834138,0.762796554259761,0.805562355489745,534.14400301937,526.739220990675,"unimodal, non-sinusoidal (2 harmonics, 1 peak)",050107,Vancomycin hydrochloride,1.01754743051302e-18,poisson,HAC-Wald,2.68674746295623,0.000207198874235946,0.0134478755475513,1.67088043340652,FALSE,,-0.103382534556619,-0.0461352113519261,-0.00232099294630213,-0.0257618735411883,TRUE,,1.32145492975958e-17,TRUE,secondary_exploratory,all_eligible_drugs,Some other antibacterials,0.00188469676334775,TRUE,TRUE,9.17186588051463e-18,TRUE
1202010Y0,1.26301781302221,1.23170823515916,1.32078342602673,Jun,Oct,0.107953920943894,0.050560158625683,2,0.858550268211312,0.855809082058463,0.973846476861587,9682.43071489538,6334.69540044603,"bimodal (2 harmonics, 2 peaks)",120201,Fluticasone propionate/azelastine hydrochloride (Nasal),9.84572863624919e-83,poisson,HAC-Wald,142.976368074231,0.000792052452448747,1.5521498567872e-05,4.07592495210945,FALSE,,0.0180853784303291,-0.106428229968333,-0.0159172273265082,0.047989285413418,TRUE,,5.04723141668774e-81,TRUE,secondary_exploratory,all_eligible_drugs,Drugs used in nasal allergy,4.93335033400967e-52,TRUE,TRUE,3.4097312856063e-81,TRUE
0406000AA,1.26087574713971,1.15819905432622,1.44676803433988,Feb,Jun,0.0789624882740838,0.0643586901604114,2,0.259097998873046,0.0884236418378458,0.970545046151121,688.099726531438,686.573233539483,"bimodal (2 harmonics, 2 peaks)",040600,Doxylamine succinate/pyridoxine hydrochloride,0.0126035277157791,negbin,NB-LRT,12.8608098299215,0.0101388100580664,0.0564514686544799,,,63.5667030726604,0.00226554164496037,0.0789299808405512,0.033304682567307,-0.055071218601505,TRUE,,0.0337248241625517,TRUE,secondary_exploratory,all_eligible_drugs,Drugs used in nausea and vertigo,4.48078666131178e-09,TRUE,TRUE,0.0259972452569988,TRUE
0304010AC,1.25779127064745,1.20711983141695,1.32256080951897,Jun,Jan,0.106221293827038,0.0349523945605057,1,0.674649937445528,0.648948115044867,0.501253222351835,687.823344408695,681.788754688896,"unimodal, non-sinusoidal (2 harmonics, 1 peak)",030401,Levocetirizine,3.13999582683423e-12,negbin,NB-LRT,14.6021143549868,0.0024082473683684,0.719937209980921,,,426.736946049841,0.00423236448093153,-0.10613694151044,-0.0238225644732785,0.0255764600253781,TRUE,,2.65943994377091e-11,TRUE,secondary_exploratory,all_eligible_drugs,Antihistamines,1.95040709693529e-226,TRUE,TRUE,1.84474754826511e-11,TRUE
0304010I0,1.25541425240946,1.23434999858606,1.27736505223061,Jun,Jan,0.109251785101101,0.0278902255501742,1,0.891547044530836,0.858445452563872,0.640389346466422,23119.380027286,17397.9675265029,"unimodal, non-sinusoidal (2 harmonics, 1 peak)",030401,Cetirizine hydrochloride,1.38209298793676e-296,poisson,HAC-Wald,420.222583044505,0.0005573795963116,0.000440962515910415,4.22970379443791,FALSE,,-0.00412585106675891,-0.109173851726281,-0.0100049294851941,0.026033940678197,TRUE,,6.730792851252e-294,TRUE,secondary_exploratory,all_eligible_drugs,Antihistamines,1.95040709693529e-226,TRUE,TRUE,4.54708593031193e-294,TRUE
1201010AF,1.25443727130736,1.17048937623645,1.38096564715889,Sep,Jun,0.0669624870847377,0.0730828048052803,2,0.30144468474271,0.289259379710017,0.909450127045687,555.924994891079,546.775007326091,"bimodal (2 harmonics, 2 peaks)",120101,Ciprofloxacin/fluocinolone,0.000270482761510187,negbin,NB-LRT,5.96080924092788,0.000430530276512006,0.153403154957909,,,148.474089976247,-0.0164635339597742,0.0649070622207555,0.00786613308147502,-0.0726582432250548,TRUE,,0.00116057361106133,TRUE,secondary_exploratory,all_eligible_drugs,Otitis externa,4.03048405132221e-10,TRUE,TRUE,0.000839517250347655,TRUE
1001040G0,1.25271560929546,1.21943685978734,1.2866149287587,Jul,Nov,0.097714752708365,0.0336894605298203,1,0.797637743112741,0.780359985721902,0.166313756041323,4403.07565147676,3164.07771877543,"unimodal, non-sinusoidal (2 harmonics, 1 peak)",100104,Colchicine,6.19529788812982e-104,poisson,HAC-Wald,63.5919055186285,1.43616822946172e-06,0.012674276701827,0.952455840189082,FALSE,,-0.00973289346704714,-0.097228821249751,0.0328560938851974,0.00744693530235224,TRUE,,4.0228134286923e-102,TRUE,secondary_exploratory,all_eligible_drugs,Gout and cytotoxic induced hyperuicaemia,1.06784116477649e-16,TRUE,TRUE,2.71767067359295e-102,TRUE
0501050C0,1.25155382842964,1.18706520094365,1.34726112850286,Jan,Aug,0.101494519723951,0.0316790208318069,1,0.557179478977157,0.446650933367004,0.795728456311117,867.850731814106,867.460745548946,"unimodal, non-sinusoidal (2 harmonics, 1 peak)",050105,Erythromycin,5.33004692824695e-07,negbin,NB-LRT,194.331509901856,0.0335036863912481,0.11805103762433,,,190.193877113346,0.068699774189519,0.0747092936675527,0.0138615168257529,0.0284854122692902,TRUE,,3.24466606757033e-06,TRUE,secondary_exploratory,all_eligible_drugs,Macrolides,6.83004773135963e-17,TRUE,TRUE,2.338113919191e-06,TRUE
0503010Q0,1.24908703911533,1.13972003070819,1.41170434214549,Nov,Mar,0.0817813785487577,0.0507037103976186,2,0.137587095935595,0.304275959439178,0.937038493213769,421.06918978139,419.967927144966,"bimodal (2 harmonics, 2 peaks)",050301,Lamivudine,0.00549985340123661,negbin,NB-LRT,2.08092062523917,0.0239411950047298,0.103604513423054,,,206.27460349314,-0.0773259889555194,0.0266249001760777,-0.0102572659804271,0.049655359657265,TRUE,,0.0165846972532646,TRUE,secondary_exploratory,all_eligible_drugs,HIV infection,0.61254833111613,FALSE,FALSE,,FALSE
1311060Q0,1.24841566561422,1.19027100833779,1.3292020051676,Aug,Jan,0.108591293550575,0.0207136444965468,1,0.560896280543493,0.650510869545318,0.920812382158795,481.869293671764,483.495605193588,unimodal (1 harmonic preferred),131106,Potassium permanganate,4.67738848023664e-09,negbin,NB-LRT,2.44550372132691,0.00526167150524517,0.212651665455776,,,486.091508365715,-0.0802989094732532,-0.0731037220146372,0.0166489990657077,-0.0123233882694406,TRUE,,3.18585760821712e-08,TRUE,secondary_exploratory,all_eligible_drugs,Oxidisers and dyes,2.67982021171216e-09,TRUE,TRUE,2.26303060293802e-08,TRUE
1201010E0,1.2394313093194,1.15690461118223,2.1625419645839,Jan,May,0.0955130846563136,0.0352761289069926,1,0.130840311599091,0.13130346739213,0.137188241323939,2347.22083729446,2267.87258682261,"unimodal, non-sinusoidal (2 harmonics, 1 peak)",120101,Betamethasone sodium phosphate,0.0058338966668327,poisson,HAC-Wald,45.0145557971562,2.51863036207013e-07,1.34643668625589e-06,5.2788507732481,FALSE,,-0.0314346333071635,0.0901920903927185,0.0337376765421252,-0.0103040988058973,TRUE,,0.0174341421624137,TRUE,secondary_exploratory,all_eligible_drugs,Otitis externa,4.03048405132221e-10,TRUE,TRUE,0.0132399736846812,TRUE
0304010G0,1.23757319838844,1.20950449689631,1.27842113635298,Jun,Oct,0.103287516072398,0.0359688920238215,2,0.843840841868802,0.868418927416596,0.715153376709316,8715.62569316867,6645.35737846062,"bimodal (2 harmonics, 2 peaks)",030401,Chlorphenamine maleate,1.70974443289262e-98,poisson,HAC-Wald,151.113723915224,0.000261472616708678,3.80355109784736e-05,2.15064743850801,FALSE,,0.0224334886837006,-0.100821870454203,-0.0105139274254606,0.034397943594254,TRUE,,1.04080692352339e-96,TRUE,secondary_exploratory,all_eligible_drugs,Antihistamines,1.95040709693529e-226,TRUE,TRUE,7.03132398027092e-97,TRUE
1108030AA,1.23346987910561,1.12149560702473,1.78199188493231,Jun,Feb,0.047232434139149,0.0809892521046404,2,0.0905721048159311,0.0190891730935912,0.683820090035114,1206.80998230842,1148.85836293747,"bimodal (2 harmonics, 2 peaks)",110803,Carbomer,0.000671749760740049,poisson,HAC-Wald,16.0090534925158,0.00198007771811041,0.0160957845958979,12,TRUE,,-0.0411291031990005,-0.0232228272343187,-0.0481645166052349,0.0651109690962518,TRUE,,0.00259636613873336,TRUE,secondary_exploratory,all_eligible_drugs,Other eye preparations,0.00149959155530954,TRUE,TRUE,0.0019052213041679,TRUE
0501120X0,1.23319864878551,1.19255633426338,1.2836020058547,Jan,Aug,0.0976182372133653,0.0254355080222951,1,0.737848997376745,0.799224963265797,0.770851547448765,592.081548995622,587.714238432927,"unimodal, non-sinusoidal (2 harmonics, 1 peak)",050112,Levofloxacin,1.06815764171535e-13,negbin,NB-LRT,4.63813274783325,2.85113984916993e-05,0.217981690676426,,,803.74436083232,0.0528375868861235,0.0820823345714302,0.00255080172835632,0.0253072811438695,TRUE,,1.00037071445265e-12,TRUE,secondary_exploratory,all_eligible_drugs,Quinolones,4.12469936146296e-10,TRUE,TRUE,6.89066400243826e-13,TRUE
1310020T0,1.23248866762434,1.17928417562113,1.29614704108383,Jul,Dec,0.09832052631009,0.0235111515067997,1,0.705964544612299,0.734640316246938,0.844114035504599,511.353526741628,511.184709922018,"unimodal, non-sinusoidal (2 harmonics, 1 peak)",131002,Tioconazole,1.09592239952718e-09,negbin,NB-LRT,2.73878891916472,0.0014739839481031,0.0549716174589693,,,609.146133988668,-0.00722730966557605,-0.0980545352795625,0.015949253694026,-0.0172741295520003,TRUE,,7.90687716399608e-09,TRUE,secondary_exploratory,all_eligible_drugs,Antifungal preparations,0.000226648496068398,TRUE,TRUE,5.5900537898363e-09,TRUE
0501012G0,1.23187312345734,1.18931734598137,1.28340607176176,Aug,Dec,0.0957994202647715,0.0331731534978459,1,0.790959085572017,0.719395319280227,0.188446267572418,1070.07670801133,1060.54424280021,"unimodal, non-sinusoidal (2 harmonics, 1 peak)",050101,Flucloxacillin sodium,6.06577181325567e-14,negbin,NB-LRT,636.769851254561,5.12222982823837e-05,0.0525364069165289,,,608.095801946802,-0.0581293684880058,-0.0761479181741165,0.0311856176008318,-0.0113099676324177,TRUE,,5.84956608525844e-13,TRUE,secondary_exploratory,all_eligible_drugs,Penicillins,5.41228415339323e-21,TRUE,TRUE,4.03159379103256e-13,TRUE
1310050H0,1.2287939690179,1.14663583874107,1.4295000076005,Nov,Jun,0.0958127487802306,0.0228234253281636,1,0.426505390734224,0.540742202847987,0.676773314886544,934.281273196918,924.079148772176,"unimodal, non-sinusoidal (2 harmonics, 1 peak)",131005,Hydrogen peroxide,0.00347859697050346,poisson,HAC-Wald,11.9500812409527,9.30124685141732e-09,0.0124698792771467,0.23663405630531,FALSE,,-0.0318430167292338,0.0903665043830142,-0.0224567438155561,-0.00407472709671997,TRUE,,0.0112190511565244,TRUE,secondary_exploratory,all_eligible_drugs,Preparations for minor cuts and abrasions,0.169535003759075,FALSE,FALSE,,FALSE
131002030,1.22340167351556,1.18283566798068,1.30823137957803,Jul,Jan,0.101070906813533,0.015385478797107,1,0.729756970624355,0.601767115980285,0.851840634069191,3997.68247038841,3895.99448705023,"unimodal, non-sinusoidal (2 harmonics, 1 peak)",131002,Terbinafine hydrochloride,2.54717447887865e-22,poisson,HAC-Wald,80.8091759779178,0.00110408803010824,0.0495470588685399,2.3091043316439,FALSE,,-0.0566017159925219,-0.0837351416718913,0.0137811186328829,-0.00684059405626701,TRUE,,3.93801260702826e-21,TRUE,secondary_exploratory,all_eligible_drugs,Antifungal preparations,0.000226648496068398,TRUE,TRUE,2.70329162435831e-21,TRUE
0505010D0,1.22270870264549,1.15731063566431,1.30563696264679,Oct,Jun,0.0761964530854059,0.0399016665734436,1,0.771502521503015,0.785325370754688,0.249605855595211,2313.64897641429,2073.19195152819,"unimodal, non-sinusoidal (2 harmonics, 1 peak)",050501,Mebendazole,1.96782093994999e-16,poisson,HAC-Wald,38.0216476601901,3.16527608814126e-07,6.5240257640653e-10,4.98671849393522,FALSE,,-0.0372275108956373,0.0664831700155135,-0.0194296534921655,-0.0348515646781123,TRUE,,2.28173523275154e-15,TRUE,secondary_exploratory,all_eligible_drugs,Drugs for threadworms,1.13926475470789e-15,TRUE,TRUE,1.57905631522817e-15,TRUE
090501300,1.21456841855503,1.13725355027636,1.36742970588714,Dec,Apr,0.0929009312277408,0.0274108866359854,1,0.169763153193853,0.378297986172556,0.458497867413744,372.379419779627,374.722471353605,unimodal (1 harmonic preferred),090501,Other magnesium preparations,0.000689556010929918,poisson,Poisson-LRT,1.33978706330201,0.344011068394922,0.449182655524042,,,,-0.0611086652902116,0.0699736668285314,0.0257153106168257,0.00949102239229323,TRUE,,0.0026546543661887,TRUE,secondary_exploratory,all_eligible_drugs,Calcium and magnesium,0.507072588053869,FALSE,FALSE,,FALSE
1305020R0,1.21249803801076,1.11935369838995,1.40413875229813,May,Oct,0.0942274124004724,0.0132922453924893,1,0.332828083704712,0.26971513453868,0.897293309793772,586.404246691349,588.455898495394,unimodal (1 harmonic preferred),130502,Tacalcitol,0.0157949733542608,poisson,HAC-Wald,4.83683945301542,2.23987643987123e-06,0.0129542620220157,1.10173924797989,FALSE,,0.0638672736549004,-0.0692804200591968,0.00774935901421396,0.0107995936239737,TRUE,,0.0405918312587073,TRUE,secondary_exploratory,all_eligible_drugs,Preparations for psoriasis,2.00974064079059e-55,TRUE,TRUE,0.0314942195972837,TRUE
0502050C0,1.21060290479024,1.17411169944084,1.2526422578201,Aug,Jan,0.0933013159471908,0.0126403642173095,1,0.792926102665671,0.858417458212195,0.868890838945836,839.059640142252,840.306607315317,unimodal (1 harmonic preferred),050205,Terbinafine hydrochloride,2.7612857321158e-14,negbin,NB-LRT,56.0318954732339,3.52875490317163e-08,0.0976245682443185,,,765.136252652239,-0.0569927304252942,-0.0738712680014854,0.0026709229041134,-0.0123549576440602,TRUE,,2.74437990110285e-13,TRUE,secondary_exploratory,all_eligible_drugs,Other antifungals,1.64563226144604e-13,TRUE,TRUE,1.89263126222104e-13,TRUE
1304000S0,1.20567180875733,1.14153498034865,1.34067831269804,Apr,Sep,0.0938291466054855,0.0175274775438184,1,0.230778268733093,0.455539907821996,0.809523245208178,455.844154930632,459.042898287619,unimodal (1 harmonic preferred),130400,Fluticasone propionate (Topical),0.00148163829918289,negbin,NB-LRT,2.73743580120567,0.00165030872823485,0.295326285847383,,,197.458805601298,0.0890839718759951,-0.029461071051654,0.00296104129543046,0.0172755521907641,TRUE,,0.00538476008732886,TRUE,secondary_exploratory,all_eligible_drugs,Topical corticosteroids,0.000772676262857242,TRUE,TRUE,0.0039792571463769,TRUE
0402010L0,1.20337843422765,1.14980777789782,1.27239975452431,Jan,Aug,0.0848392556510339,0.0268093974295502,1,0.756193241210832,0.73313644609194,0.716977971757699,1535.24270409302,1360.96282178164,"unimodal, non-sinusoidal (2 harmonics, 1 peak)",040201,Levomepromazine hydrochloride,5.22196824490383e-14,poisson,HAC-Wald,20.2779688833134,3.4175373719743e-08,0.00142066298675936,2.10184392707023,FALSE,,0.0481070754097514,0.0698813894748951,0.0120320954312952,0.023957722555948,TRUE,,5.08619707053633e-13,TRUE,secondary_exploratory,all_eligible_drugs,Antipsychotic drugs,0.00313994020549551,TRUE,TRUE,3.50617867872114e-13,TRUE
0502010C0,1.20240598308961,1.15406002720066,1.27641107840332,Jul,Feb,0.0923271576566784,0.0100372537888177,1,0.573619606826843,0.543485071136796,0.0970517785981838,732.983990626512,736.36063361619,unimodal (1 harmonic preferred),050201,Itraconazole,2.90932339314669e-07,negbin,NB-LRT,29.9518941383767,9.76173455704734e-06,0.761153332872304,,,271.448153700271,-0.0548032757061634,-0.0743027927660555,0.00611123473257252,0.00796236608455897,TRUE,,1.80489234708591e-06,TRUE,secondary_exploratory,all_eligible_drugs,Triazole antifungals,0.045794299931884,TRUE,TRUE,1.29346945452062e-06,TRUE
0601040H0,1.19623876522819,1.16065555955556,1.24520258276685,Jul,Dec,0.0784130322030433,0.0357390732260839,1,0.786211098072001,0.831322575622291,0.532135603544963,710.641882608092,697.713125023118,"unimodal, non-sinusoidal (2 harmonics, 1 peak)",060104,Glucagon,1.90916352593218e-12,negbin,NB-LRT,13.1709608298908,8.14516174353407e-07,0.144580028488155,,,751.392793787418,-0.0412081779385271,-0.0667119906033555,0.0348868967496619,-0.00775795013117617,TRUE,,1.69047752205268e-11,TRUE,secondary_exploratory,all_eligible_drugs,Treatment of hypoglycaemia,7.73581751734925e-32,TRUE,TRUE,1.16317555561424e-11,TRUE
1202030R0,1.19422415637477,1.14667272903577,1.29071663056338,Apr,Sep,0.0882097537918292,0.0203409838579308,1,0.671189442435688,0.603259174922512,0.226546252384978,1593.92313876952,1534.75119493582,"unimodal, non-sinusoidal (2 harmonics, 1 peak)",120203,Mupirocin,1.28363897019324e-07,poisson,HAC-Wald,25.305473665607,4.78931619383784e-05,0.00224544175639974,1.00386194118714,FALSE,,0.0859718364106892,-0.0197434548189727,0.00327731684538007,0.0200752289801035,TRUE,,8.11859972057286e-07,TRUE,secondary_exploratory,all_eligible_drugs,Nasal preparations for infection,1.53124033203395e-34,TRUE,TRUE,5.82506511991141e-07,TRUE
1202010W0,1.18649848743103,1.09982523480504,1.31817478619708,May,Dec,0.0829119426450799,0.017119046667794,1,0.210922572364797,0.428944827279826,0.744275369971288,38613.1662509249,37774.2544376367,"unimodal, non-sinusoidal (2 harmonics, 1 peak)",120201,Fluticasone furoate,0.00783604060626059,poisson,HAC-Wald,909.036220923458,1.47459966270218e-06,0,2.50683783896518,FALSE,,0.0355834277538716,-0.0748879823634341,-0.01694834186903,0.00241152787763091,TRUE,,0.0223166770482392,TRUE,secondary_exploratory,all_eligible_drugs,Drugs used in nasal allergy,4.93335033400967e-52,TRUE,TRUE,0.017073227546091,TRUE
0501021K0,1.18368431249718,1.10567518388707,1.31200864596281,Feb,Oct,0.0736686153451593,0.0273189779378863,1,0.107016644237891,0.0651384545128555,0.582460476904944,422.980114809933,425.12698179899,unimodal (1 harmonic preferred),050102,Cefuroxime axetil,0.0128548028579247,negbin,NB-LRT,1.88580018529386,0.0226237050365821,0.14922919128059,,,303.191423179933,0.0735597662653814,0.00400320794557205,0.0237998909772875,-0.0134123728340642,TRUE,,0.0341160163041381,TRUE,secondary_exploratory,all_eligible_drugs,Cephalosporins and other beta-lactams,4.30504844194276e-06,TRUE,TRUE,0.0263503435530046,TRUE
1308010Y0,1.18103920351091,1.0971992568332,1.31660944133895,Sep,Jan,0.0591767867775551,0.0406594630128965,2,0.408855823413245,0.432936862413878,0.709516097835293,9558.41664929894,8838.79820510502,"bimodal (2 harmonics, 2 peaks)",130801,Fluorouracil (Sunscreen),0.00968849983274488,poisson,HAC-Wald,202.455835210067,5.51536668035243e-06,0.000782556783925803,2.14204385294055,FALSE,,-0.0553769632921377,-0.0208634615981494,-0.0056050127122532,-0.0402712771711127,TRUE,,0.0268848969717764,TRUE,secondary_exploratory,all_eligible_drugs,Sunscreening preparations,3.30769565126227e-31,TRUE,TRUE,0.0206311744011202,TRUE
1314000H0,1.17804951429797,1.14304141718801,1.22038601308036,Jul,Dec,0.0749935894996764,0.0258266137161578,1,0.726131482050206,0.769970028166672,0.72650568815207,684.241019978217,677.93393950355,"unimodal, non-sinusoidal (2 harmonics, 1 peak)",131400,Heparinoid,9.93016311493267e-12,negbin,NB-LRT,10.4010567429405,2.28719699028944e-06,0.169754423263814,,,826.212507733636,-0.035995750835292,-0.0657901541862425,0.0257807339647837,-0.00153874373457008,TRUE,,8.1965922660546e-11,TRUE,secondary_exploratory,all_eligible_drugs,Topical circulatory preparations,4.53290816890594e-11,TRUE,TRUE,5.68178028663104e-11,TRUE
1306020J0,1.17773257656715,1.1108286415024,1.26454716378293,Mar,Sep,0.0818738991256085,0.0127935590824686,1,0.642011418107983,0.651520081067006,0.607915444963663,967.2626854344,954.486644935193,"unimodal, non-sinusoidal (2 harmonics, 1 peak)",130602,Isotretinoin,3.81170779031118e-05,poisson,HAC-Wald,11.1557941098137,5.63126085047134e-06,0.000114006163976943,5.9495841657384,FALSE,,0.0817955223294735,-0.00358160367418184,-0.00270672686318569,-0.0125039507230605,TRUE,,0.000183792246918965,TRUE,secondary_exploratory,all_eligible_drugs,Oral preparations for acne,0.000920222435304135,TRUE,TRUE,0.000132703900847871,TRUE
0606020Y0,1.17407383233237,1.09924965939805,1.50175625799759,Nov,Aug,0.0290589998756041,0.0688050577176,2,-0.0385555691991064,0.153820063699206,0.821046526473922,504.000271351067,486.635474400453,"bimodal (2 harmonics, 2 peaks)",060602,Alendronic acid/colecalciferol,0.0102745420405605,poisson,HAC-Wald,3.21033861559082,0.00256641199949623,0.000130636946910845,6.50050162594056,FALSE,,0.0188269360208399,0.0221353101138783,-0.0686626972759291,0.0044237959171274,TRUE,,0.0284301248508692,TRUE,secondary_exploratory,all_eligible_drugs,Bisphosphonates and other drugs,0.0694650838455479,FALSE,FALSE,,FALSE
0503010H0,1.17004303668188,1.0936237260881,1.29977831627663,Mar,Jun,0.0476570235554799,0.048182715862521,2,0.0811676364447724,0.160315564864885,0.805726009063143,369.611079337132,367.528202197691,"bimodal (2 harmonics, 2 peaks)",050301,Tenofovir disoproxil,0.0176969905776306,poisson,Poisson-LRT,0.959134939524895,0.91991363415871,0.317022727592336,,,,0.0156691996889358,0.0450074224464789,-0.000270822831020487,-0.0481819547432711,TRUE,,0.0448876792255527,TRUE,secondary_exploratory,all_eligible_drugs,HIV infection,0.61254833111613,FALSE,FALSE,,FALSE
1203030Y0,1.16897879252034,1.10512883326883,1.29470233064737,Dec,Jul,0.0706146483561029,0.0206515873233517,1,0.0108680427919184,0.14291314437227,0.370252843754987,379.410363763065,382.315214639313,unimodal (1 harmonic preferred),120303,Benzydamine hydrochloride,0.00618602617583042,poisson,Poisson-LRT,1.29594068228606,0.361757140186447,0.0853717866763369,,,,0.0107837608463357,0.0697863816547692,-0.0189504073526035,0.008207930320392,TRUE,,0.0182581499856328,TRUE,secondary_exploratory,all_eligible_drugs,Lozenges and sprays,1.58784569297935e-10,TRUE,TRUE,0.0138921679989639,TRUE
0605010G0,1.16587059724463,1.10254727910329,1.30373865189174,Nov,Mar,0.0611429029500363,0.0395338282471337,2,0.282142775031327,0.45657635370565,0.850084530026978,374.84961236041,374.761608506475,"bimodal (2 harmonics, 2 peaks)",060501,Clomifene citrate,0.00894121200044636,poisson,Poisson-LRT,1.1100912438962,0.713510274744142,0.201940592078622,,,,-0.0270336335446001,0.0548419295661069,-0.0289927481848466,0.0268764604917377,TRUE,,0.0252427260534341,TRUE,secondary_exploratory,all_eligible_drugs,Hypothalamic & anterior pituitary hormone & antioestrogens,0.545517828547879,FALSE,FALSE,,FALSE
090502100,1.1651777653797,1.1111287169516,1.24844651123474,Aug,Jan,0.0713417697091663,0.0168560501307112,1,0.46138502030979,0.37418973764505,0.560108075234109,610.4270118565,612.883096412119,unimodal (1 harmonic preferred),090502,Other phosphate supplement preparations,0.000158019742933812,negbin,NB-LRT,8.8954891061738,0.000243965668397155,0.0734273722531577,,,265.164093084987,-0.0576398937729875,-0.0420391573544765,-0.00221753113133362,-0.0167095476207651,TRUE,,0.000715866184267594,TRUE,secondary_exploratory,all_eligible_drugs,Phosphorus,0.016540956368645,TRUE,TRUE,0.000517298461942528,TRUE
0405010P0,1.16276460749282,1.12813447447327,1.21026485280793,Jul,Jan,0.0761700190835587,0.0100801503033056,1,0.776740321708982,0.836949764947427,0.973531455608492,3343.60798772534,3252.24827546287,"unimodal, non-sinusoidal (2 harmonics, 1 peak)",040501,Orlistat,4.58199515135599e-18,poisson,HAC-Wald,65.9659102672898,2.48025483558543e-08,0.00667415540929695,1.8048359295363,FALSE,,-0.0283455259303946,-0.0706993844875543,-0.00334083661646015,-0.00951042800505589,TRUE,,5.57857909677592e-17,TRUE,secondary_exploratory,all_eligible_drugs,Gastro-intestinal anti-obesity drugs,3.05466343423733e-17,TRUE,TRUE,3.86532411486185e-17,TRUE
1305030B0,1.16168857693893,1.11963343763001,1.21943093656779,Apr,Sep,0.0685355469506263,0.0224854815768739,1,0.641241229186603,0.729164788559358,0.978753561264578,1434.8895059128,1352.67122018865,"unimodal, non-sinusoidal (2 harmonics, 1 peak)",130503,Pimecrolimus,1.57438117957598e-12,poisson,HAC-Wald,20.5586302498716,8.15014453730188e-09,0.0116391765358135,2.46143514200815,FALSE,,0.0685099695074091,-0.00187223767598475,-0.0143813600230565,0.0172850619215313,TRUE,,1.40683235679542e-11,TRUE,secondary_exploratory,all_eligible_drugs,Drugs affecting the immune response,3.37494744913336e-14,TRUE,TRUE,9.68170856225229e-12,TRUE
1201010B0,1.16147344469448,1.12252140469798,1.69542462349195,Jan,May,0.0712138821273318,0.0241467340528283,1,0.38922696996595,0.501953773770988,0.609466705927495,2139.46343970373,2061.81678664762,"unimodal, non-sinusoidal (2 harmonics, 1 peak)",120101,Acetic acid,0.000282337448508535,poisson,HAC-Wald,38.5050490352327,1.70413401521299e-07,1.37611291251005e-08,2.32368904767364,FALSE,,-0.01790917182558,0.0689251664645604,0.0174980547089918,-0.016639797078665,TRUE,,0.00120612576687418,TRUE,secondary_exploratory,all_eligible_drugs,Otitis externa,4.03048405132221e-10,TRUE,TRUE,0.000872197376143738,TRUE
0101010Q0,1.16084410419041,1.08628370040956,1.47771829504011,Aug,Jan,0.0680758084913201,0.0184197328815737,1,0.106461855804295,0.0165370612339582,0.0502237630765509,479.788362618525,481.677040154397,unimodal (1 harmonic preferred),010101,Magnesium hydroxide,0.00644633379261597,poisson,HAC-Wald,2.72936903105109,0.00512631005978276,0.0349529313399252,3.00013459638709,FALSE,,-0.0528449974967385,-0.0429152879673036,0.00174978607021475,-0.0183364338991258,TRUE,,0.0189118346807468,TRUE,secondary_exploratory,all_eligible_drugs,Antacids and simeticone,0.0849006183105911,FALSE,FALSE,,FALSE
0501120Y0,1.16004868301241,1.11764387011896,1.2407196111836,Jan,Aug,0.0719273773070553,0.022589006902848,1,0.325868300976584,0.446282320515576,0.685419312175765,439.827172833701,440.544061943599,unimodal (1 harmonic preferred),050112,Moxifloxacin,1.75774698703642e-07,poisson,Poisson-LRT,1.74592733690351,0.120922301775867,0.396020819466258,,,,0.0284837712101308,0.066047122449963,0.0116876012064528,0.0193303701696537,TRUE,,1.1045455260474e-06,TRUE,secondary_exploratory,all_eligible_drugs,Quinolones,4.12469936146296e-10,TRUE,TRUE,7.92190080458878e-07,TRUE
1202010U0,1.15862838557566,1.13348902999381,1.19541743895032,May,Sep,0.0621361773095079,0.0267328747867519,1,0.685917618477891,0.749445567481372,0.805002161643806,22231.5255834258,18395.500342901,"unimodal, non-sinusoidal (2 harmonics, 1 peak)",120201,Mometasone furoate,4.05298989741447e-34,poisson,HAC-Wald,441.381556834321,0.000102689176119889,0.00205334816487546,2.02121636915834,FALSE,,0.0399411016265385,-0.0475984551377157,-0.011165207950297,0.0242896011863262,TRUE,,9.62832234166266e-33,TRUE,secondary_exploratory,all_eligible_drugs,Drugs used in nasal allergy,4.93335033400967e-52,TRUE,TRUE,6.50455451828956e-33,TRUE
0402010R0,1.1580953008855,1.10899909236931,1.66825579791368,Nov,Aug,0.0515973604176098,0.0383225141604289,2,-0.136748287808144,0.115318954795424,0.716155810113085,611.209105309967,605.822056997547,"bimodal (2 harmonics, 2 peaks)",040201,Pimozide,0.0046261084428293,poisson,HAC-Wald,5.76805948527898,2.20680947516039e-05,6.43929354282591e-15,4.74649819956813,FALSE,,0.0260839912932859,0.044518681475045,-0.0345703469503044,0.0165380229565644,TRUE,,0.0144745649297401,TRUE,secondary_exploratory,all_eligible_drugs,Antipsychotic drugs,0.00313994020549551,TRUE,TRUE,0.0109309714928854,TRUE
1103010Y0,1.15757235495986,1.08659911884795,1.26787049183604,Aug,Nov,0.0401468624025354,0.0492048909269309,2,0.130368422471029,0.204322250840254,0.841939960788757,577.234669798494,573.163314589398,"bimodal (2 harmonics, 2 peaks)",110301,Ofloxacin,0.0149499173037076,negbin,NB-LRT,7.64441277151617,0.00300192271275814,0.0562706325169931,,,185.564835418255,0.012029700234453,-0.0383021784372288,0.0424085432107147,-0.0249526903133934,TRUE,,0.0389337418551103,TRUE,secondary_exploratory,all_eligible_drugs,Antibacterials,9.40936355817698e-11,TRUE,TRUE,0.0301749864596308,TRUE
0410020B0,1.15698325261161,1.117103405066,1.21456232609436,Mar,Nov,0.0649656953767999,0.0221891330625335,1,0.677352545476671,0.768817943245835,0.944345680192073,3445.55439587577,3123.90125914896,"unimodal, non-sinusoidal (2 harmonics, 1 peak)",041002,Nicotine,2.9490018582401e-10,poisson,HAC-Wald,62.9591834196211,7.89025754175035e-06,0.00174224881723961,3.03886566725642,FALSE,,0.0633427871091379,-0.0144302770949693,0.00949122307203393,-0.0200567771754016,TRUE,,2.2094829307122e-09,TRUE,secondary_exploratory,all_eligible_drugs,Nicotine dependence,3.44007179729206e-08,TRUE,TRUE,1.55235457817759e-09,TRUE
0104020P0,1.15572322550164,1.09123163041622,1.25266569680052,Aug,Apr,0.0612759576818903,0.0245700813522999,1,0.338164597494225,0.34676940449436,0.566277420067124,400.493286696856,402.065980805582,unimodal (1 harmonic preferred),010402,Loperamide hydrochloride and simeticone,0.00143438734615623,poisson,Poisson-LRT,1.27296153891048,0.386623246225561,0.167859511204587,,,,-0.0592531075072656,-0.0156144881621277,0.0243046707314733,-0.0036016493851154,TRUE,,0.00523255908298189,TRUE,secondary_exploratory,all_eligible_drugs,Antimotility drugs,2.18265840235112e-06,TRUE,TRUE,0.00386814292529015,TRUE
0501050A0,1.15397379251868,1.12042049115487,1.19742955168334,Dec,Aug,0.0648777744666618,0.0186004178524949,1,0.663106348883115,0.653715459925311,0.619155565222517,911.834813546622,910.26658465364,"unimodal, non-sinusoidal (2 harmonics, 1 peak)",050105,Azithromycin,1.80045636365615e-09,negbin,NB-LRT,125.753243710046,0.0108917783832744,0.0575347466851964,,,727.314806891818,0.0244151780047082,0.0601084411937745,-0.00697282548295897,0.0172439916803392,TRUE,,1.28003248043875e-08,TRUE,secondary_exploratory,all_eligible_drugs,Macrolides,6.83004773135963e-17,TRUE,TRUE,9.04351364340264e-09,TRUE
1203010U0,1.15063127444398,1.09015246541967,1.27283228323562,Apr,Nov,0.0667207240244424,0.0135171870181399,1,0.096831669246776,0.198718705324927,0.182146400531076,389.86126361518,393.32835301889,unimodal (1 harmonic preferred),120301,Doxycycline hyclate,0.012237994289949,poisson,Poisson-LRT,1.48524190872917,0.216131943874384,0.921720164467481,,,,0.0452407479851892,-0.0490400829535025,-0.0070701803187749,-0.0115207159127972,TRUE,,0.0329276420950562,TRUE,secondary_exploratory,all_eligible_drugs,Drugs for oral ulceration and inflammation,2.42048686581937e-22,TRUE,TRUE,0.0254025244251938,TRUE
1103010B0,1.14941794520473,1.11538549250564,1.19779942002164,Feb,May,0.0348000833345623,0.0521714514141582,2,0.637139455581747,0.71062483115977,0.96499129043804,662.454218956736,632.772098362351,"bimodal (2 harmonics, 2 peaks)",110301,Ciprofloxacin,6.91402043810935e-09,negbin,NB-LRT,6.49302017278329,7.07643489890084e-06,0.422903222499941,,,939.883845118649,-0.0168442902563935,0.030451858495843,0.0423561929760663,-0.0304600272362666,TRUE,,4.55017290994494e-08,TRUE,secondary_exploratory,all_eligible_drugs,Antibacterials,9.40936355817698e-11,TRUE,TRUE,3.27296794839996e-08,TRUE
120101050,1.1484453213628,1.10996242931902,1.2045962187938,Aug,May,0.0517303959170671,0.0380569237232503,2,0.487555625874432,0.596574675878759,0.857790927075932,978.620282643242,967.733631178737,"bimodal (2 harmonics, 2 peaks)",120101,Dexamethasone,8.03102480314141e-07,negbin,NB-LRT,250.963958797161,4.3377857780028e-07,0.853122273475401,,,513.709743421846,-0.0371890565608683,0.0359584195126685,0.0361975034113286,-0.0117503272322154,TRUE,,4.79890684555812e-06,TRUE,secondary_exploratory,all_eligible_drugs,Otitis externa,4.03048405132221e-10,TRUE,TRUE,3.45386556893271e-06,TRUE
1302011L0,1.14807232089159,1.12355013781335,1.17815474944917,Apr,Sep,0.0644454349618032,0.0149775168474919,1,0.688490547106113,0.81029152528431,0.982646509187369,2006.72203093924,1904.14156307606,"unimodal, non-sinusoidal (2 harmonics, 1 peak)",130201,Light liquid paraffin,7.94055828139602e-35,poisson,HAC-Wald,33.0292976015219,5.54046164776468e-08,0.0162812007280765,1.83867257485559,FALSE,,0.0601575095561352,-0.0231146735088235,-0.0100873890625639,0.0110711604097028,TRUE,,1.98310352976403e-33,TRUE,secondary_exploratory,all_eligible_drugs,Emollients,4.56697434699239e-18,TRUE,TRUE,1.33971470491246e-33,TRUE
0107040A0,1.14805303603072,1.12173013139099,1.17924142444461,Feb,Jul,0.0654922086532546,0.0116894722449072,1,0.74563291107658,0.825385972019699,0.815150537511877,1134.12872037907,1114.75088068632,"unimodal, non-sinusoidal (2 harmonics, 1 peak)",010704,Glyceryl trinitrate,2.26103516898786e-43,poisson,HAC-Wald,14.5339913715732,4.92315253009197e-09,9.05269557593957e-06,7.72484896024738,FALSE,,0.0454288488143531,0.0471746657612333,0.00167569931838867,-0.0115687420733115,TRUE,,6.6734795593763e-42,TRUE,secondary_exploratory,all_eligible_drugs,Management of anal fissures,3.55305526555235e-42,TRUE,TRUE,4.50836709452731e-42,TRUE
1202010I0,1.14686839313455,1.1273197170939,1.1797204272625,Jun,Dec,0.0701348812252766,0.0174505816591449,1,0.683489187961983,0.737476513855557,0.915723597876429,875.441531505746,840.350661938892,"unimodal, non-sinusoidal (2 harmonics, 1 peak)",120201,Budesonide,9.80364993880112e-65,poisson,HAC-Wald,8.07641509932694,5.05998991428147e-05,0.00182408607122597,9.85538291003696,FALSE,,0.014974895311606,-0.0685175457447951,-0.00827951966825948,0.015361391678666,TRUE,,4.34034320017831e-63,TRUE,secondary_exploratory,all_eligible_drugs,Drugs used in nasal allergy,4.93335033400967e-52,TRUE,TRUE,2.93218257260506e-63,TRUE
1307000Q0,1.1462545165919,1.10192776276945,1.2229938888832,Sep,Jan,0.0456433471674342,0.0361948980095522,2,0.556129237321042,0.615807195501813,0.786951378369328,527.514174775873,515.682413866361,"bimodal (2 harmonics, 2 peaks)",130700,Silver nitrate,9.51017873794937e-07,poisson,HAC-Wald,2.79588132709533,0.00187069412313179,0.0024741314809964,1.04866819744895,FALSE,,-0.0348019140225161,-0.0295320490487253,-0.00597390743941345,-0.0356985023751307,TRUE,,5.64811834802603e-06,TRUE,secondary_exploratory,all_eligible_drugs,Preparations for warts and calluses,8.58535976194372e-32,TRUE,TRUE,4.06344000621473e-06,TRUE
1202010M0,1.14541528100267,1.11533858108848,1.18935036011591,Jun,Oct,0.0592740745737178,0.0258225125654208,1,0.564972357992243,0.764022724379049,0.769710518034074,8273.60674264176,6996.15498505785,"unimodal, non-sinusoidal (2 harmonics, 1 peak)",120201,Fluticasone propionate (Nasal),2.29938328732655e-16,poisson,HAC-Wald,158.693308567703,9.07089972960076e-09,0.00889364856355435,3.50498571349735,FALSE,,0.0228509087159187,-0.0546923384710089,-0.00476735180053072,0.0253786231305265,TRUE,,2.63482273159536e-15,TRUE,secondary_exploratory,all_eligible_drugs,Drugs used in nasal allergy,4.93335033400967e-52,TRUE,TRUE,1.82288458200105e-15,TRUE
1304000P0,1.14425715026487,1.08032828170541,1.22886451795251,Apr,Dec,0.0532558425301397,0.025026984425216,1,0.242580443566918,0.237220824328425,0.825591118932725,505.785213973271,506.860526877941,unimodal (1 harmonic preferred),130400,Fluocinonide,0.00729118398491247,negbin,NB-LRT,3.32066942009138,0.00107322014622663,0.14060100241602,,,315.338863750655,0.0201987951761705,-0.0492767027816,-0.0124710268512418,-0.0216984662751912,TRUE,,0.0210106899446886,TRUE,secondary_exploratory,all_eligible_drugs,Topical corticosteroids,0.000772676262857242,TRUE,TRUE,0.0159919968735747,TRUE
0501120P0,1.14193149625799,1.09855019402606,1.21004797192791,Feb,Jun,0.0580015078235107,0.0244465441396663,1,0.544349564641151,0.656128617722677,0.579471283652218,665.25391102751,664.57908683431,"unimodal, non-sinusoidal (2 harmonics, 1 peak)",050112,Ofloxacin,5.30996477537977e-05,negbin,NB-LRT,12.9023827471409,3.14324688546029e-05,0.0678105219979821,,,379.497037349657,0.0266522318844265,0.0515153709622627,-0.00430673104230965,-0.0240641972253773,TRUE,,0.000252288082498531,TRUE,secondary_exploratory,all_eligible_drugs,Quinolones,4.12469936146296e-10,TRUE,TRUE,0.000182929676554968,TRUE
0410020D0,1.14180228150975,1.08188258861932,1.22961848168568,Mar,Nov,0.0565199875225619,0.0202378653727179,1,0.348988066420919,0.451972505053367,0.453849780156409,386.619987372044,388.611662218074,unimodal (1 harmonic preferred),041002,Nicotine bitartrate,0.00262700218021599,poisson,Poisson-LRT,0.693283553401047,0.999991072775994,0.612002778814408,,,,0.0468243775815874,-0.0316541727683332,0.0113805514941983,-0.016734821257849,TRUE,,0.00899572923950646,TRUE,secondary_exploratory,all_eligible_drugs,Nicotine dependence,3.44007179729206e-08,TRUE,TRUE,0.00669987377745008,TRUE
1310050D0,1.13646930359338,1.09820290731983,1.20320025960325,Jun,Jan,0.0626710115790203,0.0101895989911212,1,0.319404980755547,0.43448940008464,0.485529176980129,427.122613044602,430.376528943007,unimodal (1 harmonic preferred),131005,Cetrimide,7.41150639067163e-06,poisson,Poisson-LRT,1.27444038392325,0.388851211145493,0.875585876776386,,,,-0.0266601346310866,-0.0567176596289906,-0.0101887934774335,-0.000128121325574405,TRUE,,3.8837878599834e-05,TRUE,secondary_exploratory,all_eligible_drugs,Preparations for minor cuts and abrasions,0.169535003759075,FALSE,FALSE,,FALSE
0501070W0,1.13344394113821,1.09192712464954,1.30296822302115,Oct,Feb,0.0611289775237167,0.0119726704071746,1,-0.0583255015104896,0.332288839915604,0.494615761861116,383.91365073008,387.511222699315,unimodal (1 harmonic preferred),050107,Linezolid,0.0161765254748217,poisson,HAC-Wald,1.3315317209598,0.289254164908687,0.00932539943566624,1.95089288491412,FALSE,,-0.0610838256647923,-0.0023490711458611,-0.0112354924328539,0.00413624787338933,TRUE,,0.0414629889802008,TRUE,secondary_exploratory,all_eligible_drugs,Some other antibacterials,0.00188469676334775,TRUE,TRUE,0.0321575642369567,TRUE
0208020W0,1.13046356657842,1.08264313935149,1.18719545894836,Dec,Apr,0.0442251705809273,0.0273621858001906,2,0.371858638233338,0.481500581192833,0.107167118052817,615.418838022619,611.862724603452,"bimodal (2 harmonics, 2 peaks)",020802,INR blood testing reagents,0.00016522468382397,negbin,NB-LRT,6.73541811798029,0.000797013370962022,0.579372574277705,,,556.682697174196,-0.0260596801233313,0.035731761568411,0.0180859359243878,0.0205326114633062,TRUE,,0.00074504093539142,TRUE,secondary_exploratory,all_eligible_drugs,Oral anticoagulants,0.00531800462558879,TRUE,TRUE,0.000538207138396892,TRUE
0501013K0,1.12829924581425,1.08841983712508,1.19117972092811,Jan,Aug,0.056029129242091,0.0181569479297561,1,0.562905681838396,0.624822228316398,0.609767522157024,7788.5309264223,6967.23550078504,"unimodal, non-sinusoidal (2 harmonics, 1 peak)",050101,Co-amoxiclav (Amoxicillin/clavulanic acid),5.70396996453895e-09,poisson,HAC-Wald,159.513350094075,0.000467083334139038,0.00899137108653103,0.39059655576201,FALSE,,0.0329291740165736,0.0453313668690141,0.0117933193781129,0.0138055197718051,TRUE,,3.77936513296662e-08,TRUE,secondary_exploratory,all_eligible_drugs,Penicillins,5.41228415339323e-21,TRUE,TRUE,2.71971901207727e-08,TRUE
0501130R0,1.12743691028184,1.09546636587984,1.16466725112729,Sep,May,0.052442776281679,0.0169474368322505,1,0.586203721592502,0.530641387306205,0.799097522780843,1046.14357374981,1043.98969201837,"unimodal, non-sinusoidal (2 harmonics, 1 peak)",050113,Nitrofurantoin,1.63263612973883e-08,negbin,NB-LRT,409.145820748611,4.62278815208944e-10,0.123833162289516,,,974.895541213589,-0.0434063101365318,0.0294302059874111,0.00823780549142245,-0.0148106102463272,TRUE,,1.05310436448055e-07,TRUE,secondary_exploratory,all_eligible_drugs,Urinary-tract infections,2.05997052646044e-07,TRUE,TRUE,7.56531389695882e-08,TRUE
0301011R0,1.12621605656422,1.09823270679752,1.15554003574301,Dec,Aug,0.0413474845587048,0.0295919146112081,2,0.612438353357246,0.701988269042119,0.94297892731453,113049.759965071,78681.1188218844,"bimodal (2 harmonics, 2 peaks)",030101,Salbutamol,2.03152880728498e-21,poisson,HAC-Wald,1944.47682829891,1.53448148889569e-08,0.00163566669935089,2.25313631516314,FALSE,,0.00808404870967951,0.0405495084531472,-0.0123801017466082,0.0268777694591768,TRUE,,3.04416778199318e-20,TRUE,secondary_exploratory,all_eligible_drugs,Adrenoceptor agonists,2.96694404817216e-20,TRUE,TRUE,2.08866555498987e-20,TRUE
0501060D0,1.12609102455278,1.09677565646868,1.16257186929758,Aug,Dec,0.0537024229139761,0.0164429481963554,1,0.625353128334017,0.700580021433292,0.921311095315375,649.859855037139,647.554600734657,"unimodal, non-sinusoidal (2 harmonics, 1 peak)",050106,Clindamycin hydrochloride,1.22594663488667e-09,negbin,NB-LRT,6.30014404167799,3.48309096080213e-07,0.550086302949401,,,1322.41989550999,-0.0266445050374421,-0.0466263935785437,0.0135264075377231,-0.00934916277061501,TRUE,,8.77994134102658e-09,TRUE,secondary_exploratory,all_eligible_drugs,Clindamycin and lincomycin,4.48078666131178e-09,TRUE,TRUE,6.20517604427252e-09,TRUE
1302011M0,1.12465678167613,1.09654210946476,1.16430470337206,May,Sep,0.0541131494979792,0.0150541315574425,1,0.635312407278318,0.678485252304502,0.983356427820768,547.658623225667,547.098260610823,"unimodal, non-sinusoidal (2 harmonics, 1 peak)",130201,Liquid paraffin,2.5647771260445e-08,negbin,NB-LRT,2.39116346626362,0.0129466989183427,0.111384312834127,,,1824.91805700299,0.0484362712171086,-0.0241280040445401,-0.0120874329727448,0.00897334057518089,TRUE,,1.64348218471536e-07,TRUE,secondary_exploratory,all_eligible_drugs,Emollients,4.56697434699239e-18,TRUE,TRUE,1.18015618806803e-07,TRUE
1306010B0,1.12067304154958,1.07366998508653,1.20010713182916,Apr,Nov,0.0513355463077988,0.0172417406847179,1,0.188620566862975,0.214908000580955,0.832470101574451,783.492135509063,785.698319493618,unimodal (1 harmonic preferred),130601,Azelaic acid,0.00583524676072574,negbin,NB-LRT,47.5235376146015,3.48339776181789e-06,0.231156113360284,,,263.99585962698,0.0282639551564611,-0.0428542547903206,0.00396283692578669,-0.0167801533169003,TRUE,,0.0174341421624137,TRUE,secondary_exploratory,all_eligible_drugs,Topical preparations for acne,0.0462428934317855,TRUE,TRUE,0.0132399736846812,TRUE
1304000V0,1.11739815616546,1.08306155404227,1.17346566298937,Mar,Oct,0.0565498020523068,0.00271343263132116,1,0.437465456115334,0.709840050853719,0.783049138463262,1069.10769157205,1073.03038044926,unimodal (1 harmonic preferred),130400,Hydrocortisone,8.84950526437401e-05,negbin,NB-LRT,822.114409237967,4.67039276122325e-09,0.231309286874977,,,444.168348969845,0.0554293539051978,-0.0112011980523255,0.00263895883701658,0.000631357981853887,TRUE,,0.000414395102283668,TRUE,secondary_exploratory,all_eligible_drugs,Topical corticosteroids,0.000772676262857242,TRUE,TRUE,0.000300153322884438,TRUE
0902021X0,1.11366475565053,1.10530520643392,1.12951239946153,Jan,Aug,0.0481072238333867,0.0214805562770993,2,0.590052630983867,0.698072053703124,0.52590449533319,1435.30618624559,1237.61567838277,"bimodal (2 harmonics, 2 peaks)",090202,Water for injection,2.0844261911598e-198,poisson,HAC-Wald,16.5872270839824,6.06106744845719e-11,0.0132993169621263,11.2253618204432,FALSE,,0.0206107130698546,0.0434684194756112,0.00751677286707041,0.0201224358276652,TRUE,,4.0604622203793e-196,TRUE,secondary_exploratory,all_eligible_drugs,Parent prepn for fluid and electrolyte imb,6.15845376198558e-09,TRUE,TRUE,2.7431048675663e-196,TRUE
1201030N0,1.1128790872581,1.06702715119216,1.16229105478277,Mar,Nov,0.0254747106846892,0.0376225527752137,2,0.612065145850487,0.616220434206532,0.887095669799493,727.205422284823,675.608761807857,"bimodal (2 harmonics, 2 peaks)",120103,Urea hydrogen peroxide,5.27583026975379e-09,poisson,HAC-Wald,5.35572075861434,2.59603447589551e-05,6.5871702648046e-08,9.75699708713942,FALSE,,0.0249127629116655,-0.00532119616024084,0.0162621222007832,-0.0339263888271435,TRUE,,3.54390253982082e-08,TRUE,secondary_exploratory,all_eligible_drugs,Removal of ear wax and other substances,1.47066738370915e-17,TRUE,TRUE,2.53393891788175e-08,TRUE
0501120L0,1.11165383866176,1.09168036041176,1.14324447031438,Dec,Jun,0.0542204390777053,0.0069482305563337,1,0.599601230406353,0.518809611852858,0.961262132134816,789.530504370923,792.018676857464,unimodal (1 harmonic preferred),050112,Ciprofloxacin,1.06589031548397e-10,negbin,NB-LRT,24.8707506827737,5.2937386022122e-08,0.188386854634159,,,1423.25539645494,-0.0117839377452751,0.0529244255990996,0.00362224255750743,-0.00592935634943215,TRUE,,8.37239651033377e-10,TRUE,secondary_exploratory,all_eligible_drugs,Quinolones,4.12469936146296e-10,TRUE,TRUE,5.79632915362358e-10,TRUE
0406000G0,1.11106721055208,1.08336261904065,1.16636329453202,Dec,Aug,0.0474366345170926,0.0201457923585318,2,0.223974502762007,0.43268499972551,0.591186184678762,1184.99047388616,1132.42151703263,"bimodal (2 harmonics, 2 peaks)",040600,Cyclizine lactate,2.37061660516814e-09,poisson,HAC-Wald,15.2303930081645,2.51322104081395e-08,6.25333311798926e-08,4.05030098968017,FALSE,,0.00521504908043948,0.0471490992214786,0.000157927748124777,0.0201451733320776,TRUE,,1.66113710318976e-08,TRUE,secondary_exploratory,all_eligible_drugs,Drugs used in nausea and vertigo,4.48078666131178e-09,TRUE,TRUE,1.18171645924291e-08,TRUE
0107020J0,1.10915993720427,1.07581402895718,1.17363713598579,Feb,Jul,0.0501687728135223,0.00719329510916502,1,0.538153445151935,0.522873607338405,0,5748.78065829573,5697.77808605152,"unimodal, non-sinusoidal (2 harmonics, 1 peak)",010702,Hydrocortisone,4.08821028370864e-08,poisson,HAC-Wald,126.835391441488,6.50027745054474e-07,0.0225361113398372,6.12366105091483,FALSE,,0.0385853479086417,0.0320636350463246,-0.00118743567838433,-0.00709460999895253,TRUE,,2.60256001067465e-07,TRUE,secondary_exploratory,all_eligible_drugs,Compound haemorrhoidal preparations with corticosteroid,3.54049245952409e-17,TRUE,TRUE,1.86808497686131e-07,TRUE
1304000F0,1.10893999928155,1.07467349025201,1.16373954052139,May,Oct,0.0511026421021365,0.0105598441192091,1,0.395446472391622,0.49372775363677,0.259570784640058,1050.35355609749,1053.16848597862,unimodal (1 harmonic preferred),130400,Betamethasone valerate,0.000251224766898519,negbin,NB-LRT,682.339645265535,0.000557974683256507,0.201380621474298,,,451.67803199148,0.0402550560715805,-0.0314803190976992,0.00906740119007807,0.00541225863019925,TRUE,,0.0010875241020407,TRUE,secondary_exploratory,all_eligible_drugs,Topical corticosteroids,0.000772676262857242,TRUE,TRUE,0.000787170936282027,TRUE
110802070,1.10643963403025,1.07063853715373,1.17063093243337,Oct,Mar,0.0481091447318502,0.0127351901955992,1,0.161780659637124,0.23327209002882,0.272608584006932,652.621054183175,655.164552710055,unimodal (1 harmonic preferred),110802,Ketorolac trometamol,0.00179033742522073,negbin,NB-LRT,10.6504740375592,0.00242152110668483,0.165079876423195,,,437.165544293009,-0.0480779868762231,-0.00173118016388424,-0.00899673352739514,0.00901353732754955,TRUE,,0.00643464447293353,TRUE,secondary_exploratory,all_eligible_drugs,Ocular diagnostic & peri-operative prepn & photodynamic tt,0.436913075381646,FALSE,FALSE,,FALSE
0301020I0,1.10379986389408,1.07837935916049,1.12869303698975,Dec,Aug,0.0364821903066285,0.0207458011880744,2,0.560754199404435,0.670825805432869,0.98497238059829,1273.56422209918,1105.94792462372,"bimodal (2 harmonics, 2 peaks)",030102,Ipratropium bromide,6.085862112281e-19,poisson,HAC-Wald,13.3187641785036,8.03758312451175e-08,0.0133069624184697,2.75734595662414,FALSE,,0.0148498114843828,0.0333231647423733,-0.00978020018975459,0.0182957905317981,TRUE,,8.01031040184012e-18,TRUE,secondary_exploratory,all_eligible_drugs,Antimuscarinic bronchodilators,8.45914240039922e-05,TRUE,TRUE,5.56180176372347e-18,TRUE
0501070AE,1.10129381916822,1.06938833426658,1.13610849954763,Sep,May,0.0372472627420283,0.0187905669632128,1,0.469055001210159,0.532946457868394,0.971189210361535,732.647078031936,728.25333871934,"unimodal, non-sinusoidal (2 harmonics, 1 peak)",050107,Fosfomycin trometamol,2.52667117590692e-06,negbin,NB-LRT,14.5728116496303,1.16327812573496e-08,0.278106889631182,,,1205.30179648516,-0.0329647381696392,0.017340260066701,0.0121541887038363,-0.0143304258049271,TRUE,,1.43080100310078e-05,TRUE,secondary_exploratory,all_eligible_drugs,Some other antibacterials,0.00188469676334775,TRUE,TRUE,1.02626520601651e-05,TRUE
0501015P0,1.09855329431021,1.06801545491777,1.13190751568934,Sep,May,0.0353932341224645,0.0194552123010921,1,0.425045792503001,0.402146029399906,0.823188037749953,800.817554907349,795.124476690311,"unimodal, non-sinusoidal (2 harmonics, 1 peak)",050101,Pivmecillinam hydrochloride,1.88002117227621e-06,negbin,NB-LRT,27.4720251176741,5.47800605162364e-10,0.35926296730212,,,1254.91031518983,-0.0275422108770513,0.0222285321524301,0.00753340995453507,-0.0179374752999824,TRUE,,1.07714154223354e-05,TRUE,secondary_exploratory,all_eligible_drugs,Penicillins,5.41228415339323e-21,TRUE,TRUE,7.7315870709859e-06,TRUE
1001022K0,1.09817925785064,1.065827976613,1.18485536750261,Jul,Jan,0.0468436316030457,0.00578399895544376,1,0.425234959540945,0.612372360134802,0.943937431285565,8397.73162457226,8367.27425177395,"unimodal, non-sinusoidal (2 harmonics, 1 peak)",100102,Methylprednisolone acetate,0.000460789704169883,poisson,HAC-Wald,193.252861263071,3.72836704237068e-10,0.00172606228782801,9.01268609992798,FALSE,,-0.0245009996223314,-0.0399252656756142,-0.00572341905978423,-0.000834936035078759,TRUE,,0.00187786264377182,TRUE,secondary_exploratory,all_eligible_drugs,Corticosteroids,1.34640025024188e-11,TRUE,TRUE,0.00136576407812515,TRUE
0501021L0,1.09799766776023,1.06972185946507,1.13427832532543,Dec,May,0.0437515403842249,0.00901728311871896,1,0.431049505039233,0.368031355660391,0.275915898860343,895.372572655557,897.470163983991,unimodal (1 harmonic preferred),050102,Cefalexin,1.27238717268367e-06,negbin,NB-LRT,91.6221170881292,0.000669502258550881,0.0980244862204472,,,1015.07906433338,-0.00986262140308741,0.0426254147786485,0.00785537827630219,0.0044276886723587,TRUE,,7.46569341080661e-06,TRUE,secondary_exploratory,all_eligible_drugs,Cephalosporins and other beta-lactams,4.30504844194276e-06,TRUE,TRUE,5.36686384375549e-06,TRUE
1310020N0,1.09772384418684,1.07871506555998,1.2899175350946,Aug,Dec,0.0441132344763982,0.0151580837419531,1,0.308328991434445,0.494778717461821,0.901457936289368,7201.67624941059,6999.20178688441,"unimodal, non-sinusoidal (2 harmonics, 1 peak)",131002,Miconazole nitrate,0.000828848860594372,poisson,HAC-Wald,159.401782006259,2.83161621717589e-08,6.28680737668752e-06,1.86463586697821,FALSE,,-0.00429453852637587,-0.043903694546304,0.00114542247412966,-0.015114744790562,TRUE,,0.00313713045991835,TRUE,secondary_exploratory,all_eligible_drugs,Antifungal preparations,0.000226648496068398,TRUE,TRUE,0.00230712367720037,TRUE
1404000G0,1.096482401446,1.05832315356334,1.16941035450654,Jan,Oct,0.0193372254397694,0.0354490536821394,2,0.324379717913447,0.50881881504549,0.628450036163403,1247.71698383994,1129.98670551103,"bimodal (2 harmonics, 2 peaks)",140400,Hepatitis B,0.00670216850091968,poisson,HAC-Wald,15.7082921846524,1.18910388167154e-07,0.0198546048115666,0.59696471707162,FALSE,,0.0141562004927753,0.0131730890574995,0.0344821301969523,0.00822302280427524,TRUE,,0.0196033396993867,TRUE,secondary_exploratory,all_eligible_drugs,Vaccines and antisera,5.01709265504371e-74,TRUE,TRUE,0.0149492436393395,TRUE
1304000X0,1.09566420170065,1.06356905311508,1.15839329965482,Mar,Nov,0.037114628325069,0.0244452798827754,2,0.474396277343251,0.626265760810013,0.261050195759251,878.867387677194,876.917633797391,"bimodal (2 harmonics, 2 peaks)",130400,Hydrocortisone acetate,0.0021436967064229,negbin,NB-LRT,104.600194005685,5.15891691797898e-08,0.0787457241136735,,,456.984978589946,0.013904795426452,-0.0344115140593455,0.0175814803705935,-0.0169842060905319,TRUE,,0.00748372972063048,TRUE,secondary_exploratory,all_eligible_drugs,Topical corticosteroids,0.000772676262857242,TRUE,TRUE,0.00553157816794615,TRUE
0501070I0,1.09368198800153,1.05102875558789,1.15217149357455,Dec,Mar,0.0273940092665592,0.0260996320116716,2,0.0682321349724872,0.213504569907587,0.465190033432631,618.626458122984,616.282651755275,"bimodal (2 harmonics, 2 peaks)",050107,Colistimethate sodium,0.0172468909459516,negbin,NB-LRT,6.92865544636093,0.00337667775940622,0.511137481074518,,,499.574063551967,-0.0137181086919752,0.0237117109802622,-0.0014363704383324,0.0260600773427202,TRUE,,0.0438602396380074,TRUE,secondary_exploratory,all_eligible_drugs,Some other antibacterials,0.00188469676334775,TRUE,TRUE,0.0339774079114854,TRUE
0304010N0,1.08901485834633,1.05939762416,1.14034023631663,Oct,Jun,0.0405633997520986,0.0108893765077233,1,0.249634246561505,0.323576933738777,0.67049313874624,598.302949917947,600.666079599367,unimodal (1 harmonic preferred),030401,Diphenhydramine hydrochloride,0.000549628855438867,negbin,NB-LRT,5.27031205066859,0.000154782633072181,0.17435659054476,,,768.855694527729,-0.0135676715255417,0.0382270544094567,0.000172126580794479,-0.0108880160344822,TRUE,,0.00219401026720269,TRUE,secondary_exploratory,all_eligible_drugs,Antihistamines,1.95040709693529e-226,TRUE,TRUE,0.00159319729902544,TRUE
1305030C0,1.08899494575207,1.07279288467014,1.11994162023329,Apr,Sep,0.0426222110161177,0.0061273328822327,1,0.523141119633562,0.657264603314228,0.978675510505158,2216.35699411209,2196.66010255543,"unimodal, non-sinusoidal (2 harmonics, 1 peak)",130503,Tacrolimus,2.77665498970589e-13,poisson,HAC-Wald,40.0195914066865,5.07390434098123e-08,0.00709713532884881,4.31384367570094,FALSE,,0.0425242983806954,-0.00288737235770804,-0.00176185636908335,0.00586856629718116,TRUE,,2.57567805711765e-12,TRUE,secondary_exploratory,all_eligible_drugs,Drugs affecting the immune response,3.37494744913336e-14,TRUE,TRUE,1.77382425555968e-12,TRUE
0702020F0,1.08760816189398,1.04664841843585,1.14219961663135,Sep,May,0.0286240717660413,0.0200308550043853,2,0.522509478366474,0.508686002324091,0.397700156003939,6668.20862454699,6038.72769927605,"bimodal (2 harmonics, 2 peaks)",070202,Clotrimazole,0.00284899633501667,poisson,HAC-Wald,134.174623085116,3.23988481283718e-09,0.0042030806662573,1.18130017318745,FALSE,,-0.0242838085219794,0.0151536836490447,0.00780886164955425,-0.0184460519338103,TRUE,,0.00950046296717277,TRUE,secondary_exploratory,all_eligible_drugs,Vaginal and vulval infections,0.00509117132759724,TRUE,TRUE,0.00707411165449423,TRUE
0206020R0,1.08599414430498,1.07949399562328,1.09527028430082,Jan,Aug,0.0414155554451442,0.00464223171770943,1,0.568133451508062,0.480636073528356,0.0965642406860549,3369.17151770005,3319.99749906817,"unimodal, non-sinusoidal (2 harmonics, 1 peak)",020602,Nifedipine,2.49201522571961e-185,poisson,HAC-Wald,66.4214776447707,1.16066677851204e-07,6.32562795773728e-05,4.90783973992298,FALSE,,0.0305815972429496,0.0279287332849135,-0.00386644076157798,0.00256923162796112,TRUE,,4.04537138308483e-183,TRUE,secondary_exploratory,all_eligible_drugs,Calcium-channel blockers,3.20982104870482e-14,TRUE,TRUE,2.7329100308725e-183,TRUE
0501030F0,1.08591354385961,1.05445461468113,1.1476586897281,Sep,Mar,0.0412663527584625,0.00528337646290758,1,-0.0279876918396543,0.180228767087533,0.838243001018764,453.570471475803,457.296273832375,unimodal (1 harmonic preferred),050103,Demeclocycline hydrochloride,0.0037626375194306,poisson,Poisson-LRT,1.6198093119679,0.0706586115771075,0.443829904469868,,,,-0.0412108043185105,0.00214043860161801,-0.00284252526994295,-0.00445355104815714,TRUE,,0.0119764998167497,TRUE,secondary_exploratory,all_eligible_drugs,Tetracyclines,3.22372888099791e-88,TRUE,TRUE,0.00903582294812166,TRUE
1305020D0,1.08520951674959,1.07380038429008,1.108104746005,Apr,Oct,0.0419704407703533,0.00101154314995434,1,0.576322028683456,0.595085761752178,0.0682439129693276,4673.08448482492,4674.71837124887,unimodal (1 harmonic preferred),130502,Calcipotriol,1.23237780643332e-35,poisson,HAC-Wald,100.066752127356,4.9514166531816e-07,0.00719419867994386,1.96604694259584,FALSE,,0.0306703954249283,-0.0286503881812492,-0.000932274331806756,0.000392535494540077,TRUE,,3.15877890385804e-34,TRUE,secondary_exploratory,all_eligible_drugs,Preparations for psoriasis,2.00974064079059e-55,TRUE,TRUE,2.13395946482401e-34,TRUE
1304000Y0,1.08520664330527,1.05124866496861,1.13346304554433,May,Sep,0.0338992654547007,0.0159787742570383,2,0.198855328772076,0.403142745560181,0.800030093422373,928.934807368787,929.806145269424,unimodal (1 harmonic preferred),130400,Mometasone furoate,0.00582507932880178,negbin,NB-LRT,167.59335742119,2.26119497501709e-06,0.170791279496671,,,537.624660791574,0.0322529019545475,-0.0104360200209953,-0.000455884717845606,0.0159722695908072,TRUE,,0.0174341421624137,TRUE,secondary_exploratory,all_eligible_drugs,Topical corticosteroids,0.000772676262857242,TRUE,TRUE,0.0132399736846812,TRUE
0302000C0,1.08397340048727,1.06725272987007,1.10172120510006,Dec,Aug,0.029191005030904,0.0179098330758668,2,0.487793802077358,0.517067750491243,0.217390972850522,44842.3106898619,36636.2530795865,"bimodal (2 harmonics, 2 peaks)",030200,Beclometasone dipropionate,3.47056834273804e-29,poisson,HAC-Wald,895.017895153268,2.98556636144661e-08,0.000135471949362365,0.802994749424387,FALSE,,0.00964176504901138,0.027552697534977,-0.00792117089213782,0.0160629129519823,TRUE,,7.68257628597012e-28,TRUE,secondary_exploratory,all_eligible_drugs,Corticosteroids (respiratory),5.7573277320653e-30,TRUE,TRUE,5.19007720345825e-28,TRUE
1310030C0,1.08349711805364,1.06716157965277,1.10686351015129,Dec,Aug,0.0339408640620427,0.0126943433290407,1,0.355409919277006,0.48392667610996,0.872467924335101,938.764038165334,915.443137610577,"unimodal, non-sinusoidal (2 harmonics, 1 peak)",131003,Aciclovir,8.57260893848386e-22,poisson,HAC-Wald,9.63656305489345,1.38898555396505e-06,0.0141405041081637,1.0042238440834,FALSE,,0.0180216464234647,0.0287611285151624,-0.00376413234825278,0.0121234343409942,TRUE,,1.30464392282551e-20,TRUE,secondary_exploratory,all_eligible_drugs,Antiviral preparations,7.21065830915685e-21,TRUE,TRUE,8.95361378019425e-21,TRUE
1303000AA,1.0813553559184,1.05123666818318,1.12023613173963,Jul,Nov,0.0330029945323991,0.0132875020002419,1,0.311206319578839,0.358088026037604,0.927454781433862,749.256332299701,750.048402340704,unimodal (1 harmonic preferred),130300,Menthol,0.000665565209183482,negbin,NB-LRT,20.604902168445,3.44860866757831e-06,0.134739352329405,,,852.098784888364,0.00146696986187751,-0.0329703753016235,0.0121871992769992,-0.00529432556508798,TRUE,,0.00259304205497885,TRUE,secondary_exploratory,all_eligible_drugs,Topical local anaesthetics and antipruritics,0.0257285967380165,TRUE,TRUE,0.0018958524140378,TRUE
1302010U0,1.07863728981249,1.05559206371469,1.11342669589032,Jun,Nov,0.0381018526295432,0.00461837968167598,1,0.36471577534397,0.363732385501447,0.552493077855845,832.454423894407,835.969271141687,unimodal (1 harmonic preferred),130201,Urea,4.2972214302922e-05,negbin,NB-LRT,46.0352011581084,6.45775996638523e-06,0.145556591708333,,,1005.1736004313,0.0120855010256883,-0.0361343581479112,0.00395227217496348,-0.00238934625768786,TRUE,,0.000206181954340128,TRUE,secondary_exploratory,all_eligible_drugs,Emollients,4.56697434699239e-18,TRUE,TRUE,0.000148819563217488,TRUE
1306010Z0,1.07729731183461,1.05098585134755,1.13996220130577,Sep,Jun,0.0170104518500297,0.0276976251065507,2,0.36424187979726,0.406178215521815,0.816905726227544,5310.42280258989,4797.44676309753,"bimodal (2 harmonics, 2 peaks)",130601,Adapalene and benzoyl peroxide,0.00590170349941923,poisson,HAC-Wald,104.505448407915,3.27696710509466e-09,0.0353731347835218,1.30668163614534,FALSE,,-0.0162584831365652,0.00500171952834281,-0.00772824467900153,-0.0265976064848797,TRUE,,0.0175251805135193,TRUE,secondary_exploratory,all_eligible_drugs,Topical preparations for acne,0.0462428934317855,TRUE,TRUE,0.0132990441870474,TRUE
1002020Y0,1.0736339163094,1.05140259595245,1.10641575483314,Dec,Aug,0.0268246571507433,0.0164378046807003,2,0.258905633219365,0.332804564115626,0.975756578442615,409.879727735158,411.579620734379,unimodal (1 harmonic preferred),100202,Dronabinol/cannabidiol,2.80893415749023e-10,poisson,HAC-Wald,0.636409703942233,0.999999921562837,0.0114128649376449,6.35893834036657,FALSE,,0.0169328620088873,0.0208048171211118,-0.0139144618532297,0.00875152409902794,TRUE,,2.12085416232208e-09,TRUE,secondary_exploratory,all_eligible_drugs,Skeletal muscle relaxants,0.108400217093321,FALSE,FALSE,,FALSE
1309000X0,1.07286166296847,1.0624628880631,1.09483520354231,Aug,Dec,0.0334278030941868,0.00724683935357089,1,0.412300008075233,0.261305316765668,0.544215170466312,589.040529171063,590.327930706046,unimodal (1 harmonic preferred),130900,Eflornithine monohydrate chloride,4.27464362351503e-28,poisson,HAC-Wald,2.9273395492056,0.0036445061807968,0.00801194165442998,3.74820442212525,FALSE,,-0.0150559311338341,-0.0298452166585697,0.00318861670311477,-0.00650764197978663,TRUE,,9.25222864289698e-27,TRUE,secondary_exploratory,all_eligible_drugs,Shampoo and other preparations for scalp and hair conditions,0.00494846301137637,TRUE,TRUE,6.2504788983842e-27,TRUE
0501080W0,1.06931768677065,1.04995917798883,1.10659111389936,Oct,Jun,0.0324976288901936,0.0108915565842814,1,0.488534455827435,0.607846226687465,0.160632494813528,946.302274737973,947.285659761168,unimodal (1 harmonic preferred),050108,Trimethoprim,8.66203854209759e-05,negbin,NB-LRT,138.827929425808,4.36893315151784e-12,0.0782225984168888,,,1117.4346920529,-0.00828153263085368,0.0314247052614476,0.00329986294270225,-0.0103796391742673,TRUE,,0.000407576113043626,TRUE,secondary_exploratory,all_eligible_drugs,Sulfonamides and trimethoprim,0.000378108884704967,TRUE,TRUE,0.000295317168948198,TRUE
0501030P0,1.06910592448773,1.03911855444327,1.13462841898763,Jan,Jun,0.0323230905231807,0.00595421109780662,1,0.292005274458087,0.357448542318164,0.98865940544127,489.18118857831,492.457004178074,unimodal (1 harmonic preferred),050103,Minocycline hydrochloride,0.0019631460909633,poisson,HAC-Wald,1.65106475096226,0.086888934777205,0.00426927371318286,5.61438025709581,FALSE,,0.00193410530655681,0.032265173448052,0.00583372717399615,-0.00119174538246322,TRUE,,0.00692791410361686,TRUE,secondary_exploratory,all_eligible_drugs,Tetracyclines,3.22372888099791e-88,TRUE,TRUE,0.00512599257084861,TRUE
0702020E0,1.06765507926944,1.04204945912232,1.15307348292003,Jan,Jun,0.032090057540126,0.00421511634474578,1,0.13863515371554,0.362236412943658,0.786388782610453,615.983244505966,619.291567238397,unimodal (1 harmonic preferred),070202,Clindamycin phosphate,0.00526421367021854,poisson,HAC-Wald,4.00910989068642,0.00216008782487087,0.0273282276343587,2.24954284839495,FALSE,,0.00452258164423675,0.0317697662597604,0.00416944760446546,-0.000618799218939594,TRUE,,0.0159730346255229,TRUE,secondary_exploratory,all_eligible_drugs,Vaginal and vulval infections,0.00509117132759724,TRUE,TRUE,0.0121113727098035,TRUE
0703022M0,1.06663027279602,1.05165793139234,1.08300942390831,Feb,Oct,0.0222125995639715,0.0156223843058229,2,0.5411469890848,0.688300870772651,0.85902705053409,4129.5378950375,3751.79923422011,"bimodal (2 harmonics, 2 peaks)",070302,Medroxyprogesterone acetate,4.29009462335613e-25,poisson,HAC-Wald,77.7378416264589,1.09187807629786e-08,5.55929546841583e-09,12,TRUE,,0.0220645192708212,-0.0025605797657771,0.0151771141846664,0.00370325484194906,TRUE,,7.7380595613868e-24,TRUE,secondary_exploratory,all_eligible_drugs,Progestogen-only contraceptives,0.000388275226870467,TRUE,TRUE,5.32619294748743e-24,TRUE
0501110C0,1.06524860348091,1.03768494017553,1.10472496615336,Sep,Jun,0.0144382502857095,0.022764115319002,2,0.489581345555533,0.629027632611457,0.61463058763868,3687.39435182024,3185.94883203612,"bimodal (2 harmonics, 2 peaks)",050111,Metronidazole,0.000750172403346536,poisson,HAC-Wald,63.9104390877028,2.13314134614762e-09,0.000105655161123042,6.45196021790013,FALSE,,-0.00679715970734078,0.0127381981153416,0.00643238738479536,-0.0218364222982784,TRUE,,0.00286536439552755,TRUE,secondary_exploratory,all_eligible_drugs,"Metronidazole, tinidazole and ornidazole",0.00172848088230961,TRUE,TRUE,0.00210945915129069,TRUE
0404000M0,1.06493333670364,1.04386321038048,1.10487962331939,Apr,Aug,0.0245965722272306,0.0145777246778954,2,0.514416572953377,0.709958505260491,0.961915618328881,11832.4682124403,11147.8188665738,"bimodal (2 harmonics, 2 peaks)",040400,Methylphenidate hydrochloride,0.000209687115929184,poisson,HAC-Wald,259.935814184211,7.81949191082574e-09,0.00284687192681254,4.58119946577115,FALSE,,0.0225363258827368,0.00985420626110784,-0.0137860511993173,0.00473865477897716,TRUE,,0.00092834204961375,TRUE,secondary_exploratory,all_eligible_drugs,CNS stimulants and drugs used for ADHD,0.0251947058398018,TRUE,TRUE,0.000673044498933673,TRUE
0803042S0,1.0631047028586,1.04577671838235,1.13122396484962,Nov,Aug,0.00943243502242971,0.0268650381269249,2,0.512775143579758,0.522635102918677,0.972391652582458,563.627584653911,534.49849918198,"bimodal (2 harmonics, 2 peaks)",080304,Triptorelin embonate,1.02087446262691e-05,poisson,HAC-Wald,1.67427504825086,0.0945220729884324,1.55020548212592e-05,12,TRUE,,0.00758960173512052,0.00560078351256449,-0.0175811114585574,0.0203134141257178,TRUE,,5.2059252701498e-05,TRUE,secondary_exploratory,all_eligible_drugs,Hormone antagonists,0.00341395403142288,TRUE,TRUE,3.77379436184555e-05,TRUE
1305020W0,1.06287502428388,1.04311291784339,1.10882480811726,Apr,Sep,0.0292140771639826,0.0102756040359143,1,0.277793245862854,0.318889197369726,0.08930195402345,538.831675280126,541.125074360498,unimodal (1 harmonic preferred),130502,Calcitriol,0.00928055313741633,negbin,NB-LRT,2.56759157783349,0.00485446970229912,0.0550324511186203,,,1325.03344269876,0.0226535862424103,-0.0184466076800263,-0.0101915164967472,0.00131188025346414,TRUE,,0.0259748814823089,TRUE,secondary_exploratory,all_eligible_drugs,Preparations for psoriasis,2.00974064079059e-55,TRUE,TRUE,0.0199562221059475,TRUE
0601040I0,1.06273678009571,1.05335383458424,1.07981212429165,Jul,Dec,0.0293331001111997,0.00922762679329426,1,0.406288512941168,0.554085556328227,0.856827064988377,1563.44854013322,1512.81178198454,"unimodal, non-sinusoidal (2 harmonics, 1 peak)",060104,Glucose,3.06529986226543e-37,poisson,HAC-Wald,22.890022477468,8.70673255392241e-08,0.00643467412005971,2.1986453491468,FALSE,,-0.0126739550626666,-0.0264537639137264,0.00828688174669473,0.00405914857483931,TRUE,,8.29333907179592e-36,TRUE,secondary_exploratory,all_eligible_drugs,Treatment of hypoglycaemia,7.73581751734925e-32,TRUE,TRUE,5.60268697047404e-36,TRUE
0302000K0,1.05929562938318,1.04601197358624,1.07471591735333,Dec,Aug,0.0203601945320716,0.0135432159335354,2,0.278766249869785,0.467609121852827,0.953498585132234,10645.2061226238,9285.05176749884,"bimodal (2 harmonics, 2 peaks)",030200,Budesonide,3.54754833667584e-27,poisson,HAC-Wald,213.600435617119,3.5647104051259e-06,0.000499036320941504,4.93312697611524,FALSE,,0.00997425050605056,0.0177496999475019,-0.00287508892649692,0.0132345215813456,TRUE,,7.05165730596381e-26,TRUE,secondary_exploratory,all_eligible_drugs,Corticosteroids (respiratory),5.7573277320653e-30,TRUE,TRUE,4.76385062353613e-26,TRUE
1202020L0,1.05884112016031,1.04809624181976,1.07668650012235,Dec,Sep,0.0220804308679523,0.0138487016954508,2,0.216148042956035,0.406284259618735,0.610558669311292,1162.64811506382,1095.74746230875,"bimodal (2 harmonics, 2 peaks)",120202,Sodium chloride,1.9293937775982e-24,poisson,HAC-Wald,13.1971799697838,3.66664583698643e-07,0.000177369130400673,7.64816168149534,FALSE,,0.0103501271133209,0.019504366076664,0.00227676177571612,0.0136602669983504,TRUE,,3.41678098069209e-23,TRUE,secondary_exploratory,all_eligible_drugs,Topical nasal decongestants,0.00140116339488567,TRUE,TRUE,2.35100204751781e-23,TRUE
0606020Z0,1.05868758740411,1.05080837763016,1.07596356508854,Jun,Sep,0.00168211655834352,0.0279298732480682,2,0.533204120734819,0.586465336669409,0.921543559322845,1260.88566442177,1105.33433959131,"bimodal (2 harmonics, 2 peaks)",060602,Denosumab,8.69095545723368e-27,poisson,HAC-Wald,14.0107251830346,1.39209605324243e-05,1.08408667857107e-05,12,TRUE,,0.000556990111413057,-0.00158722340319235,0.00519278279336326,0.0274429012043936,TRUE,,1.65980208144032e-25,TRUE,secondary_exploratory,all_eligible_drugs,Bisphosphonates and other drugs,0.0694650838455479,FALSE,FALSE,,FALSE
0101021B0,1.05820828076708,1.04488992611197,1.0805630439618,Dec,Jul,0.027298847028074,0.00492460787705334,1,0.210157728355988,0.170296622047655,0.105766995514432,12853.7108825235,12658.2219871012,"unimodal, non-sinusoidal (2 harmonics, 1 peak)",010102,Alginic acid compound preparations,2.58583610962564e-10,poisson,HAC-Wald,298.559182081073,9.35538473868293e-09,0.0416981856103673,2.64498163554009,FALSE,,0.0116709253478359,0.0246782606880515,-0.00331424613553025,0.00364246280637957,TRUE,,1.96765966466826e-09,TRUE,secondary_exploratory,all_eligible_drugs,Compound alginates and proprietary indigestion preparations,9.844932030669e-10,TRUE,TRUE,1.37216141946264e-09,TRUE
0301011V0,1.05812641552827,1.04243931320637,1.08678339202907,Dec,Aug,0.0146844361190304,0.0208727024164382,2,0.267578995840427,0.227090942056604,0.962145272318568,1870.12117614873,1561.35164796987,"bimodal (2 harmonics, 2 peaks)",030101,Terbutaline sulphate,7.30376523618985e-07,poisson,HAC-Wald,23.9671880312365,8.834303238134e-09,0.00299048174121674,1.56705685908013,FALSE,,-0.000454872563816052,0.0146773892462036,-0.00531021399275124,0.0201859191892858,TRUE,,4.39127613583266e-06,TRUE,secondary_exploratory,all_eligible_drugs,Adrenoceptor agonists,2.96694404817216e-20,TRUE,TRUE,3.16176152987692e-06,TRUE
0107010Z0,1.05792471588103,1.0447085947082,1.07274303714228,Feb,Jun,0.0209477230940657,0.011856983060836,2,0.373137552578218,0.298422274721644,0.431952299826539,1260.60893977059,1225.98368715799,"bimodal (2 harmonics, 2 peaks)",010701,Zinc oxide,3.87079292033149e-26,poisson,HAC-Wald,16.7280978905077,1.33878348617228e-08,0.000657532110687975,12,TRUE,,0.00860964601548797,0.0190966253121762,0.00400338103174332,-0.0111606893881887,TRUE,,7.25029289308245e-25,TRUE,secondary_exploratory,all_eligible_drugs,Soothing haemorrhoidal preparations,3.88567411103636e-20,TRUE,TRUE,4.99408184623161e-25,TRUE
1304000D0,1.05776002068643,1.03735727730613,1.10196058841214,Jun,Nov,0.0267309343234288,0.00974635747703124,1,0.321350731440562,0.395121173361403,0.758594054723807,831.781543220626,834.045644732891,unimodal (1 harmonic preferred),130400,Betamethasone esters,0.0131530520110166,negbin,NB-LRT,50.8089414564922,3.29575803029065e-09,0.11685674499697,,,812.567886215895,0.0130716720386311,-0.0233168231094618,0.00908711327254676,-0.00352361411649848,TRUE,,0.0348126974422016,TRUE,secondary_exploratory,all_eligible_drugs,Topical corticosteroids,0.000772676262857242,TRUE,TRUE,0.0268779758485992,TRUE
0501030T0,1.05731329627717,1.03952175098543,1.08198979056744,Apr,Sep,0.0258716046685438,0.00659417830466345,1,0.224778638802004,0.413168508689753,0.981481527586856,937.192401115112,926.78720308232,"unimodal, non-sinusoidal (2 harmonics, 1 peak)",050103,Oxytetracycline,5.36429452965501e-16,poisson,HAC-Wald,9.11420742818824,2.11125349934228e-07,0.00405883174898125,6.64455259052359,FALSE,,0.0247549550902787,-0.00751878491537732,-0.00659274188467209,0.000137629777971218,TRUE,,5.7415635954769e-15,TRUE,secondary_exploratory,all_eligible_drugs,Tetracyclines,3.22372888099791e-88,TRUE,TRUE,3.96596157361011e-15,TRUE
130201000,1.05730296848261,1.04774741483469,1.07409572362141,Apr,Oct,0.028192387735898,0.00113784864874966,1,0.351093680423613,0.395056176699274,0.00821434278157784,17259.5724852534,17251.7971494355,"unimodal, non-sinusoidal (2 harmonics, 1 peak)",130201,Other emollient preparations,2.94164756553563e-27,poisson,HAC-Wald,413.125554117863,1.34160882350671e-07,0.00869952348784953,8.77829129343169,FALSE,,0.0219719325432661,-0.0176647928537353,0.0010667837227633,0.000395818185924673,TRUE,,5.96909318506606e-26,TRUE,secondary_exploratory,all_eligible_drugs,Emollients,4.56697434699239e-18,TRUE,TRUE,4.0325085377551e-26,TRUE
1001010J0,1.05696470918583,1.03935020603546,1.07800390249567,Dec,Aug,0.0206280599612756,0.0126722500126672,2,0.292747482704845,0.461663648829929,0.964913405834828,3869.44360471285,3578.78092298019,"bimodal (2 harmonics, 2 peaks)",100101,Ibuprofen,1.77028707223328e-10,poisson,HAC-Wald,73.1295722373684,1.38316338800988e-07,0.0010867893163975,3.03902405212043,FALSE,,0.00678938644996248,0.0194787342863711,-0.0100302770859411,0.00774464085434504,TRUE,,1.36846000663113e-09,TRUE,secondary_exploratory,all_eligible_drugs,Non-steroidal anti-inflammatory drugs,5.27206392050756e-10,TRUE,TRUE,9.47031620755691e-10,TRUE
0901011W0,1.05618814335089,1.03624168763466,1.10552135940705,Jul,Dec,0.0266851301990895,0.00469424016916243,1,0.487765873914203,0.494479938967861,0.825626960203305,2001.22385386008,1996.86241930255,"unimodal, non-sinusoidal (2 harmonics, 1 peak)",090101,Sodium feredetate,0.0137690021918587,poisson,HAC-Wald,35.4499028417852,5.7691189080804e-07,0.00086160965021298,3.95211289340378,FALSE,,-0.000399866657912037,-0.0266821341050196,0.00384850677231064,-0.00268791487760631,TRUE,,0.0360510971367482,TRUE,secondary_exploratory,all_eligible_drugs,Iron-deficiency anaemias,4.30049447409871e-15,TRUE,TRUE,0.0279629735871698,TRUE
0501030L0,1.05555256837246,1.03614158278368,1.09008206469299,Apr,Dec,0.0241441344486081,0.0130858060821752,2,0.327407270740158,0.60318613161971,0.881669064228034,4255.20314237906,3957.40484060344,"bimodal (2 harmonics, 2 peaks)",050103,Lymecycline,0.00033027989048986,poisson,HAC-Wald,82.642010843797,3.45672716926195e-10,0.00917239947483495,4.7885594376827,FALSE,,0.0228213638164225,-0.0078819148581387,-0.00794396230468465,-0.0103986433596908,TRUE,,0.00138660609197036,TRUE,secondary_exploratory,all_eligible_drugs,Tetracyclines,3.22372888099791e-88,TRUE,TRUE,0.00100149386148538,TRUE
0901020N0,1.0555481804641,1.03987482559254,1.0811188718661,Jul,Nov,0.0159309823377043,0.0176030662754719,2,0.424064591470063,0.488493734007351,0.852847378132982,13506.1835645421,11658.7225321408,"bimodal (2 harmonics, 2 peaks)",090102,Hydroxocobalamin,1.92798821694637e-09,poisson,HAC-Wald,273.188513159529,2.6575718495335e-06,9.26411039693376e-05,10.1673457459123,FALSE,,-0.00811104682551664,-0.0137115687519162,0.0175001220835284,-0.00190096537587089,TRUE,,1.36076849514911e-08,TRUE,secondary_exploratory,all_eligible_drugs,Drugs used in megaloblastic anaemias,0.368742866068691,FALSE,FALSE,,FALSE
0902012L0,1.05516841795515,1.03694991757739,1.09245380095397,Aug,Dec,0.0248403952178949,0.0105754337748302,2,0.101738276184196,0.279211085535339,0.667634536872681,700.530644150713,701.811739095167,unimodal (1 harmonic preferred),090201,Sodium chloride,0.00332584153582806,negbin,NB-LRT,11.1098681218805,4.47610332432889e-06,0.203660880917901,,,1199.83868210169,-0.0161857803130931,-0.01884318843077,0.0104575643696554,-0.00157453071749472,TRUE,,0.0107978988529884,TRUE,secondary_exploratory,all_eligible_drugs,Oral preparation for fluid and electrolyte imbalance,8.65885960246975e-07,TRUE,TRUE,0.00810519900212913,TRUE
130201100,1.05511614819469,1.0357934264498,1.09021247440539,Apr,Oct,0.0271530364839177,0.000866549120802552,1,0.30727823505654,0.388775766405495,0.928657844827958,829.813294838765,833.794527125545,unimodal (1 harmonic preferred),130201,Emollient bath and shower preparations,0.00548478674978424,negbin,NB-LRT,43.936073804815,8.09772208415015e-07,0.0699187563224983,,,1092.50869087106,0.0253341102039486,-0.00977088790597625,0.000866300114234526,-2.077235761589e-05,TRUE,,0.0165846972532646,TRUE,secondary_exploratory,all_eligible_drugs,Emollients,4.56697434699239e-18,TRUE,TRUE,0.0125748769385297,TRUE
0409010U0,1.05491282463739,1.03937642149317,1.0961345247273,Jan,May,0.0196727495133361,0.0125935844473674,2,0.203579547090052,0.20966690954214,0.740526816494673,440.942365621661,443.477069524257,unimodal (1 harmonic preferred),040901,Cabergoline,0.000329982342529661,poisson,HAC-Wald,1.31595405646149,0.311740186514073,0.00920222487806344,3.48917453491929,FALSE,,0.00669663642119946,0.0184978953953343,0.0123661719893316,-0.00238246921559243,TRUE,,0.00138660609197036,TRUE,secondary_exploratory,all_eligible_drugs,Dopaminergic drugs used in parkinsonism,0.000377505620594641,TRUE,TRUE,0.00100149386148538,TRUE
0205051W0,1.05469379323576,1.03449400506679,1.09410689337928,Jan,Apr,0.00741269804374043,0.022942261167069,2,-0.0301655002152539,0.0946229773619656,0.952221712601555,407.534160011893,407.450163571703,"bimodal (2 harmonics, 2 peaks)",020505,Imidapril hydrochloride,7.33884611123221e-09,poisson,HAC-Wald,0.675765355756689,0.999934580600174,0.00723034641235354,8.98594618188134,FALSE,,0.00116300277875561,0.00732089590311732,0.0153958248166662,0.0170092893935204,TRUE,,4.79733967271153e-08,TRUE,secondary_exploratory,all_eligible_drugs,Renin-angiotensin system drugs,0.0166702504942612,TRUE,TRUE,3.44925767227914e-08,TRUE
1311030A0,1.05352702698108,1.03288154883076,1.09045833808145,Apr,Jan,0.0199859624120321,0.0123613500259568,2,0.417981440106437,0.493288585779579,0.779457843069021,568.788218955156,566.173373931944,"bimodal (2 harmonics, 2 peaks)",131103,Alkyl sulphate,0.000455444447466486,poisson,HAC-Wald,2.5396214278662,0.00792738076354129,0.0240416335213516,5.08599176336631,FALSE,,0.00870278371157186,-0.0179916716623208,-0.0115812363195088,-0.00432179821092003,TRUE,,0.00186387769677461,TRUE,secondary_exploratory,all_eligible_drugs,Cationic surfactants and soaps,0.00112297682680614,TRUE,TRUE,0.00135602916937986,TRUE
0803042P0,1.05289273328958,1.0281411198951,1.1011942568562,Jan,May,0.0211094662117314,0.011029834906223,2,-0.119042661959336,0.338505646003859,0.678945294263329,570.415618517458,569.67992670401,"bimodal (2 harmonics, 2 peaks)",080304,Triptorelin acetate,0.000548294524314552,poisson,HAC-Wald,2.73018779802427,0.000878259468423734,0.00565934001010338,11.0504166221422,FALSE,,0.00955197183829942,0.0188247017969626,0.0109327164130261,-0.00146046906536345,TRUE,,0.00219401026720269,TRUE,secondary_exploratory,all_eligible_drugs,Hormone antagonists,0.00341395403142288,TRUE,TRUE,0.00159319729902544,TRUE
0604011G0,1.05252501756855,1.03579919304987,1.08892096495266,Jul,Feb,0.0255523607999587,0.00563441827786224,1,0.287447183367924,0.19427764139546,0.961934225926258,1056.92098550592,1060.14583826438,unimodal (1 harmonic preferred),060401,Estradiol,0.00623702370892091,negbin,NB-LRT,434.262459229909,1.29812544522215e-07,0.727756212761826,,,1052.77103125622,-0.0184211586201051,-0.017708304762009,-0.00532610129311091,0.00183829114816735,TRUE,,0.0183530546600875,TRUE,secondary_exploratory,all_eligible_drugs,Female sex hormones and their modulators,0.000113754559464022,TRUE,TRUE,0.013959053062823,TRUE
0304010W0,1.05225363306213,1.03887772689402,1.07734047648379,Feb,Jun,0.0237222559783897,0.00583770701420082,1,0.32258870157034,0.434291147147412,0.939122966081781,8304.5431495018,8143.69966387477,"unimodal, non-sinusoidal (2 harmonics, 1 peak)",030401,Promethazine hydrochloride,1.20500837700585e-18,poisson,HAC-Wald,185.627395873074,3.90312648257812e-11,0.0116907014000385,8.07905998679978,FALSE,,0.0124789040993939,0.0201747956912177,0.00173877322380555,-0.00557274536111478,TRUE,,1.5242573496152e-17,TRUE,secondary_exploratory,all_eligible_drugs,Antihistamines,1.95040709693529e-226,TRUE,TRUE,1.05719401609313e-17,TRUE
0105020D0,1.05174006352003,1.03053810011732,1.09402573587491,Aug,Dec,0.00737487011839635,0.0219646291401158,2,-0.0298965080310866,0.0128560159862144,0.905462201575331,555.191675923149,548.74618834933,"bimodal (2 harmonics, 2 peaks)",010502,Prednisolone sodium metasulphobenzoate,0.0196943342189241,poisson,Poisson-LRT,2.8391341928886,0.0812167512164065,0.530593554682082,,,,-0.00464586990536007,-0.00572753019072663,0.0129290913141871,-0.0177562251352092,TRUE,,0.049212350534617,TRUE,secondary_exploratory,all_eligible_drugs,Corticosteroids,0.188917301871277,FALSE,FALSE,,FALSE
1003020AF,1.05131664685217,1.04617334215605,1.06355305722079,Sep,Jan,0.0218103378531976,0.0102619780873816,2,0.251537793696257,0.207672025790006,0.790400824674218,9847.52270929895,9338.64746619239,"bimodal (2 harmonics, 2 peaks)",100302,Diclofenac diethyl,2.04813049497411e-46,poisson,HAC-Wald,215.174430764473,3.65662349159578e-09,0.000493128781124397,12,TRUE,,-0.0105340007284477,-0.0190977921740626,-0.00431627354323362,-0.00931010080320731,TRUE,,6.43509387775736e-45,TRUE,secondary_exploratory,all_eligible_drugs,"Rubefacients, topical NSAIDs, capsaicin and poultices",1.55919199584476e-59,TRUE,TRUE,4.34732214739665e-45,TRUE
1003020P0,1.05112174383314,1.04320523547317,1.06693312546163,Sep,Jan,0.0229233335932824,0.00964326802993432,2,0.249529985384426,0.446830539301823,0.483122536121649,13940.1391339681,13255.9296488984,"bimodal (2 harmonics, 2 peaks)",100302,Ibuprofen,2.46057587523735e-18,poisson,HAC-Wald,312.654746835277,2.42156498544548e-08,0.00283412175182851,7.01035273035326,FALSE,,-0.0107686462269927,-0.020236488862122,-0.00674413166718833,-0.00689269949677054,TRUE,,3.03367202845718e-17,TRUE,secondary_exploratory,all_eligible_drugs,"Rubefacients, topical NSAIDs, capsaicin and poultices",1.55919199584476e-59,TRUE,TRUE,2.10267392974828e-17,TRUE
0106020P0,1.05103445642668,1.03258701218574,1.09021475299721,Feb,Oct,0.0247810730461549,0.00414470064399626,1,0.229415179208916,0.492117483894263,0.812321707815307,763.710339785612,767.327071483713,unimodal (1 harmonic preferred),010602,Sodium picosulfate,0.0198502035342948,negbin,NB-LRT,23.3728077237647,9.3008256581902e-10,0.124817178048305,,,1011.99506070675,0.0247489286935976,0.00126178834916462,0.00398860923606547,-0.00112673856342819,TRUE,,0.0494478215918239,TRUE,secondary_exploratory,all_eligible_drugs,Stimulant laxatives,0.0429708493171327,TRUE,TRUE,0.038757964170819,TRUE
0401010Y0,1.04993977715951,1.02578758940095,1.11336417204358,Feb,Sep,0.0244558900724884,0.00572155993925953,1,-0.00099532930238394,0,0.726125039437437,2731.18664878679,2697.71789256614,"unimodal, non-sinusoidal (2 harmonics, 1 peak)",040101,Zolpidem tartrate,0.0194385470171745,poisson,HAC-Wald,51.8283384228439,5.36511337760142e-06,0.00494425690650069,2.25230938323219,FALSE,,0.0200192578477493,0.0140470592816776,0.00562634766262535,-0.00103945183525251,TRUE,,0.0487967649348659,TRUE,secondary_exploratory,all_eligible_drugs,Hypnotics,8.49270687446684e-13,TRUE,TRUE,0.0380671545753001,TRUE
0401010AC,1.04962557836351,1.03461421709776,1.10354293760009,Feb,Jun,0.0208805448905106,0.00991616350989881,1,0.0308720793299024,0,0.300235352707886,334.650379546594,338.410967079289,unimodal (1 harmonic preferred),040101,Sodium oxybate,0.0117407438966761,poisson,HAC-Wald,0.311977353235434,1,0.0050535871972307,1.36814809072493,FALSE,,0.00907676102586478,0.0188045091455207,-0.00238992934355458,-0.00962385247641844,TRUE,,0.0317663729038972,TRUE,secondary_exploratory,all_eligible_drugs,Hypnotics,8.49270687446684e-13,TRUE,TRUE,0.0244483742282743,TRUE
1104010K0,1.0495506686461,1.02904215376959,1.07265882375151,Jun,Feb,0.0162928978095969,0.0118282021615721,2,0.193380390587876,0.180274838446424,0.230689863351656,700.726265063626,685.293383751463,"bimodal (2 harmonics, 2 peaks)",110401,Fluorometholone,3.80524357085956e-07,poisson,HAC-Wald,4.10439181790018,1.53174090768042e-05,0.0179823251171034,1.75451801492722,FALSE,,-0.00667553529226435,-0.0148625619458995,-0.00442878272254122,0.0109677823634288,TRUE,,2.34576407469444e-06,TRUE,secondary_exploratory,all_eligible_drugs,Corticosteroids,0.940393434747381,FALSE,FALSE,,FALSE
1003020R0,1.04849529642094,1.04118868151958,1.06998168822734,Sep,Jan,0.0213828781013239,0.0090814727205531,2,0.193452123567467,0.0568819463586843,0.671230676761157,1789.20452489667,1741.21579091991,"bimodal (2 harmonics, 2 peaks)",100302,Piroxicam,4.13370520299385e-16,poisson,HAC-Wald,28.6255543719909,5.89734244718582e-07,0.0197891427420963,7.44346503961307,FALSE,,-0.0112052594325616,-0.0182117993878987,-0.00696184610664531,-0.0058314531260688,TRUE,,4.52385266035507e-15,TRUE,secondary_exploratory,all_eligible_drugs,"Rubefacients, topical NSAIDs, capsaicin and poultices",1.55919199584476e-59,TRUE,TRUE,3.12641152134477e-15,TRUE
0401010Z0,1.04791719916525,1.03924331893756,1.06610724650276,Jan,Jun,0.0221661572656511,0.00580098618953463,1,0.177063908152383,0.363741742841252,0.891018060365139,11053.7004818588,10767.2797515929,"unimodal, non-sinusoidal (2 harmonics, 1 peak)",040101,Zopiclone,1.90151671376419e-41,poisson,HAC-Wald,250.309575115198,4.12791589803724e-10,8.58071565256191e-05,12,TRUE,,0.00369493820124149,0.0218560279926291,0.00159941345086565,-0.00557613821424484,TRUE,,5.29164936916092e-40,TRUE,secondary_exploratory,all_eligible_drugs,Hypnotics,8.49270687446684e-13,TRUE,TRUE,3.57485142187668e-40,TRUE
090101100,1.04762973544843,1.03015884565127,1.08027639866865,Sep,Feb,0.0229185576359227,0.00317835253452523,1,0.0650474139676805,0.297868381790093,0.722040801836297,502.638439585649,506.325342633219,unimodal (1 harmonic preferred),090101,Other oral iron preparations,0.00352115157329051,poisson,Poisson-LRT,1.41885206330076,0.223322591142032,0.719829595068276,,,,-0.0218284112521546,-0.00698432146438861,-0.00309059932919234,0.000741701166318913,TRUE,,0.0112776936711631,TRUE,secondary_exploratory,all_eligible_drugs,Iron-deficiency anaemias,4.30049447409871e-15,TRUE,TRUE,0.00848687815100788,TRUE
0107010N0,1.04713012038469,1.02901236535506,1.07299864534204,Mar,Jun,0.00938604089164675,0.0174589190927582,2,0.342124611858035,0.515714139700679,0.599951595180862,546.214131667092,541.993307119951,"bimodal (2 harmonics, 2 peaks)",010701,Lidocaine hydrochloride,4.21318285506836e-06,poisson,HAC-Wald,2.50508346196037,0.00269158701972446,0.00167359377780707,12,TRUE,,0.00306037977237555,0.00887309637434979,-0.00371145638350701,-0.0170598636395723,TRUE,,2.30541578698684e-05,TRUE,secondary_exploratory,all_eligible_drugs,Soothing haemorrhoidal preparations,3.88567411103636e-20,TRUE,TRUE,1.66004450217663e-05,TRUE
0703010F0,1.04705027260575,1.03476665689855,1.06661782662699,Jul,Nov,0.0167903699291135,0.010802148092191,2,0.420476757192438,0.489004390638336,0.966614447348195,9010.94389068611,8523.72143962462,"bimodal (2 harmonics, 2 peaks)",070301,Combined ethinylestradiol 30mcg,4.05979693279548e-20,poisson,HAC-Wald,194.789465723198,6.02338487908851e-07,0.000215114434095387,5.00168266248733,FALSE,,0.000932378476242839,-0.01676446219637,0.00978034029733983,0.0045859946657029,TRUE,,5.64891744648971e-19,TRUE,secondary_exploratory,all_eligible_drugs,Combined hormonal contraceptives and systems,9.91433051466992e-09,TRUE,TRUE,3.92845056144033e-19,TRUE
1001010K0,1.04635702265591,1.03064177067428,1.07458452118108,Jul,Nov,0.0211448173558609,0.00619582021278821,1,0.118960956433285,0.34611397512982,0.929037516456971,650.889617251553,653.501636918925,unimodal (1 harmonic preferred),100101,Indometacin,0.00428707226083638,negbin,NB-LRT,5.59584943806613,3.25696498648971e-05,0.0593914537956987,,,1962.82525276813,-0.00401164761025717,-0.0207607799579841,0.00540163344145986,0.00303488785184847,TRUE,,0.0136013302347057,TRUE,secondary_exploratory,all_eligible_drugs,Non-steroidal anti-inflammatory drugs,5.27206392050756e-10,TRUE,TRUE,0.0102577947186558,TRUE
0302000N0,1.04619964444998,1.02944610221803,1.06627859110429,Dec,Aug,0.0149283738621953,0.0117538508770628,2,0.214814694459746,0.10982870659479,0.971656546672018,8108.16016573205,7315.72332423087,"bimodal (2 harmonics, 2 peaks)",030200,Fluticasone propionate (Inhalation),6.09957366856223e-06,poisson,HAC-Wald,164.998231449006,3.07899496990345e-08,0.000173839468396997,1.04406060904932,FALSE,,0.00358186197475959,0.0144922948825659,-0.00645915858838248,0.00981999392924228,TRUE,,3.24643975583586e-05,TRUE,secondary_exploratory,all_eligible_drugs,Corticosteroids (respiratory),5.7573277320653e-30,TRUE,TRUE,2.34708741164559e-05,TRUE
0501080D0,1.04606273210803,1.03521996376431,1.06259268555051,Dec,Aug,0.0187867085776386,0.00918845953847267,2,0.132463756385028,0.101854259251881,0.946800341545417,1158.63461801788,1120.74128422462,"bimodal (2 harmonics, 2 peaks)",050108,Co-trimoxazole(Trimethoprim/sulfamethoxazole),4.33361055917415e-11,poisson,HAC-Wald,13.4498187569064,1.52301994578105e-06,0.000276782586201896,0.484202738597279,FALSE,,0.00448979489837417,0.0182423178612712,1.27620668511933e-06,0.009188459449845,TRUE,,3.51744723719635e-10,TRUE,secondary_exploratory,all_eligible_drugs,Sulfonamides and trimethoprim,0.000378108884704967,TRUE,TRUE,2.43719294695435e-10,TRUE
0211000P0,1.04577509015421,1.03403983403274,1.06124655833368,Aug,Dec,0.0166062966182361,0.00966628919707093,2,0.565894324544023,0.482923562909527,0.81167721347351,4499.06819296211,4396.16420639769,"bimodal (2 harmonics, 2 peaks)",021100,Tranexamic acid,2.21190484733682e-12,poisson,HAC-Wald,93.6324329672781,7.97834913684571e-08,7.18322409332117e-08,12,TRUE,,-0.00540681779295429,-0.0157014460711946,0.0034210638819416,-0.0090406564339701,TRUE,,1.92356725116613e-11,TRUE,secondary_exploratory,all_eligible_drugs,Antifibrinolytic drugs and haemostatics,1.08614266312091e-11,TRUE,TRUE,1.32312126322512e-11,TRUE
0302000U0,1.04460928763566,1.03287521425966,1.06238739020514,Dec,Aug,0.0168235513010712,0.0106521895743435,2,0.101411826304032,0.343434860540645,0.848666958961499,656.211595529778,649.178123080884,"bimodal (2 harmonics, 2 peaks)",030200,Ciclesonide,9.40725108049063e-14,poisson,HAC-Wald,3.64669074318352,3.66741319184209e-05,0.00250852245990374,2.76317793440644,FALSE,,0.00197428102861698,0.0167073065692773,-0.00113773416792839,0.0105912560015742,TRUE,,8.98300250235086e-13,TRUE,secondary_exploratory,all_eligible_drugs,Corticosteroids (respiratory),5.7573277320653e-30,TRUE,TRUE,6.18997121096284e-13,TRUE
0803042N0,1.04167898991658,1.02213351072431,1.06750359401852,Feb,Oct,0.014317418119094,0.00936056384048708,2,0.404700665955158,0.367320109063881,0.849267525651519,1293.54356953097,1256.01008439081,"bimodal (2 harmonics, 2 peaks)",080304,Leuprorelin acetate,0.00192702306527457,poisson,HAC-Wald,16.8630660268359,1.03008834637531e-07,0.000626816550150955,4.85380751885493,FALSE,,0.0142476329799673,0.0014118838709719,0.00932778674314592,0.000782655662616391,TRUE,,0.00682516532937249,TRUE,secondary_exploratory,all_eligible_drugs,Hormone antagonists,0.00341395403142288,TRUE,TRUE,0.00505171783645685,TRUE
0402010J0,1.04081374602492,1.03165228974688,1.05532578465317,Dec,Aug,0.0172606116301025,0.00741518208022294,1,0.0717915231580669,0.316249079233031,0.642038992664623,1347.47584339732,1318.26139137015,"unimodal, non-sinusoidal (2 harmonics, 1 peak)",040201,Haloperidol,8.28555710001598e-13,poisson,HAC-Wald,18.0663452017284,1.74347597345815e-06,0.000129666070903256,7.33086945675955,FALSE,,0.0017274765224858,0.0171739494208376,-0.00288932777195239,0.00682910757779405,TRUE,,7.61333265605242e-12,TRUE,secondary_exploratory,all_eligible_drugs,Antipsychotic drugs,0.00313994020549551,TRUE,TRUE,5.2422082421255e-12,TRUE
0204000I0,1.04081188778152,1.03471920125777,1.05517384575016,Apr,Sep,0.0185273250165855,0.00725128825525434,2,0.170707469427607,0.171445405665888,0.782007134448934,875.980210234553,866.843249828191,"bimodal (2 harmonics, 2 peaks)",020400,Labetalol hydrochloride,1.49780858332321e-19,poisson,HAC-Wald,7.92747321290723,1.08849962277544e-05,0.0374926974913029,3.82805009673844,FALSE,,0.018466685739598,0.00149776168502316,-0.0036444629367036,0.00626889713297191,TRUE,,2.05474022557296e-18,TRUE,secondary_exploratory,all_eligible_drugs,Beta-adrenoceptor blocking drugs,0.0081054061707156,TRUE,TRUE,1.42834499685025e-18,TRUE
0402020Z0,1.03925344733363,1.02785679235782,1.06061052569561,Jan,Sep,0.0155324350610469,0.00739871926874823,1,0.248156894753176,0.377001193433956,0.646979155335725,585.902899179678,586.968483291021,unimodal (1 harmonic preferred),040202,Zuclopenthixol decanoate,7.41667907553298e-06,poisson,HAC-Wald,2.80815432805455,0.000802912206850442,0.00443001405650922,9.09092650692772,FALSE,,0.0105935362863413,0.0113592925781322,0.00419416979315094,0.00609507888086499,TRUE,,3.8837878599834e-05,TRUE,secondary_exploratory,all_eligible_drugs,Antipsychotic depot injections,0.000230107269456129,TRUE,TRUE,2.82091030734145e-05,TRUE
0703010E0,1.03868298342559,1.02287901469233,1.0632566774751,Jul,Nov,0.0144230874664991,0.00754787167363422,1,0.440562583567641,0.448108568734283,0.905339452487639,2230.29946917665,2193.19249592622,"unimodal, non-sinusoidal (2 harmonics, 1 peak)",070301,Combined ethinylestradiol 20mcg,0.00301092979495031,poisson,HAC-Wald,39.6211962606736,1.98485016812674e-07,0.000106436179870273,1.50838147019126,FALSE,,-0.000763813076576819,-0.0144028483867023,0.00750964308444487,0.000758701223077458,TRUE,,0.00990103055666749,TRUE,secondary_exploratory,all_eligible_drugs,Combined hormonal contraceptives and systems,9.91433051466992e-09,TRUE,TRUE,0.00741257316178592,TRUE
0301011U0,1.03829326900133,1.03129644461641,1.05848216406776,Nov,Aug,0.0116340454763945,0.0123274337570378,2,0.0920968530064376,0.267947266215234,0.992367974133417,921.522664759406,882.125009634631,"bimodal (2 harmonics, 2 peaks)",030101,Salmeterol,2.99831869940677e-16,poisson,HAC-Wald,8.14386930911826,2.1033806018804e-07,0.000866552294647494,4.05120700075607,FALSE,,-0.0019000312491296,0.0114778436737545,-0.00731725187871154,0.00992085923585491,TRUE,,3.31859365138886e-15,TRUE,secondary_exploratory,all_eligible_drugs,Adrenoceptor agonists,2.96694404817216e-20,TRUE,TRUE,2.29406244675541e-15,TRUE
0406000F0,1.03787967258606,1.02686447217528,1.05864666738209,Dec,May,0.0173739796240077,0.00478935552304398,1,0.0720964948230473,0.320932554627539,0.758047273734293,3594.14249065493,3545.79600991463,"unimodal, non-sinusoidal (2 harmonics, 1 peak)",040600,Cyclizine hydrochloride,1.13349247311525e-16,poisson,HAC-Wald,72.1743759286382,8.11453938706041e-09,0.00154546538891842,6.37321535303213,FALSE,,-0.00813992237894948,0.0153491638742999,0.0047318118886201,0.000740190905662415,TRUE,,1.33014658893284e-15,TRUE,secondary_exploratory,all_eligible_drugs,Drugs used in nausea and vertigo,4.48078666131178e-09,TRUE,TRUE,9.20787712728192e-16,TRUE
0803043N0,1.03767408182696,1.03264752492232,1.08690108276893,Jan,Sep,0.0168811124020984,0.00816183746945656,2,-0.0389873719441109,0.19708738745646,0.890932827802479,429.165495210336,432.624054584136,unimodal (1 harmonic preferred),080304,Octreotide acetate,0.000635653667801866,poisson,HAC-Wald,1.24795813050818,0.431658698421326,0.00202225050491034,5.03537619867405,FALSE,,0.0166952858417704,-0.00249787641685103,0.00357615824177144,0.00733666702990092,TRUE,,0.00249647851789927,TRUE,secondary_exploratory,all_eligible_drugs,Hormone antagonists,0.00341395403142288,TRUE,TRUE,0.00181852223223317,TRUE
0704020G0,1.03669631755451,1.02120684509204,1.07025295737307,Nov,Mar,0.0128997081481658,0.00832627006866995,2,-0.015890622239604,0.000376717359822587,0.913472461519675,484.105686828167,486.748287722879,unimodal (1 harmonic preferred),070402,Flavoxate hydrochloride,0.0135528540194581,poisson,HAC-Wald,1.48667090070667,0.118632010049023,0.0249439428975748,2.88679487085005,FALSE,,-0.00945755253846554,0.00877252359871548,-0.00520625183579179,0.00649782387255484,TRUE,,0.0356769724728439,TRUE,secondary_exploratory,all_eligible_drugs,Drugs for urinary frequency enuresis and incontinence,0.102138015457376,FALSE,FALSE,,FALSE
0105010C0,1.03640469337265,1.02543155699967,1.07445755816447,Jul,Mar,0.00902022326340849,0.0120413127771248,2,-0.0795341779383328,0,0.82189812030585,496.572065688546,497.890367678755,unimodal (1 harmonic preferred),010501,Olsalazine sodium,0.00324300090232987,poisson,HAC-Wald,1.89304105550848,0.126804224505462,0.00840904917927832,4.51469728143299,FALSE,,-0.00633801082670649,-0.00641825883571915,0.00466873957054741,0.0110993731453156,TRUE,,0.010564156785516,TRUE,secondary_exploratory,all_eligible_drugs,Aminosalicylates,0.351348375932707,FALSE,FALSE,,FALSE
0406000S0,1.03579962685389,1.01718475610591,1.06922331007416,Dec,Apr,0.0137438294523652,0.00728263309461523,2,-0.0100397096532866,0.259259676613015,0.88482908862876,1524.31075667373,1494.31399423714,"bimodal (2 harmonics, 2 peaks)",040600,Ondansetron hydrochloride,0.0167895469678392,poisson,HAC-Wald,22.4463611002496,1.68758550384306e-09,0.0231156823473516,0.960876105984647,FALSE,,-0.00565820430686735,0.0125250777258047,0.0059225834681533,0.0042378945071276,TRUE,,0.0428835223589691,TRUE,secondary_exploratory,all_eligible_drugs,Drugs used in nausea and vertigo,4.48078666131178e-09,TRUE,TRUE,0.0332335332644586,TRUE
0106040N0,1.03538926252627,1.0246358235769,1.06754271576097,Aug,Apr,0.0145784025827263,0.00867141928868523,2,0.168845826403566,0.0947256591111616,0.526904912237603,765.325379027804,759.080216282777,"bimodal (2 harmonics, 2 peaks)",010604,Phosphates (Rectal),4.08274929094182e-06,poisson,HAC-Wald,5.96382096781695,1.82527530943465e-05,0.0363923789989764,6.31542804073943,FALSE,,-0.0114348970085599,-0.00904283983423737,0.00864387603726157,0.000690593608888322,TRUE,,2.24666542902674e-05,TRUE,secondary_exploratory,all_eligible_drugs,Osmotic laxatives,0.411692559020789,FALSE,FALSE,,FALSE
1001010P0,1.03533750104551,1.03094135939539,1.05501889608306,Aug,Dec,0.0150848829713641,0.00851190221314878,2,0.189222667742431,0.1647528820917,0,26430.9062331736,25348.4729339863,"bimodal (2 harmonics, 2 peaks)",100101,Naproxen,9.14564499543311e-17,poisson,HAC-Wald,613.397545587397,1.36338477132053e-08,0.00778817707780166,7.49095378133569,FALSE,,-0.00253432526764455,-0.0148704703926113,-0.00235731037222112,-0.00817897102912254,TRUE,,1.09973558340146e-15,TRUE,secondary_exploratory,all_eligible_drugs,Non-steroidal anti-inflammatory drugs,5.27206392050756e-10,TRUE,TRUE,7.61751190758859e-16,TRUE
0202020L0,1.03469440097301,1.02763612341814,1.05121433437015,Jul,Feb,0.0159459473584579,0.00440902005081265,1,0.0273816305704362,0,0,25331.3831753915,24901.9959314293,"unimodal, non-sinusoidal (2 harmonics, 1 peak)",020202,Furosemide,1.38022166480988e-50,poisson,HAC-Wald,601.870412606596,3.87576047786739e-09,2.95848289222356e-06,9.76971051510642,FALSE,,-0.00807757394971314,-0.0137486739813564,0.00101368432985337,0.00429090921459283,TRUE,,4.80119964830294e-49,TRUE,secondary_exploratory,all_eligible_drugs,Loop diuretics,1.23408769764989e-38,TRUE,TRUE,3.24352091230322e-49,TRUE
0406000T0,1.03455687662765,1.02442560446435,1.05073349269825,Sep,May,0.0105619391720167,0.00998390433710039,2,0.164881772226731,0.38243405294674,0.193251337121069,5735.36139468836,5445.67223259508,"bimodal (2 harmonics, 2 peaks)",040600,Prochlorperazine maleate,3.14940920449235e-09,poisson,HAC-Wald,119.198883053092,1.05437900715657e-09,0.00338487550605449,12,TRUE,,-0.00632469493411173,0.00845888840591971,0.00388718680806977,-0.00919609289489511,TRUE,,2.16022856702504e-08,TRUE,secondary_exploratory,all_eligible_drugs,Drugs used in nausea and vertigo,4.48078666131178e-09,TRUE,TRUE,1.53504537522664e-08,TRUE
1003020I0,1.03443745691366,1.02508363133138,1.06415825656529,May,Jan,0.0132876042715647,0.00933540104839546,2,0.0714180381772307,0.1320927281553,0.97185764274871,961.268886359501,945.126506654088,"bimodal (2 harmonics, 2 peaks)",100302,Diethylamine salicylate,0.00442702137486723,poisson,HAC-Wald,10.0079662417707,4.09969798488835e-05,0.025410141071469,1.04576799472833,FALSE,,-0.00451649706139954,-0.0124964667635326,-0.00705131954776727,-0.00611789223259598,TRUE,,0.0139094155455506,TRUE,secondary_exploratory,all_eligible_drugs,"Rubefacients, topical NSAIDs, capsaicin and poultices",1.55919199584476e-59,TRUE,TRUE,0.0105161735186377,TRUE
1108010D0,1.03431787709177,1.02269901031338,1.06051834915202,Jul,Feb,0.0153786552553643,0.0042236088670104,1,0.029646769203698,0.270234459470604,0.89560589299264,1800.15933131346,1789.07720073794,"unimodal, non-sinusoidal (2 harmonics, 1 peak)",110801,Carmellose sodium,5.38534506359405e-09,poisson,HAC-Wald,29.4827117304474,1.10366518596819e-09,5.51368905001848e-05,2.41673614656306,FALSE,,-0.00999121242745216,-0.0116909670982717,0.000913014403354158,0.00412374545295375,TRUE,,3.5926891040689e-08,TRUE,secondary_exploratory,all_eligible_drugs,"Tear deficiency, eye lubricant and astringent",0.402879512529337,FALSE,FALSE,,FALSE
0803042W0,1.03384928334528,1.02042305726796,1.05792389515651,Feb,Oct,0.0128113598860822,0.00647000319070904,1,0.240565162897547,0.421738620436389,0.867573973471698,801.395154816273,798.857676455793,"unimodal, non-sinusoidal (2 harmonics, 1 peak)",080304,Triptorelin,1.7920767030636e-05,poisson,HAC-Wald,6.78797595078022,1.27687718044995e-06,3.72783013347089e-07,5.03240546376641,FALSE,,0.0127802656518045,-0.000892049326003097,0.00643915015788141,-0.000631099462874975,TRUE,,8.99733355043271e-05,TRUE,secondary_exploratory,all_eligible_drugs,Hormone antagonists,0.00341395403142288,TRUE,TRUE,6.51484237909309e-05,TRUE
100302010,1.03371550788886,1.02566202615989,1.05554946410359,Apr,Jan,0.0129781685607283,0.00758445828313043,2,0.0488416970332662,0.0531618064994068,0,979.084301688194,966.711244970912,"bimodal (2 harmonics, 2 peaks)",100302,Ketoprofen,3.87024911630252e-06,poisson,HAC-Wald,10.2791278356866,8.06788872674543e-05,0.00546571980518573,4.77232669503275,FALSE,,0.00131732473988836,-0.012911139172062,-0.00602028210377656,-0.00461304789044006,TRUE,,2.14183104504469e-05,TRUE,secondary_exploratory,all_eligible_drugs,"Rubefacients, topical NSAIDs, capsaicin and poultices",1.55919199584476e-59,TRUE,TRUE,1.53411079429341e-05,TRUE
1203010K0,1.03356113137611,1.02668734057662,1.08008496416925,Aug,Jan,0.0151514236661507,0.00729130584471501,2,0.128887980050793,0.0645496621526217,0.289104280557086,569.447936090954,571.692728639902,unimodal (1 harmonic preferred),120301,Choline salicylate,0.00433836376546854,poisson,HAC-Wald,2.98906358325001,0.000195524655459992,0.0304841454424071,5.63337174592566,FALSE,,-0.0142124480919176,-0.0052509007175665,0.00345116397423672,-0.00642281932986644,TRUE,,0.0136749718691468,TRUE,secondary_exploratory,all_eligible_drugs,Drugs for oral ulceration and inflammation,2.42048686581937e-22,TRUE,TRUE,0.0103429107162257,TRUE
0601011A0,1.03333507573059,1.0188832650959,1.0501336057394,Jun,Sep,0.00416071776632564,0.0134906971105339,2,0.0290076098433425,0.219991466287887,0.889644526698454,7446.0509267004,6554.78852512411,"bimodal (2 harmonics, 2 peaks)",060101,Insulin aspart,0.000370214908853266,poisson,HAC-Wald,146.27176631313,3.9473117265794e-07,0.000949338887830331,2.24287320146907,FALSE,,0.00319062821628669,-0.0026704800910048,-0.000829028342652977,0.0134652003525846,TRUE,,0.00152792085264017,TRUE,secondary_exploratory,all_eligible_drugs,Insulin,0.0233801524823976,TRUE,TRUE,0.00111233520559566,TRUE
0301011E0,1.03333304254865,1.01901074944065,1.0569446454537,Dec,Aug,0.0116450773060849,0.00872251201918673,2,-0.0188939211382897,0,0.983397020325722,703.860874771554,698.47224718822,"bimodal (2 harmonics, 2 peaks)",030101,Formoterol fumarate,0.000390127328567577,poisson,HAC-Wald,4.57010506369045,4.91995547350095e-05,0.00533435521302517,1.64269781027286,FALSE,,0.000354754046417545,0.0116396724623695,-0.00513701168753678,0.00704934939175009,TRUE,,0.00160330809293173,TRUE,secondary_exploratory,all_eligible_drugs,Adrenoceptor agonists,2.96694404817216e-20,TRUE,TRUE,0.00116683537362484,TRUE
0401010AD,1.03295734471629,1.02745548443233,1.04469326722115,Jan,Aug,0.0158361306775194,0.00185963956472124,1,0.350533729475985,0.298408092318206,0.97841492024987,7377.70353938535,7366.8903806999,"unimodal, non-sinusoidal (2 harmonics, 1 peak)",040101,Melatonin,2.11888291278983e-24,poisson,HAC-Wald,166.636711743744,2.6718660941099e-07,0.00457442717312007,12,TRUE,,0.0111344569443694,0.0112608571338711,0.000311713303576786,0.00183332870131077,TRUE,,3.68534278045946e-23,TRUE,secondary_exploratory,all_eligible_drugs,Hypnotics,8.49270687446684e-13,TRUE,TRUE,2.53495446657402e-23,TRUE
0601023Z0,1.03266360496573,1.0170818673316,1.06273298681658,Dec,Apr,0.0114649144219306,0.00726120645421173,2,-0.0846028417046194,0.182139646012627,0.961272281670317,564.575050563204,565.209840292259,unimodal (1 harmonic preferred),060102,Metformin hydrochloride/vildagliptin,0.000187018330231977,poisson,HAC-Wald,2.07712147636409,0.0107049961386125,0.0311749139418647,4.90645035179272,FALSE,,-0.00590600259826538,0.0098266675944327,0.00220417280114651,0.00691857943752704,TRUE,,0.000839427896985927,TRUE,secondary_exploratory,all_eligible_drugs,Antidiabetic drugs,0.870182495394554,FALSE,FALSE,,FALSE
1002020J0,1.03226084191991,1.02178068139043,1.04558287721349,Dec,Mar,0.00597348819147419,0.0122869159392337,2,-0.00980268933470835,0.0499262720253031,0.392981090197689,575.842542291559,569.94521961334,"bimodal (2 harmonics, 2 peaks)",100202,Dantrolene sodium,3.05326541545041e-12,poisson,HAC-Wald,2.12767926205573,0.014976702916762,0.00522088673388532,7.77799953412375,FALSE,,-0.00299090740832985,0.00517078659862107,-0.00344236499587644,0.0117948474569601,TRUE,,2.6086671181129e-11,TRUE,secondary_exploratory,all_eligible_drugs,Skeletal muscle relaxants,0.108400217093321,FALSE,FALSE,,FALSE
0601011L0,1.03209214436556,1.02281064847049,1.04925874251299,Dec,Sep,0.00531220370760773,0.0134932912810096,2,0.0510044110583174,0,0.472835111196603,1928.59005018465,1762.13119104693,"bimodal (2 harmonics, 2 peaks)",060101,Insulin Lispro,7.21264034783127e-07,poisson,HAC-Wald,28.7325043897581,6.68486651316065e-07,0.00158352214938917,0.851070577544348,FALSE,,0.00531157628541334,8.16430974176536e-05,-0.00324467691776957,0.0130973654333024,TRUE,,4.36342341539606e-06,TRUE,secondary_exploratory,all_eligible_drugs,Insulin,0.0233801524823976,TRUE,TRUE,3.14299162177018e-06,TRUE
0503021A0,1.03198135673229,1.01690823451523,1.05867479217421,Dec,Mar,0.0047079571943652,0.0133152225641089,2,-0.146988429118175,0.021667303108882,0.912865222901493,722.118744058747,705.549192699358,"bimodal (2 harmonics, 2 peaks)",050302,Valaciclovir,0.00923284902704987,poisson,HAC-Wald,4.84873263559517,1.01695662006441e-05,0.00122404468501869,7.13656672321384,FALSE,,-0.00365857534424685,0.00296305372790371,-0.00477525095947585,0.0124294863210746,TRUE,,0.0259247707073036,TRUE,secondary_exploratory,all_eligible_drugs,Herpesvirus infections,0.0771200863996355,FALSE,FALSE,,FALSE
0207020Y0,1.03193463861065,1.01933368091469,1.05255995468375,Nov,Apr,0.0141516162562256,0.00438783800322076,1,-0.100199828112786,0.159971751933944,0.987841730991004,1145.81111988675,1140.32351166844,"unimodal, non-sinusoidal (2 harmonics, 1 peak)",020702,Midodrine hydrochloride,7.92710405020976e-06,poisson,HAC-Wald,13.9984128495786,5.11490589901861e-08,0.000442917718123437,4.78201977218068,FALSE,,-0.0112003547418954,0.00864987261866719,0.000771862574332279,0.00431941552861651,TRUE,,4.10691454516186e-05,TRUE,secondary_exploratory,all_eligible_drugs,Vasoconstrictor sympathomimetics,2.31390842922359e-05,TRUE,TRUE,2.98059112287887e-05,TRUE
0205040S0,1.03119714595662,1.01892845873973,1.06066720030118,Jan,Aug,0.0146329461887777,0.0039747813449182,1,0.0881104006886597,0.307912067689474,0.982322156003725,583.986686299877,586.971650710973,unimodal (1 harmonic preferred),020504,Prazosin hydrochloride,0.0125309700453087,poisson,HAC-Wald,2.60606507007907,0.00105118674688692,0.00142387652018472,1.85709008852458,FALSE,,0.0125840100567815,0.00746765057126302,-0.0021712824606433,0.00332932714163275,TRUE,,0.0336230435926465,TRUE,secondary_exploratory,all_eligible_drugs,Alpha-adrenoceptor blocking drugs,0.00111675606659756,TRUE,TRUE,0.0259288625465822,TRUE
0205052AB,1.0309717831917,1.0222070559946,1.05323028583658,May,Sep,0.0117964933766296,0.00668187512728104,2,0.0313963001030756,0.00248138297490741,0.696729888505781,517.450458639699,519.765857834504,unimodal (1 harmonic preferred),020505,Olmesartan medoxomil/amlodipine,0.000249859980124353,poisson,HAC-Wald,1.53693879618519,0.128648948641062,0.00994144218654391,4.21665445730241,FALSE,,0.0115305987586394,-0.0024904915683717,-0.00146771804489616,0.00651868537032301,TRUE,,0.001086444735005,TRUE,secondary_exploratory,all_eligible_drugs,Renin-angiotensin system drugs,0.0166702504942612,TRUE,TRUE,0.000786640511587676,TRUE
0202040B0,1.0303990227168,1.01864619738104,1.04986106730471,Oct,Feb,0.0127981605766016,0.00523692294794268,1,-0.0821607471212015,0.211878921716665,0.977918315956865,1021.41869701329,1015.74537206066,"unimodal, non-sinusoidal (2 harmonics, 1 peak)",020204,Co-amilofruse (Amiloride hydrochloride/frusemide),0.00222951077784489,poisson,HAC-Wald,11.2267756007803,4.99364497911872e-08,0.0029297701074138,3.39491224389509,FALSE,,-0.0127916663898027,-0.000407658087706112,-0.00449773862437405,0.00268248191596933,TRUE,,0.0077555124915033,TRUE,secondary_exploratory,all_eligible_drugs,Potassium sparing diuretics and compounds,0.0115413382112734,TRUE,TRUE,0.00573053942117944,TRUE
0601011P0,1.02905904090179,1.01768007174015,1.04794274951715,Dec,Aug,0.00829425004105194,0.00945443208401536,2,-0.0275454404138116,0.226791891087844,0.871172764207441,739.855261437681,729.033863985634,"bimodal (2 harmonics, 2 peaks)",060101,Insulin glulisine,0.000245347029923484,poisson,HAC-Wald,4.96842123237475,1.15212327920941e-06,9.0669267923893e-05,1.20742721527735,FALSE,,0.00726370832083463,0.00400413850576225,-0.00519349466443168,0.00790024678106822,TRUE,,0.0010716054132084,TRUE,secondary_exploratory,all_eligible_drugs,Insulin,0.0233801524823976,TRUE,TRUE,0.000776145892738713,TRUE
1104010I0,1.02905656026417,1.01950050290937,1.05530676975068,Aug,Jan,0.013057705965182,0.0037355467292628,1,0.176107736181485,0.0899631640914769,0.0401974584586539,1825.20149299082,1818.05589613262,"unimodal, non-sinusoidal (2 harmonics, 1 peak)",110401,Dexamethasone,0.0121307894644761,poisson,HAC-Wald,30.3878265549543,1.94333377567994e-08,0.0023216981649522,0.754973373646627,FALSE,,-0.0103256746611923,-0.00799275471063406,-0.000925894586153522,-0.00361898170509849,TRUE,,0.0327296092476448,TRUE,secondary_exploratory,all_eligible_drugs,Corticosteroids,0.940393434747381,FALSE,FALSE,,FALSE
0202020D0,1.02896509874503,1.01656974598468,1.05571220373995,Jun,Feb,0.012619721001346,0.00441126391064836,1,-0.0704103136447351,0,0.167187036726047,5025.56960544927,4957.81537857626,"unimodal, non-sinusoidal (2 harmonics, 1 peak)",020202,Bumetanide,0.0155441466512052,poisson,HAC-Wald,106.524253305163,1.3614715395961e-07,0.00211661428426324,1.85547599284428,FALSE,,-0.00920658823262711,-0.00863111182100339,-0.00236482802580699,0.00372382030954052,TRUE,,0.0400529069795604,TRUE,secondary_exploratory,all_eligible_drugs,Loop diuretics,1.23408769764989e-38,TRUE,TRUE,0.0310882933024103,TRUE
0407010H0,1.0289514589203,1.02473862259314,1.03935303571927,Dec,Aug,0.0108771758357479,0.0069167782520577,2,-0.0777224725869542,0,0.34285984285749,37072.9025642651,35592.9874114901,"bimodal (2 harmonics, 2 peaks)",040701,Paracetamol,1.77225569088078e-22,poisson,HAC-Wald,867.720220441859,2.31494199541764e-09,1.89597609456804e-06,12,TRUE,,0.000437702246168635,0.0108683656041503,-0.00427438255752965,0.00543796608485422,TRUE,,2.7841565208353e-21,TRUE,secondary_exploratory,all_eligible_drugs,Non-opioid analgesics and compound preparations,8.43977774190808e-06,TRUE,TRUE,1.91171187639271e-21,TRUE
0208020H0,1.02837158656966,1.01830719346414,1.05226894558004,Dec,Apr,0.0109816449612144,0.00654695158531597,2,0.148819721623155,0.0399014822583897,0.87170478895948,492.194260858344,494.920666274582,unimodal (1 harmonic preferred),020802,Acenocoumarol,0.00047059860140297,poisson,HAC-Wald,1.22609811529469,0.46217241677669,0.0192760533238541,0.425670116001212,FALSE,,-0.000603596395297351,0.0109650443430818,0.00454194599975941,0.00471522020649523,TRUE,,0.00190963299394851,TRUE,secondary_exploratory,all_eligible_drugs,Oral anticoagulants,0.00531800462558879,TRUE,TRUE,0.00138798850888442,TRUE
0407010P0,1.02822856954347,1.02175062933382,1.0469812679936,May,Dec,0.0139120017719511,0.00316639052403135,1,0.0842987067282009,0.134919918377314,0.989933908023245,2148.05070006202,2140.23289647254,"unimodal, non-sinusoidal (2 harmonics, 1 peak)",040701,Nefopam hydrochloride,1.36725721838883e-06,poisson,HAC-Wald,37.9395297674889,2.62834908976709e-09,0.0256018912000713,2.82971913109119,FALSE,,-0.00141689459326956,-0.0138396605093598,-0.00154641344553304,-0.00276308421988004,TRUE,,7.92683649232569e-06,TRUE,secondary_exploratory,all_eligible_drugs,Non-opioid analgesics and compound preparations,8.43977774190808e-06,TRUE,TRUE,5.69402056772055e-06,TRUE
0901020D0,1.02767378353072,1.02030559231788,1.04110397624527,Sep,Mar,0.0136615922429098,0.00141233043578616,1,0.0168666201972476,0.183649963531854,0.973650367252134,5055.40926975314,5050.70909610259,"unimodal, non-sinusoidal (2 harmonics, 1 peak)",090102,Cyanocobalamin,9.38414441295008e-10,poisson,HAC-Wald,108.880110362494,5.57180532603103e-08,0.000698899299543143,12,TRUE,,-0.0136488927384864,-0.000588922426830931,-0.000869511210414982,-0.00111293643790227,TRUE,,6.87229823925818e-09,TRUE,secondary_exploratory,all_eligible_drugs,Drugs used in megaloblastic anaemias,0.368742866068691,FALSE,FALSE,,FALSE
0409030C0,1.02751642570003,1.01594351495022,1.06291637373702,Dec,Apr,0.0115833990739563,0.00415881632704945,1,-0.00193179694719108,0.212710193054224,0.229109364882683,563.561678955819,566.550788162445,unimodal (1 harmonic preferred),040903,Tetrabenazine,0.000654564649811387,poisson,HAC-Wald,2.19859967948812,0.00977787863089553,0.0283788042477424,3.72300722989327,FALSE,,-0.00492429015808851,0.010484583947181,0.00164106157922223,0.00382134402211234,TRUE,,0.00256042557797707,TRUE,secondary_exploratory,all_eligible_drugs,"Essential tremor,chorea,tics and related disorders",0.289865436190808,FALSE,FALSE,,FALSE
0504010Y0,1.02714254083457,1.02096299820817,1.04352302513848,Sep,Mar,0.0134380012895123,0.00219458308566841,1,-0.0686297672794421,0.195223660017475,0.887095074282248,5177.38277926782,5162.03478301929,"unimodal, non-sinusoidal (2 harmonics, 1 peak)",050401,Quinine sulfate,4.70533359234113e-16,poisson,HAC-Wald,111.604881546681,3.89010203771293e-10,1.41902431832763e-05,12,TRUE,,-0.0133903573639727,-0.00113057875534375,-0.000482129356865419,0.00214096851988777,TRUE,,5.09221657660029e-15,TRUE,secondary_exploratory,all_eligible_drugs,Antimalarials,8.77920094479552e-14,TRUE,TRUE,3.51830625427326e-15,TRUE
0408010Z0,1.02704725614737,1.01533648563139,1.05075816229706,Dec,Aug,0.00872745103469681,0.00756762738233866,2,-0.220322023918932,0.0190628096455174,0.807906852000483,502.036765033373,504.363780746746,unimodal (1 harmonic preferred),040801,Phenytoin,0.00338482273645912,poisson,HAC-Wald,1.44484471794521,0.166774815777582,0.0024372656106546,12,TRUE,,0.000601363565980176,0.00870670795562491,-0.00383674519809021,0.00652291119691611,TRUE,,0.0109528815458843,TRUE,secondary_exploratory,all_eligible_drugs,Control of epilepsy,0.0462428934317855,TRUE,TRUE,0.00821849948557233,TRUE
0901011P0,1.02665722188845,1.02083782633749,1.04341193834518,Jul,Jan,0.013280991258371,0.00219432534729815,1,0.080550007063846,0.22532905335453,0.896099364148012,9076.92787450558,9048.06116119624,"unimodal, non-sinusoidal (2 harmonics, 1 peak)",090101,Ferrous sulfate,3.18120277280955e-14,poisson,HAC-Wald,207.828216945997,2.02377538578457e-07,0.000514234832543092,7.48420330853722,FALSE,,-0.00816343386038626,-0.0104758329698419,-0.00215326481867142,0.000422509586242835,TRUE,,3.12978939466313e-13,TRUE,secondary_exploratory,all_eligible_drugs,Iron-deficiency anaemias,4.30049447409871e-15,TRUE,TRUE,2.1579705407306e-13,TRUE
0406000P0,1.02662018259184,1.02039608194039,1.04148981017357,Nov,May,0.0131884712851318,0.00159034637908902,1,-0.0332460457075215,0,0.827412580987266,2046.33655383901,2047.17904593942,unimodal (1 harmonic preferred),040600,Metoclopramide hydrochloride,1.06291923166054e-09,poisson,HAC-Wald,35.4942588061119,6.09106031529834e-10,0.000686435187061685,5.89130669197223,FALSE,,-0.00555033496286835,0.0119636765519094,0.000188366615756858,-0.00157915155179921,TRUE,,7.72599501221913e-09,TRUE,secondary_exploratory,all_eligible_drugs,Drugs used in nausea and vertigo,4.48078666131178e-09,TRUE,TRUE,5.46406917525495e-09,TRUE
0702010F0,1.02651480455469,1.02106866027277,1.05779813121964,Oct,Mar,0.0128193215177154,0.00377198146322241,1,-0.0255664888431434,0,0.966140649563623,6299.42645131823,6267.10721786111,"unimodal, non-sinusoidal (2 harmonics, 1 peak)",070201,Estriol,0.00067105855473401,poisson,HAC-Wald,139.679186024378,5.36979192843068e-08,0.0289016985754779,6.49451884044364,FALSE,,-0.0101889238014905,0.00777951386283112,-0.00377198144192818,4.00802828725153e-07,TRUE,,0.00259636613873336,TRUE,secondary_exploratory,all_eligible_drugs,Preparations for vaginal and vulval changes,0.380896625937797,FALSE,FALSE,,FALSE
0304010Y0,1.02647632484116,1.01753066940433,1.04286640671689,Dec,Sep,0.0086126080964711,0.00758213159002983,2,0.161575705129965,0.369638447634656,0.837600224195503,536.139089945568,537.31791207621,unimodal (1 harmonic preferred),030401,Alimemazine tartrate,0.000739195117792304,poisson,HAC-Wald,1.65875456047425,0.0313535816255899,0.00644956934856922,8.10809046741146,FALSE,,0.00776650735731065,0.00372268474252644,-0.00197143227798901,0.00732135057361901,TRUE,,0.00283455135720356,TRUE,secondary_exploratory,all_eligible_drugs,Antihistamines,1.95040709693529e-226,TRUE,TRUE,0.00208751239273535,TRUE
0411000G0,1.02643963774178,1.01544123806723,1.0487551130929,Nov,Mar,0.0101299026053195,0.00613461042139511,2,-0.118104523204554,0,0.938378064908457,5208.3219834903,5065.49582464037,"bimodal (2 harmonics, 2 peaks)",041100,Memantine hydrochloride,4.53295428298739e-06,poisson,HAC-Wald,109.28569046129,7.37149532146132e-09,2.60350204472903e-05,10.1905184232348,FALSE,,-0.00585455192213179,0.00826674957793701,-0.00136834946308778,0.00598005558244712,TRUE,,2.4665349003518e-05,TRUE,secondary_exploratory,all_eligible_drugs,Dementia,3.28476791770192e-10,TRUE,TRUE,1.77540709417006e-05,TRUE
0601023AU,1.02634288056835,1.01810376095134,1.04938506725122,May,Sep,0.00547684269012211,0.0102340961516018,2,0.0575460730872702,0.309652914596064,0.983448794641541,517.759627068095,518.253127104752,unimodal (1 harmonic preferred),060102,Ins degludec/liraglutide,0.00263222056802807,poisson,HAC-Wald,1.65364914969949,0.113433410378633,0.0225656076377392,4.23884337484151,FALSE,,0.00300826479089699,-0.00457669627572046,-0.00638701510870667,0.00799642182737899,TRUE,,0.00899572923950646,TRUE,secondary_exploratory,all_eligible_drugs,Antidiabetic drugs,0.870182495394554,FALSE,FALSE,,FALSE
0403030Z0,1.02566101482461,1.01675021013454,1.04486316395183,Nov,Apr,0.0116594671077021,0.00286585174475622,1,-0.126788433240564,0.120012171571582,0.658178059033009,665.578571159797,668.489274717294,unimodal (1 harmonic preferred),040303,Citalopram hydrochloride,3.4110337234129e-05,poisson,HAC-Wald,3.75146167853734,3.40921408529887e-05,1.40230947348607e-05,4.26146676751573,FALSE,,-0.00878688364408537,0.00766380121486019,5.90259845467553e-05,0.00286524382139994,TRUE,,0.000166117342330208,TRUE,secondary_exploratory,all_eligible_drugs,Selective serotonin re-uptake inhibitors,0.000373686698569591,TRUE,TRUE,0.000120024609091213,TRUE
0303020G0,1.0253923172776,1.01952582871997,1.03502719757272,Dec,Sep,0.00523490791547985,0.00960036419583939,2,0.00814373740472387,0,0.775217475064201,11806.0415355749,10967.9120730417,"bimodal (2 harmonics, 2 peaks)",030302,Montelukast,6.30051574223025e-11,poisson,HAC-Wald,255.627799261462,4.11636232700713e-08,5.03376920691911e-05,6.69648005788147,FALSE,,0.00492026423304308,0.00178752923349258,-0.00279745947752148,0.00918374722890282,TRUE,,5.07165482060518e-10,TRUE,secondary_exploratory,all_eligible_drugs,Leukotriene receptor antagonists,2.73709047581924e-10,TRUE,TRUE,3.51333843931144e-10,TRUE
0208020V0,1.02504941134392,1.01553678335907,1.04139220188398,Nov,Mar,0.00741121565494478,0.00744576813330818,2,-0.0412005531999225,0.143412271000398,0.978161372137411,8846.98177326165,8479.20596652868,"bimodal (2 harmonics, 2 peaks)",020802,Warfarin sodium,1.91881821704354e-06,poisson,HAC-Wald,193.525871919222,1.7970828219405e-09,1.59565016488727e-06,5.1243539439924,FALSE,,-0.00465094652100243,0.00577016585055178,-0.00459592203863174,0.00585806825752368,TRUE,,1.09294090257334e-05,TRUE,secondary_exploratory,all_eligible_drugs,Oral anticoagulants,0.00531800462558879,TRUE,TRUE,7.84212662617795e-06,TRUE
0603020J0,1.02502171825569,1.01453469084237,1.04543402491575,Dec,Mar,0.00819877509462714,0.00687602478336123,2,-0.077445740333668,0.191874211926781,0.806937958227827,1718.34990343799,1674.15515729831,"bimodal (2 harmonics, 2 peaks)",060302,Hydrocortisone,3.18271950576334e-06,poisson,HAC-Wald,26.3804706415556,4.63409070257852e-07,0.000314049672033301,6.21236717639392,FALSE,,-0.00441724834425871,0.00690708550094915,-0.00156852152193126,0.0066947335314138,TRUE,,1.77141074206485e-05,TRUE,secondary_exploratory,all_eligible_drugs,Glucocorticoid therapy,7.99962161406946e-42,TRUE,TRUE,1.26922996048017e-05,TRUE
0205051F0,1.02468085993495,1.01632960009827,1.03925198148184,Nov,Aug,0.00675455599551594,0.0077308003505054,2,-0.0292569591897248,0.11340662229321,0.958100752963197,626.621243262803,625.507879752439,"bimodal (2 harmonics, 2 peaks)",020505,Captopril,5.7432311176384e-05,poisson,HAC-Wald,3.19586971358389,3.74090741123116e-05,0.028506825481147,2.27169962842456,FALSE,,-0.000414649392201951,0.00674181671199291,-0.00715076403656456,0.00293800063865707,TRUE,,0.00027154888876601,TRUE,secondary_exploratory,all_eligible_drugs,Renin-angiotensin system drugs,0.0166702504942612,TRUE,TRUE,0.000196825316427399,TRUE
0906040G0,1.02421947661632,1.01834560533541,1.04065077103324,Apr,Aug,0.0106466441086662,0.00377291817997168,1,-0.0748609650654065,0,0.563184221821505,58313.3983351318,57565.0349538304,"unimodal, non-sinusoidal (2 harmonics, 1 peak)",090604,Colecalciferol,2.29355889023944e-20,poisson,HAC-Wald,1415.34349546168,2.64420329132582e-09,2.16655245180997e-05,12,TRUE,,0.010185964076001,0.00309792940833305,-0.00363051069477723,0.00102679291381904,TRUE,,3.23757443346843e-19,TRUE,secondary_exploratory,all_eligible_drugs,Vitamin D,7.68734419904648e-19,TRUE,TRUE,2.25248022354859e-19,TRUE
0408010AF,1.02416667767755,1.01719382447368,1.06099899873196,Dec,Mar,0.0065172491896165,0.00775182196678895,2,-0.015195599427113,0.251757002171531,0.261231929183235,499.796079678107,502.297965762728,unimodal (1 harmonic preferred),040801,Rufinamide,0.00265937661746892,poisson,HAC-Wald,1.60203895016764,0.068891320477506,0.0187093950869258,7.48636706289205,FALSE,,-0.00259144461563067,0.00597987891212487,-0.00122773214056675,0.00765398050662602,TRUE,,0.00905675813082074,TRUE,secondary_exploratory,all_eligible_drugs,Control of epilepsy,0.0462428934317855,TRUE,TRUE,0.00675625410924538,TRUE
0103010H0,1.02408024798939,1.016166243348,1.03858793212639,Nov,Apr,0.0105663488257923,0.00424911805496373,1,-0.0923264972123664,0,0.994409531300463,7136.10229867395,7039.64152360681,"unimodal, non-sinusoidal (2 harmonics, 1 peak)",010301,Famotidine,2.4170492956248e-05,poisson,HAC-Wald,158.035563481579,8.00348783561192e-07,5.19030509821272e-05,6.03714359741845,FALSE,,-0.00545105377272546,0.00905172581749894,-0.00147815302195719,0.00398372537817275,TRUE,,0.000119502843347135,TRUE,secondary_exploratory,all_eligible_drugs,H2-receptor antagonists,5.45997117848395e-06,TRUE,TRUE,8.6435784593539e-05,TRUE
0104020L0,1.0235064114592,1.01570095074714,1.04105709580383,Jul,Mar,0.0110182534480915,0.00276538802340127,1,-0.0955278831328938,0.174128202108369,0.0621992921668955,4408.45682271957,4386.82209944319,"unimodal, non-sinusoidal (2 harmonics, 1 peak)",010402,Loperamide hydrochloride,1.44684931339016e-06,poisson,HAC-Wald,92.555902888007,2.77685782946179e-08,0.000274871291177758,5.00391307058668,FALSE,,-0.0102223163438588,-0.00411170981617842,0.00023971955375284,0.00275497830400163,TRUE,,8.33864633871018e-06,TRUE,secondary_exploratory,all_eligible_drugs,Antimotility drugs,2.18265840235112e-06,TRUE,TRUE,5.98759024031905e-06,TRUE
0409010Z0,1.02330730972403,1.01185075999483,1.04735767256731,Nov,Mar,0.0087200702656606,0.00503329302376407,2,-0.183696331795782,0,0.138256638344319,853.65262659509,851.343501864879,"bimodal (2 harmonics, 2 peaks)",040901,Rotigotine,0.000152734298691697,poisson,HAC-Wald,7.51434748327678,1.90827066924325e-06,2.7868210772386e-07,12,TRUE,,-0.00813351471737789,0.00314413164168671,-0.00393381598904634,0.00313992522640197,TRUE,,0.000698418811857806,TRUE,secondary_exploratory,all_eligible_drugs,Dopaminergic drugs used in parkinsonism,0.000377505620594641,TRUE,TRUE,0.000505020947432847,TRUE
0307000J0,1.02320940711093,1.01809658178953,1.03230803384288,Dec,Aug,0.00872470653921998,0.00485856780314921,2,-0.151319530629207,0,0.886068980482873,8453.85165956972,8290.17306569307,"bimodal (2 harmonics, 2 peaks)",030700,Carbocisteine,2.54025443625799e-14,poisson,HAC-Wald,188.870917862402,1.61394754613914e-08,1.38422045559139e-06,11.2659963877494,FALSE,,0.00294643611403382,0.00821212630330447,-0.00114520984081158,0.00472167083968233,TRUE,,2.5507297122838e-13,TRUE,secondary_exploratory,all_eligible_drugs,Mucolytics,3.00197132384098e-16,TRUE,TRUE,1.75946044111343e-13,TRUE
0801030P0,1.02258079633751,1.01271260257789,1.04036985964531,Jun,Feb,0.00830446104932903,0.0061567278255432,2,-0.0111102006112164,0.260334395040014,0.762248061163694,580.98786307744,582.103469801504,unimodal (1 harmonic preferred),080103,Methotrexate,0.0155230867842064,poisson,HAC-Wald,2.24236857414423,0.00284781638627408,5.08658688547214e-06,2.9591353996577,FALSE,,-0.00756967279905078,-0.00341527847109629,-0.00281573757427662,0.00547511821156628,TRUE,,0.0400529069795604,TRUE,secondary_exploratory,all_eligible_drugs,Antimetabolites,0.769739487426067,FALSE,FALSE,,FALSE
0603010I0,1.02252053409987,1.01585753025035,1.04034092177908,Dec,Apr,0.00993966894007076,0.00294299843518436,1,-0.131453482195766,0,0.855164973944116,2015.587297559,2008.21664039553,"unimodal, non-sinusoidal (2 harmonics, 1 peak)",060301,Fludrocortisone acetate,2.76736407632453e-09,poisson,HAC-Wald,34.4264962173639,4.18470028663753e-07,2.20377283504103e-05,7.94020967234257,FALSE,,-0.00486369819530118,0.00866841730093974,0.00113519089303933,0.00271524979069296,TRUE,,1.9252947216715e-08,TRUE,secondary_exploratory,all_eligible_drugs,Replacement therapy,9.66381106018091e-09,TRUE,TRUE,1.36911696407635e-08,TRUE
0410030A0,1.02250557548798,1.01495816462457,1.040114123301,May,Aug,0.00211998233112955,0.0104431768886926,2,-0.0110561862901041,0.158040933936428,0.598561804765998,3545.50600981845,3372.06017560613,"bimodal (2 harmonics, 2 peaks)",041003,Buprenorphine hydrochloride,0.00183896859764084,poisson,HAC-Wald,67.9311352229845,2.2047358003173e-06,0.000148553543016794,4.08584137844741,FALSE,,0.00203072226224462,0.000608680686341834,-0.00680112965708159,0.00792493400074019,TRUE,,0.00656100884286513,TRUE,secondary_exploratory,all_eligible_drugs,Opioid dependence,0.00172848088230961,TRUE,TRUE,0.00485960376404689,TRUE
1108010C0,1.02230075622814,1.01620682937157,1.04526210703465,Aug,Mar,0.0105880678164912,0.00406732623194098,2,0.126251249816829,0.230447210437291,0.143158464364297,562.12419681888,565.212255613061,unimodal (1 harmonic preferred),110801,Acetylcysteine,0.00136412282695139,poisson,HAC-Wald,2.21585543068569,0.0251816715971578,0.00177206015800613,2.2171530061508,FALSE,,-0.00840631106349585,-0.00643747733125051,0.00401466322959171,-0.000652396988036822,TRUE,,0.0050327864903434,TRUE,secondary_exploratory,all_eligible_drugs,"Tear deficiency, eye lubricant and astringent",0.402879512529337,FALSE,FALSE,,FALSE
0304010J0,1.02216309672594,1.01401617215037,1.0379468376574,Jan,Sep,0.0105332148050465,0.00220785485968176,1,-0.137283317785079,0,0.53341731909195,1518.80473684964,1519.38645004413,unimodal (1 harmonic preferred),030401,Hydroxyzine hydrochloride,0.000333997641173671,poisson,HAC-Wald,23.0098592132393,6.09871456380942e-09,0.00123885032828341,5.18832310423138,FALSE,,0.00924594296901946,0.00504590455150415,0.000547042231425743,0.00213901095800304,TRUE,,0.00139619614808221,TRUE,secondary_exploratory,all_eligible_drugs,Antihistamines,1.95040709693529e-226,TRUE,TRUE,0.00100812132060677,TRUE
0901011F0,1.02213631563923,1.01561010456953,1.04368225089656,Jul,Feb,0.0106205562123531,0.00218323475472173,1,0.0226900163157559,0,0.55266776423717,13226.9196777202,13183.7845443211,"unimodal, non-sinusoidal (2 harmonics, 1 peak)",090101,Ferrous fumarate,0.000533672367551949,poisson,HAC-Wald,310.850264944497,1.39956381052068e-08,0.00364385753646213,3.92234009715533,FALSE,,-0.0066666004742841,-0.0082675662909968,-0.00159161676296893,0.00149441295298895,TRUE,,0.00214792101651074,TRUE,secondary_exploratory,all_eligible_drugs,Iron-deficiency anaemias,4.30049447409871e-15,TRUE,TRUE,0.00156069519044081,TRUE
0205052V0,1.02183090063147,1.01433723382528,1.03735861315291,Nov,Feb,0.00685294047534235,0.00624733920168651,2,-0.125396296651429,0.119375646147105,0.616810057583929,1690.36069676633,1667.71865864762,"bimodal (2 harmonics, 2 peaks)",020505,Valsartan,0.00682359802705769,poisson,HAC-Wald,26.537775804098,6.57912425926796e-06,0.000909300988352957,4.53744033383438,FALSE,,-0.0068454992694144,0.000319269339323813,-0.00450043362922476,0.00433305253255391,TRUE,,0.0198987559232161,TRUE,secondary_exploratory,all_eligible_drugs,Renin-angiotensin system drugs,0.0166702504942612,TRUE,TRUE,0.0151686739925809,TRUE
0206020A0,1.02105201310467,1.01640364168756,1.03258813976255,Apr,Aug,0.00887447324158939,0.0035745277383123,1,-0.119087054742628,0,0.787552787495701,73718.8188256717,72786.6846846135,"unimodal, non-sinusoidal (2 harmonics, 1 peak)",020602,Amlodipine,2.55149240647261e-19,poisson,HAC-Wald,1794.45340551992,4.25919853016339e-09,8.4612694828401e-07,9.78630508271692,FALSE,,0.00887329624030327,0.000144530783938966,-0.00315491972737648,0.00168039580628338,TRUE,,3.40432000534839e-18,TRUE,secondary_exploratory,all_eligible_drugs,Calcium-channel blockers,3.20982104870482e-14,TRUE,TRUE,2.36462254008307e-18,TRUE
0411000D0,1.02073207099675,1.0139403485683,1.03701551765574,Nov,Mar,0.00814667334746462,0.00389168863699398,1,-0.102253792110622,0.0371582643972647,0.35904021868569,4653.47836549876,4599.44530996361,"unimodal, non-sinusoidal (2 harmonics, 1 peak)",041100,Donepezil hydrochloride,9.63637331331945e-14,poisson,HAC-Wald,97.6809103341234,6.35082574625268e-09,3.55407561011267e-05,11.8760591217741,FALSE,,-0.00601922721423225,0.00548973500031981,-0.00205504134813279,0.00330485181283105,TRUE,,9.11245398754674e-13,TRUE,secondary_exploratory,all_eligible_drugs,Dementia,3.28476791770192e-10,TRUE,TRUE,6.27795409917247e-13,TRUE
0106040G0,1.02066543689557,1.0160844696846,1.0414543254702,Jan,Jun,0.010161948723857,0.00143345603147298,1,-0.0393857121657144,0.00859928260225229,0.248239920476299,7745.71510842749,7739.66594986963,"unimodal, non-sinusoidal (2 harmonics, 1 peak)",010604,Lactulose,0.000355661506238888,poisson,HAC-Wald,175.790004326559,5.39654864731178e-11,0.00250598352887421,3.8380120224277,FALSE,,0.00157923801073422,0.0100384863984443,0.000264019979004273,-0.0014089320937692,TRUE,,0.00147410343436884,TRUE,secondary_exploratory,all_eligible_drugs,Osmotic laxatives,0.411692559020789,FALSE,FALSE,,FALSE
0803041C0,1.02065190615024,1.01138694039862,1.04133069417052,Dec,Mar,0.00654247809576159,0.00584838905763472,2,-0.0974837104506479,0,0.758722413296516,934.905859227705,927.596018101431,"bimodal (2 harmonics, 2 peaks)",080304,Exemestane,0.00789310958718996,poisson,HAC-Wald,9.11520317779508,4.73960232686728e-09,0.00299975361031279,2.90168865368367,FALSE,,-0.00326383630968868,0.00567021976444282,-0.00104788775688032,0.00575374537309758,TRUE,,0.022413669789863,TRUE,secondary_exploratory,all_eligible_drugs,Hormone antagonists,0.00341395403142288,TRUE,TRUE,0.0171408122388482,TRUE
0501130H0,1.02064006563955,1.0109613493025,1.03852708243386,Dec,Apr,0.00749369832818087,0.00503342222003552,2,-0.162561149973446,0,0.996079250883474,1658.88079323592,1640.52907855552,"bimodal (2 harmonics, 2 peaks)",050113,Methenamine hippurate,0.000830985275830528,poisson,HAC-Wald,25.8555600435011,4.54848896183425e-05,9.80728994126601e-07,5.03802927370253,FALSE,,-0.00282467744355057,0.0069409446024066,2.56938601949526e-05,0.00503335664052286,TRUE,,0.00313713045991835,TRUE,secondary_exploratory,all_eligible_drugs,Urinary-tract infections,2.05997052646044e-07,TRUE,TRUE,0.00230712367720037,TRUE
0106020M0,1.02062155463962,1.01147375108631,1.03906005811645,Nov,Mar,0.00888696330550844,0.00309500446486246,1,-0.13162169314205,0.147298628548191,0.598030863524922,10600.7091677638,10522.8522941229,"unimodal, non-sinusoidal (2 harmonics, 1 peak)",010602,Senna,0.00204741449076709,poisson,HAC-Wald,244.325318744943,3.01645098789707e-09,1.37677810507775e-05,8.30795796988562,FALSE,,-0.00842732926881034,0.00282103494989094,-0.00183483297336472,0.00249247679976607,TRUE,,0.00719473290750707,TRUE,secondary_exploratory,all_eligible_drugs,Stimulant laxatives,0.0429708493171327,TRUE,TRUE,0.00531976799290539,TRUE
0409010V0,1.02031813224633,1.01180295611006,1.04299339865757,Dec,Mar,0.00233904429955041,0.00878251533417719,2,-0.112633605987491,0.0147044195299085,0.496032083328607,609.16766811487,606.717612083538,"bimodal (2 harmonics, 2 peaks)",040901,Entacapone,0.00960758664139043,poisson,HAC-Wald,2.78355665857223,0.000989901070770156,0.00259931831368576,4.2328375697789,FALSE,,-0.00063809174041878,0.00225032601328532,0.00171707033361936,0.00861302763634611,TRUE,,0.0267365411106122,TRUE,secondary_exploratory,all_eligible_drugs,Dopaminergic drugs used in parkinsonism,0.000377505620594641,TRUE,TRUE,0.0205252987338796,TRUE
0601060D0,1.02029346138401,1.01706259917126,1.0326309055139,Aug,Dec,0.00908234375619259,0.00308915835848785,1,-0.0475395597844228,0.126460139507272,0.907105058830926,13481.8037538815,13379.3747998357,"unimodal, non-sinusoidal (2 harmonics, 1 peak)",060106,Glucose blood testing reagents,2.96897552608663e-16,poisson,HAC-Wald,315.386034433513,2.03818950113335e-09,0.000222064929634169,12,TRUE,,-0.00583951889534702,-0.00695621931630506,0.00269501872555758,-0.00150989186126337,TRUE,,3.31859365138886e-15,TRUE,secondary_exploratory,all_eligible_drugs,Diabetic diagnostic and monitoring agents,1.14226798562315e-07,TRUE,TRUE,2.29406244675541e-15,TRUE
0410030C0,1.02026749331803,1.01278365676821,1.03676658619576,May,Sep,0.00393639367428493,0.00832510888596937,2,-0.0464675984963734,0.142529466820407,0.890696353896196,5753.69569921306,5520.10803827723,"bimodal (2 harmonics, 2 peaks)",041003,Methadone hydrochloride,0.00169607940299842,poisson,HAC-Wald,120.495022172411,1.0189075357914e-06,1.16313959145353e-05,5.02760001383782,FALSE,,0.00393412489957204,0.000133627966824725,-0.00311939965143315,0.00771859985864567,TRUE,,0.00614119456699056,TRUE,secondary_exploratory,all_eligible_drugs,Opioid dependence,0.00172848088230961,TRUE,TRUE,0.0045366676714348,TRUE
0301020S0,1.01981734326702,1.01222735445462,1.0408167637855,Dec,Apr,0.00794306639637533,0.00410754532372116,2,-0.0996289831993406,0.158551318905262,0.993803895126512,955.646888423835,953.98646507523,"bimodal (2 harmonics, 2 peaks)",030102,Glycopyrronium bromide,0.00748506267773064,poisson,HAC-Wald,9.79527447985342,8.5448601931538e-07,0.000214341632713277,3.08137873817746,FALSE,,-0.00261494201773515,0.00750029212905138,-6.02336511657778e-05,0.00410710366239894,TRUE,,0.0215057553041582,TRUE,secondary_exploratory,all_eligible_drugs,Antimuscarinic bronchodilators,8.45914240039922e-05,TRUE,TRUE,0.0163626951559693,TRUE
0901011H0,1.01961512431311,1.01384522579496,1.04124648185707,Aug,Jan,0.00980771805743069,0.0017888712353654,1,0.0722550323497275,0.00917903256796826,0.135671248574129,1170.98311456018,1173.22995799673,unimodal (1 harmonic preferred),090101,Ferrous gluconate,0.00474379434956034,poisson,HAC-Wald,14.6756194417501,4.76288073805979e-07,0.00196111235876184,0.460411474745853,FALSE,,-0.0067008414365246,-0.00716170772488008,-0.00172084235516985,-0.000488632669160828,TRUE,,0.0146681133221326,TRUE,secondary_exploratory,all_eligible_drugs,Iron-deficiency anaemias,4.30049447409871e-15,TRUE,TRUE,0.0110688534823075,TRUE
0406000J0,1.01957269698185,1.01280917936968,1.04485619005809,Dec,Aug,0.00834203419356427,0.00401251967879453,2,-0.087121183038596,0,0.916849647685718,1112.60801425332,1108.72178196363,"bimodal (2 harmonics, 2 peaks)",040600,Domperidone,0.0108393487904145,poisson,HAC-Wald,13.1751388311552,2.61495567701331e-08,0.0135738350067774,3.08802332091153,FALSE,,0.000701547485841337,0.00831248251797892,-0.00036144770810161,0.00399620691744327,TRUE,,0.0296559711288308,TRUE,secondary_exploratory,all_eligible_drugs,Drugs used in nausea and vertigo,4.48078666131178e-09,TRUE,TRUE,0.022859908666964,TRUE
0403040U0,1.01950257599803,1.01432657582672,1.04103304072841,Apr,Aug,0.00497724742308219,0.00719565942501342,2,-0.155850880994404,0.107993373702873,0.636692950047418,534.348549037972,536.178063145009,unimodal (1 harmonic preferred),040304,Reboxetine,2.30178472148816e-05,poisson,HAC-Wald,1.80842808583025,0.0265584451128392,1.13237386911713e-07,10.3248825284448,FALSE,,0.00434254368845158,0.00243214025592023,-0.00680888308934778,0.00232736452589154,TRUE,,0.000114384608098442,TRUE,secondary_exploratory,all_eligible_drugs,Other antidepressant drugs,3.16743876105447e-08,TRUE,TRUE,8.27636255048748e-05,TRUE
0403010R0,1.01937548451036,1.01253714501491,1.03330309394059,Nov,Jul,0.00559369963868213,0.00563532034097645,2,-0.0736597799957479,0.197863424135575,0.956370712506533,828.434338973699,824.616429278391,"bimodal (2 harmonics, 2 peaks)",040301,Lofepramine hydrochloride,2.95917294211115e-05,poisson,HAC-Wald,6.86880006543119,7.12606546546371e-07,0.000144752901997114,6.52354823175076,FALSE,,8.26551797703809e-05,0.00559308892912045,-0.00548636070974763,0.00128712140373795,TRUE,,0.000145567396243245,TRUE,secondary_exploratory,all_eligible_drugs,Tricyclic and related antidepressant drugs,5.81617035616975e-09,TRUE,TRUE,0.000105250583562656,TRUE
0802020T0,1.01928850795748,1.01268801512236,1.03710564753636,Dec,Apr,0.00744533310205035,0.00426671969053637,2,-0.107818660058439,0,0.881893163836075,701.872125185322,702.799196254032,unimodal (1 harmonic preferred),080202,Tacrolimus,0.00287829992967552,poisson,HAC-Wald,4.33039402582878,0.00029046308304437,0.00706716384681227,2.05552490287977,FALSE,,-0.00199507758518721,0.00717305028767889,0.00026533538283805,0.00425846146539157,TRUE,,0.00953559228402705,TRUE,secondary_exploratory,all_eligible_drugs,Corticosteroids and other immunosuppressants,0.189539192211055,FALSE,FALSE,,FALSE
0404000R0,1.01925945892335,1.01013851844591,1.03571631067108,Jun,Mar,0.00628176611169073,0.00543680674414187,2,-0.154930968240537,0,0,709.966480741611,709.084453239711,"bimodal (2 harmonics, 2 peaks)",040400,Modafinil,0.00284892817577268,poisson,HAC-Wald,4.49302505865957,2.35381862851025e-05,1.07258406029098e-05,8.44412716453924,FALSE,,-0.0057818936594569,-0.00245566512226691,-0.000434806853471859,0.00541939208521772,TRUE,,0.00950046296717277,TRUE,secondary_exploratory,all_eligible_drugs,CNS stimulants and drugs used for ADHD,0.0251947058398018,TRUE,TRUE,0.00707411165449423,TRUE
0601012D0,1.01918522998419,1.01088185879851,1.03633499926067,Nov,Mar,0.00368504768726207,0.00744341813850069,2,-0.12450674560033,0.162456390898275,0.590008761875421,2367.07334383963,2296.03993736478,"bimodal (2 harmonics, 2 peaks)",060101,Biphasic isophane insulin,0.00282417039570962,poisson,HAC-Wald,41.4742353555982,3.72492275470742e-09,5.75081157627722e-06,11.4768346181561,FALSE,,-0.00265362193960708,0.00255692531354192,-0.00443072711758562,0.0059810643529436,TRUE,,0.00948531712214197,TRUE,secondary_exploratory,all_eligible_drugs,Insulin,0.0233801524823976,TRUE,TRUE,0.00706579513451305,TRUE
0601012S0,1.01910646224204,1.01186894257944,1.0390575905736,Dec,Mar,0.00305671755080302,0.00852064345768249,2,-0.16249450863856,0,0,2219.31779004302,2126.8941850305,"bimodal (2 harmonics, 2 peaks)",060101,Isophane insulin,7.73466746330578e-06,poisson,HAC-Wald,37.3177072830769,2.74832085910389e-08,0.000113297124709089,12,TRUE,,-0.000641424468357121,0.00298866137874132,-0.00375611359689363,0.00764807005591465,TRUE,,4.02864497821381e-05,TRUE,secondary_exploratory,all_eligible_drugs,Insulin,0.0233801524823976,TRUE,TRUE,2.92494896026161e-05,TRUE
0407020A0,1.01882816213639,1.01008809067635,1.03589562368112,Jul,Mar,0.00787596758747849,0.00332282126379653,1,-0.100592568176363,0.187092552090266,0.967779571578435,2008.9401937943,1997.23030378454,"unimodal, non-sinusoidal (2 harmonics, 1 peak)",040702,Fentanyl,0.00763334369440555,poisson,HAC-Wald,34.0505306837646,9.17055457451023e-11,3.24535728246644e-06,5.0047774922001,FALSE,,-0.0065806648976566,-0.00432732191358143,5.89958487881242e-05,0.00332229749434998,TRUE,,0.0218031576491232,TRUE,secondary_exploratory,all_eligible_drugs,Opioid analgesics,0.272633294918465,FALSE,FALSE,,FALSE
0202010P0,1.01876507700324,1.01473644797668,1.02861375964107,May,Sep,0.00817235447301998,0.00387859984462826,2,-0.0998740393909004,0,0.722101634487687,12606.8808191228,12443.7707074602,"bimodal (2 harmonics, 2 peaks)",020201,Indapamide,9.82097069327626e-12,poisson,HAC-Wald,291.680556347543,7.1424837552132e-07,3.43448114770162e-06,7.04856010337822,FALSE,,0.00410454216553859,-0.00706683176848052,-0.00296952321829066,0.00249508889837277,TRUE,,8.17574825235135e-11,TRUE,secondary_exploratory,all_eligible_drugs,Thiazides and related diuretics,0.00190095196630072,TRUE,TRUE,5.66859536506647e-11,TRUE
0409010N0,1.01861648949144,1.01053490131489,1.03660595035345,Nov,Mar,0.00623692339872375,0.00475932221398012,2,-0.140805189754052,0,0.702402454601821,3381.84581986428,3323.64081567771,"bimodal (2 harmonics, 2 peaks)",040901,Co-careldopa (Carbidopa/levodopa),3.21748605160241e-05,poisson,HAC-Wald,66.2889084170678,1.28389075684996e-08,7.82255223275019e-06,11.0868766181995,FALSE,,-0.00421085477531218,0.00460086030463635,-0.00298738954318963,0.00370494961554485,TRUE,,0.000157478965540741,TRUE,secondary_exploratory,all_eligible_drugs,Dopaminergic drugs used in parkinsonism,0.000377505620594641,TRUE,TRUE,0.000113822893653462,TRUE
0403040X0,1.01839006617781,1.01542661231429,1.03546982208802,Jan,Jul,0.00911223590261357,0.00141425352923456,1,-0.108828241980278,0,0.700970089487516,28917.1768659393,28870.88981034,"unimodal, non-sinusoidal (2 harmonics, 1 peak)",040304,Mirtazapine,2.53523178383826e-16,poisson,HAC-Wald,700.606994594925,5.46022925107444e-10,5.58447162668507e-06,12,TRUE,,0.00465557020287985,0.00783316725411484,-0.00132868388169496,-0.00048447103884175,TRUE,,2.87129739239357e-15,TRUE,secondary_exploratory,all_eligible_drugs,Other antidepressant drugs,3.16743876105447e-08,TRUE,TRUE,1.98593156400664e-15,TRUE
0301020Q0,1.01834133488384,1.01210848322729,1.03333514997335,Dec,Aug,0.00542948808668423,0.00595157544677252,2,-0.138011239875954,0.15857371082349,0.979205989375346,5840.7600475747,5684.97964770904,"bimodal (2 harmonics, 2 peaks)",030102,Tiotropium bromide,0.00177107254112018,poisson,HAC-Wald,124.63610702107,1.90922496852127e-09,1.98464430491985e-05,5.12345979260229,FALSE,,-0.000272320228240377,0.00542265456918815,-0.0033688063124606,0.00490636263720398,TRUE,,0.0063889802038928,TRUE,secondary_exploratory,all_eligible_drugs,Antimuscarinic bronchodilators,8.45914240039922e-05,TRUE,TRUE,0.00471807988687076,TRUE
0102000T0,1.01815004144826,1.01378769041397,1.03589694609804,Sep,Jan,0.00809073491478338,0.00304647147895211,1,-0.100711073369206,0,0,1928.66745909413,1922.95982593201,"unimodal, non-sinusoidal (2 harmonics, 1 peak)",010200,Peppermint oil,5.68797605694206e-06,poisson,HAC-Wald,32.5567775992711,1.35451919207551e-09,0.000682244782299613,6.53005913803348,FALSE,,-0.0075008845012176,-0.00303260995854866,0.000468466595490857,-0.00301023712039066,TRUE,,3.04400476893492e-05,TRUE,secondary_exploratory,all_eligible_drugs,Antispasmodics and other drugs altering gut motility,0.0936735611860228,FALSE,FALSE,,FALSE
0407042Q0,1.01797593734335,1.01378995506045,1.03005341897226,May,Aug,0.00639114874028208,0.00490689659769956,2,0.0102795564776126,0.202997239901046,0.141403372282106,1746.96742732441,1726.70297663447,"bimodal (2 harmonics, 2 peaks)",040704,Pizotifen malate,2.09045414109081e-10,poisson,HAC-Wald,27.7006278466501,4.5311117812651e-08,0.000200965729900471,6.29309344780909,FALSE,,0.00629777779340801,0.00108847465991001,-0.0036667578649918,0.00326075466418992,TRUE,,1.60323018379721e-09,TRUE,secondary_exploratory,all_eligible_drugs,Antimigraine drugs,0.745226127019671,FALSE,FALSE,,FALSE
0704010V0,1.01797167657165,1.01011605308866,1.03565205677206,Nov,Feb,0.00338156072256676,0.0065426480924221,2,-0.16765724685762,0,0.614638693870519,853.485744972305,845.717587977216,"bimodal (2 harmonics, 2 peaks)",070401,Tamsulosin and dutasteride hydrochloride,0.00693136522721675,poisson,HAC-Wald,7.26030537689221,7.50062884575291e-07,0.00114915070404908,7.46025741248875,FALSE,,-0.00336014624275589,0.000379960718627245,-0.00572671241479968,0.00316401785384561,TRUE,,0.0201526857651018,TRUE,secondary_exploratory,all_eligible_drugs,Drugs for urinary retention,4.29924047279809e-07,TRUE,TRUE,0.0153563579781435,TRUE
090607000,1.01790574426281,1.01274544354888,1.03233016632182,Dec,Jul,0.00814631656648872,0.00276105326679409,1,-0.0763450353473407,0.0103937381964776,0.88938118411875,3129.34835710238,3117.43650863215,"unimodal, non-sinusoidal (2 harmonics, 1 peak)",090607,Other multivitamin preparations,0.000217115225599472,poisson,HAC-Wald,61.3578707268666,2.71604208343506e-06,0.000237375869248879,12,TRUE,,0.000603559695718474,0.00812392696269192,-0.00120566732570193,0.00248390447517795,TRUE,,0.000956878867574145,TRUE,secondary_exploratory,all_eligible_drugs,Multivitamin preparations,0.00214384731978948,TRUE,TRUE,0.000693503973031325,TRUE
0703021Q0,1.01768438085114,1.01024618012762,1.03384737409701,Jul,Oct,0.00328233218550332,0.00656315475689693,2,0.380298396664587,0.374316825263039,0.883317492273907,11970.8048848172,11728.6588565424,"bimodal (2 harmonics, 2 peaks)",070302,Desogestrel,0.0103729421317674,poisson,HAC-Wald,273.846997465982,1.03725496728149e-07,9.10930582743719e-05,11.4641958579012,FALSE,,0.0016039917547548,-0.00286372397878525,0.00603763192095792,0.00257332492118831,TRUE,,0.028621092454225,TRUE,secondary_exploratory,all_eligible_drugs,Progestogen-only contraceptives,0.000388275226870467,TRUE,TRUE,0.0220174062022675,TRUE
0704050R0,1.01739108929782,1.00925569061679,1.03602633699315,Dec,Apr,0.00590223765828468,0.00411588013336163,2,-0.107192186800713,0,0.948979249945656,3169.32337661184,3138.17773220167,"bimodal (2 harmonics, 2 peaks)",070405,Tadalafil,0.00431849275810792,poisson,HAC-Wald,62.0547660662752,1.51323000597684e-10,0.00318069301546586,7.96754381549151,FALSE,,-0.00266245741315336,0.00526761140347488,0.00260908998360957,0.00318325599498834,TRUE,,0.0136565322934971,TRUE,secondary_exploratory,all_eligible_drugs,Drugs for erectile dysfunction,0.31408709366056,FALSE,FALSE,,FALSE
0601012W0,1.01711165501079,1.00942817490354,1.03420643799065,Nov,Mar,0.00357212368946887,0.00652926176152712,2,-0.109444274246721,0.153087767076069,0.881972460719827,2295.0568734948,2242.744240648,"bimodal (2 harmonics, 2 peaks)",060101,Biphasic insulin aspart,0.0147676291120079,poisson,HAC-Wald,40.2125733335099,2.78694005576198e-09,9.46837100601616e-06,7.97428143570438,FALSE,,-0.00212910702368896,0.00286826967604914,-0.00359311409406834,0.00545167774703785,TRUE,,0.0385621199868518,TRUE,secondary_exploratory,all_eligible_drugs,Insulin,0.0233801524823976,TRUE,TRUE,0.0298987690944653,TRUE
0601023AG,1.01705930419984,1.00817306339992,1.03111758788063,Nov,Mar,0.00619375441803352,0.00432900657354107,2,-0.201149716077125,0.091467048909145,0.998090881961313,13556.4887396562,13303.6218825405,"bimodal (2 harmonics, 2 peaks)",060102,Dapagliflozin,0.019705150624744,poisson,HAC-Wald,313.420557372434,6.52772205128929e-08,1.03618615558965e-05,6.43762252533669,FALSE,,-0.00573651478315589,0.00233559241597154,0.000227015714039611,0.00432305005515098,TRUE,,0.049212350534617,TRUE,secondary_exploratory,all_eligible_drugs,Antidiabetic drugs,0.870182495394554,FALSE,FALSE,,FALSE
0409010W0,1.01702920092497,1.00961915353931,1.03433505798728,Nov,Mar,0.00720277709165957,0.00259939782029924,1,-0.21138331592047,0,0.786601710441707,1874.74043455213,1871.31548525878,"unimodal, non-sinusoidal (2 harmonics, 1 peak)",040901,Pramipexole,0.00933916578978723,poisson,HAC-Wald,31.2373917452342,1.5334289189053e-08,2.02402825755232e-06,6.37608255098921,FALSE,,-0.00642018775954747,0.00326514731126985,-0.000870540634822643,0.00244929133246721,TRUE,,0.0260640328918417,TRUE,secondary_exploratory,all_eligible_drugs,Dopaminergic drugs used in parkinsonism,0.000377505620594641,TRUE,TRUE,0.0200168439403257,TRUE
0408010H0,1.01701660252116,1.00994837333536,1.03243867264304,Dec,Mar,0.0038216756685433,0.00626068502038329,2,-0.116316075123369,0,0.849366133684901,8861.34189495464,8563.33488559969,"bimodal (2 harmonics, 2 peaks)",040801,Lamotrigine,1.62692567093888e-05,poisson,HAC-Wald,195.636460130551,3.39439271678514e-08,6.12399621124915e-06,8.81250898571782,FALSE,,-0.00114898006233791,0.00364486621591052,-0.00164833829980988,0.00603979782557592,TRUE,,8.2104953548936e-05,TRUE,secondary_exploratory,all_eligible_drugs,Control of epilepsy,0.0462428934317855,TRUE,TRUE,5.94731717487656e-05,TRUE
0403010F0,1.01693181711603,1.01102813004072,1.03103828840281,Nov,Aug,0.00562068258471735,0.00469334981810116,2,-0.110662599648392,0,0.114702582182382,1047.8876986166,1042.33294220663,"bimodal (2 harmonics, 2 peaks)",040301,Clomipramine hydrochloride,0.000153667576206089,poisson,HAC-Wald,11.6161465722187,6.80137407304904e-08,0.000144179705685032,4.82663052529238,FALSE,,-0.000537188677125247,0.00559495317615021,-0.00382203078120783,0.00272389669821929,TRUE,,0.00069940289357351,TRUE,secondary_exploratory,all_eligible_drugs,Tricyclic and related antidepressant drugs,5.81617035616975e-09,TRUE,TRUE,0.000505566325718034,TRUE
0407020Q0,1.01691259179498,1.01245220256374,1.03136577776257,Nov,Aug,0.00401964349202222,0.0056469683487796,2,-0.195091101300993,0,0.338884286830623,11501.4868220289,11194.3088823288,"bimodal (2 harmonics, 2 peaks)",040702,Morphine sulfate,5.13473013468365e-09,poisson,HAC-Wald,261.083786661569,1.65968699634528e-09,9.42689466598701e-07,9.34412109899299,FALSE,,0.00156988562220387,0.00370040442872859,-0.00436247247766645,0.0035856778178918,TRUE,,3.47307441054297e-08,TRUE,secondary_exploratory,all_eligible_drugs,Opioid analgesics,0.272633294918465,FALSE,FALSE,,FALSE
0401020P0,1.01678573221146,1.01192136065657,1.03758923909511,Nov,Apr,0.00785330233092022,0.00340914621407931,2,-0.175199567102706,0,0.489620189794902,2918.64833303428,2899.107848043,"bimodal (2 harmonics, 2 peaks)",040102,Lorazepam,0.00353151598532316,poisson,HAC-Wald,56.0554792083995,1.62600503110619e-09,5.16569237185571e-06,7.87080019699378,FALSE,,-0.00297705635679444,0.00726715163934995,-0.00214154181338569,0.00265256038017837,TRUE,,0.0112776936711631,TRUE,secondary_exploratory,all_eligible_drugs,Anxiolytics,0.411692559020789,FALSE,FALSE,,FALSE
0205052Q0,1.01661451460732,1.01086543877315,1.03433174863558,Oct,Mar,0.00783425192391219,0.00201540333724662,1,-0.109444541235642,0,0.13904589272743,1239.33846715672,1240.71858901703,unimodal (1 harmonic preferred),020505,Telmisartan,0.0127952280544959,poisson,HAC-Wald,16.09569093338,2.50550136944526e-07,1.69070348721156e-05,2.92705025572454,FALSE,,-0.00693035814365453,0.00365316837936649,-0.00201475131296116,-5.12616689749279e-05,TRUE,,0.0340506888663361,TRUE,secondary_exploratory,all_eligible_drugs,Renin-angiotensin system drugs,0.0166702504942612,TRUE,TRUE,0.0263101876870572,TRUE
0601012F0,1.01640474555422,1.01114708483275,1.03173727876358,Nov,Aug,0.00446107115626976,0.00504264816209614,2,-0.141966838430775,0.142531588889031,0.937052695499177,1162.16492584212,1154.09276698522,"bimodal (2 harmonics, 2 peaks)",060101,Biphasic insulin lispro,0.00319390677121523,poisson,HAC-Wald,14.298821738177,3.15984854878228e-09,6.98258054976364e-06,6.9810595585247,FALSE,,0.000320751669054447,0.00444952516883552,-0.0044708696816773,0.00233230031860185,TRUE,,0.0104391449502136,TRUE,secondary_exploratory,all_eligible_drugs,Insulin,0.0233801524823976,TRUE,TRUE,0.00781260466713615,TRUE
1001010AH,1.01640291320047,1.01087504690154,1.03044330567338,May,Jan,0.00485420815745547,0.00455465870732074,2,-0.122100783348167,0.14282316203816,0.892019329792856,1514.80588025542,1502.60799698684,"bimodal (2 harmonics, 2 peaks)",100101,Celecoxib,0.000970731065782763,poisson,HAC-Wald,22.4388220398297,1.19746094566843e-07,3.86438866728511e-05,12,TRUE,,-0.000301042460773148,-0.0048448643193302,-0.00454853140759901,-0.000236173610418338,TRUE,,0.00360874831325348,TRUE,secondary_exploratory,all_eligible_drugs,Non-steroidal anti-inflammatory drugs,5.27206392050756e-10,TRUE,TRUE,0.00265037776466829,TRUE
0206030Z0,1.01622439486236,1.01082203826669,1.0333178848216,Nov,Mar,0.00605611212238965,0.00417424377705255,2,-0.154059551703542,0,0.972807691861576,2679.613503222,2650.26991548159,"bimodal (2 harmonics, 2 peaks)",020603,Ranolazine,3.16909405658473e-06,poisson,HAC-Wald,49.9239405619288,6.52681503658956e-08,8.56699827289642e-06,6.90983043841373,FALSE,,-0.00290584908414332,0.00531342969645203,-0.00147175079169048,0.00390618237124439,TRUE,,1.77141074206485e-05,TRUE,secondary_exploratory,all_eligible_drugs,Other antianginal drugs,0.0321300338119129,TRUE,TRUE,1.26922996048017e-05,TRUE
0212000P0,1.01608327551531,1.01204425483104,1.035288743344,Dec,Aug,0.0061183014536533,0.00438411503421969,2,-0.141208227938534,0,0,1871.52042622132,1853.19165399756,"bimodal (2 harmonics, 2 peaks)",021200,Fenofibrate,0.000116435099846103,poisson,HAC-Wald,30.6633238553963,3.23278936117295e-07,0.000701887468781526,3.34185699934276,FALSE,,-0.000838857013523163,0.00606052238578813,-0.00228898784529635,0.00373911744631761,TRUE,,0.000540037082143353,TRUE,secondary_exploratory,all_eligible_drugs,Lipid-regulating drugs,0.0304008061863522,TRUE,TRUE,0.00039088926376906,TRUE
0407020AD,1.01592462832315,1.0090578014669,1.03289893141495,Nov,Mar,0.00562854460835329,0.00389939603848974,2,-0.182456510911833,0,0.0484285859636102,4614.56569072285,4564.28706705085,"bimodal (2 harmonics, 2 peaks)",040702,Oxycodone hydrochloride,0.0191010132602675,poisson,HAC-Wald,96.7795914046542,9.12013294449525e-09,1.10385615004205e-06,2.56232669183824,FALSE,,-0.00347424803716972,0.00442833094793572,-0.00201325644188725,0.00333947420474975,TRUE,,0.048197893563473,TRUE,secondary_exploratory,all_eligible_drugs,Opioid analgesics,0.272633294918465,FALSE,FALSE,,FALSE
0407020B0,1.01590249660693,1.00921477596655,1.03399858414027,Jun,Feb,0.00562500534276377,0.00468372783012551,2,-0.184504735618733,0,0.241049221955081,6707.45453750536,6600.3937506047,"bimodal (2 harmonics, 2 peaks)",040702,Buprenorphine,0.00514075955251444,poisson,HAC-Wald,147.394885758637,3.40800200666666e-09,2.50209404006885e-06,6.85272235517776,FALSE,,-0.0044498621774921,-0.00344084462122983,-0.00419276898459348,0.00208758104717476,TRUE,,0.0156962376305613,TRUE,secondary_exploratory,all_eligible_drugs,Opioid analgesics,0.272633294918465,FALSE,FALSE,,FALSE
0902013S0,1.01584062951337,1.00911871809354,1.0308379640107,Sep,Apr,0.00793175794226209,0.00153859379869607,1,-0.121814512591544,0.0230360862615167,0.934819213476223,1592.19375480799,1593.56523232999,unimodal (1 harmonic preferred),090201,Sodium bicarbonate,0.00143322896856245,poisson,HAC-Wald,24.2937120722421,1.02833261189852e-07,7.99861064604279e-07,4.91525445970769,FALSE,,-0.00741524977818805,0.00281546706280144,0.00114075453694719,0.00103244852841214,TRUE,,0.00523255908298189,TRUE,secondary_exploratory,all_eligible_drugs,Oral preparation for fluid and electrolyte imbalance,8.65885960246975e-07,TRUE,TRUE,0.00386814292529015,TRUE
0604020C0,1.01583746069216,1.01204490236156,1.03155063282054,Nov,Jul,0.00559984680725149,0.00426091068648609,2,-0.173507725956654,0.110547194950974,0.665158547471094,9742.02906061628,9594.52433064113,"bimodal (2 harmonics, 2 peaks)",060402,Finasteride,5.6589240898383e-06,poisson,HAC-Wald,221.403184475009,6.74724830930306e-10,2.62284439089822e-06,12,TRUE,,-0.00201490478311463,0.00522479119005405,-0.00384731954469599,0.00183125426940433,TRUE,,3.04400476893492e-05,TRUE,secondary_exploratory,all_eligible_drugs,Male sex hormones and antagonists,6.44078395714296e-07,TRUE,TRUE,2.19033650065506e-05,TRUE
0803041L0,1.01571552632795,1.00790173663519,1.03329751340106,Nov,Mar,0.00456856888918268,0.00454595847313576,2,-0.189986986493969,0,0.713678280081484,3015.77350037044,2973.22251085828,"bimodal (2 harmonics, 2 peaks)",080304,Letrozole,0.00205352746230695,poisson,HAC-Wald,57.6491682496983,1.42590309346948e-07,1.6077930230507e-05,9.50936963469674,FALSE,,-0.00379306771826843,0.00254646008801196,-0.00304872095189344,0.0033720971215196,TRUE,,0.00719473290750707,TRUE,secondary_exploratory,all_eligible_drugs,Hormone antagonists,0.00341395403142288,TRUE,TRUE,0.00531976799290539,TRUE
040201030,1.01558693830899,1.00967776361961,1.03307381332841,Nov,Mar,0.00597159033952508,0.0037855214213512,2,-0.125982135910806,0,0,4103.17301364343,4058.49960019921,"bimodal (2 harmonics, 2 peaks)",040201,Risperidone,0.000634364579737881,poisson,HAC-Wald,84.2925487725933,1.80946844794841e-08,5.13756745054161e-05,12,TRUE,,-0.00296758927573698,0.00518201747137542,-0.00157556396714952,0.00344205906644974,TRUE,,0.00249647851789927,TRUE,secondary_exploratory,all_eligible_drugs,Antipsychotic drugs,0.00313994020549551,TRUE,TRUE,0.00181852223223317,TRUE
0403010B0,1.01543484461471,1.01235012666721,1.03402921930082,Nov,Jul,0.0066012620593911,0.00340053836543376,2,-0.145354441063819,0,0.162272049052474,34245.4369029852,33891.1793880879,"bimodal (2 harmonics, 2 peaks)",040301,Amitriptyline hydrochloride,1.61591351820569e-10,poisson,HAC-Wald,825.688098215868,1.93660720142738e-09,1.38413722406971e-05,12,TRUE,,0.00372440434034949,0.00545027275338972,-0.00339296615248015,0.000226807986876414,TRUE,,1.25911981338587e-09,TRUE,secondary_exploratory,all_eligible_drugs,Tricyclic and related antidepressant drugs,5.81617035616975e-09,TRUE,TRUE,8.71533684409297e-10,TRUE
0601023AE,1.01535819645832,1.00843508660556,1.03133397816593,Nov,Mar,0.00630293058709763,0.00251715815873984,1,-0.17699735717839,0,0.501076682683994,6214.02060599653,6185.37513074198,"unimodal, non-sinusoidal (2 harmonics, 1 peak)",060102,Linagliptin,0.00763128703041565,poisson,HAC-Wald,136.890790786595,1.24445399230584e-09,4.25357782285474e-06,8.09877577937483,FALSE,,-0.00557804194427544,0.00293468602301418,-0.00149288253437286,0.00202666892576834,TRUE,,0.0218031576491232,TRUE,secondary_exploratory,all_eligible_drugs,Antidiabetic drugs,0.870182495394554,FALSE,FALSE,,FALSE
0704010U0,1.0153435837924,1.01182353509874,1.02744884175681,Nov,Aug,0.00520821599143508,0.00405762320223639,2,-0.180369022212922,0,0.803370578526875,19660.2825921004,19368.7009123202,"bimodal (2 harmonics, 2 peaks)",070401,Tamsulosin hydrochloride,8.04820289363649e-09,poisson,HAC-Wald,464.257173955886,5.85431894024188e-10,1.4697657080287e-06,12,TRUE,,-3.1705986392332e-06,0.00520821502635446,-0.00347330763297792,0.00209772260750186,TRUE,,5.22596641226796e-08,TRUE,secondary_exploratory,all_eligible_drugs,Drugs for urinary retention,4.29924047279809e-07,TRUE,TRUE,3.75582801703036e-08,TRUE
0203020I0,1.0150261663527,1.00923192612369,1.0318616577917,Dec,Mar,0.00303950529953074,0.00613902462414721,2,-0.0945250948532689,0,0.0647098815962813,1502.18188509575,1471.89244444954,"bimodal (2 harmonics, 2 peaks)",020302,Flecainide acetate,0.00062912926499806,poisson,HAC-Wald,21.4755300253074,4.78103056125742e-09,5.36730489437698e-05,3.68282557281577,FALSE,,-0.000468703995982668,0.00300314985141023,-0.00222591655869824,0.00572126898595048,TRUE,,0.00249094269962647,TRUE,secondary_exploratory,all_eligible_drugs,Drugs for arrhythmias,0.145276570341784,FALSE,FALSE,,FALSE
0803041B0,1.01478935750078,1.00982705364545,1.03033764298502,Nov,Mar,0.00527897449082769,0.00360213286263652,2,-0.192815462616561,0.0863662523578841,0.697533388613382,1628.51983679086,1619.38203290705,"bimodal (2 harmonics, 2 peaks)",080304,Anastrozole,0.00301910274674563,poisson,HAC-Wald,24.9869538903089,7.02186809882577e-09,2.78455435749336e-05,4.81526205395693,FALSE,,-0.00377429689464785,0.00369083386592529,-0.00280082107193372,0.002265118646583,TRUE,,0.00990103055666749,TRUE,secondary_exploratory,all_eligible_drugs,Hormone antagonists,0.00341395403142288,TRUE,TRUE,0.00741257316178592,TRUE
1001040C0,1.01478352908503,1.00869619037249,1.03099147433421,Nov,Mar,0.0063686801150528,0.00241910132603645,1,-0.182195092462034,0,0.608737198539276,14437.650065783,14362.0257884351,"unimodal, non-sinusoidal (2 harmonics, 1 peak)",100104,Allopurinol,6.6531915187918e-06,poisson,HAC-Wald,339.683974576408,1.01638699315813e-09,7.55288319220782e-06,11.0395650177262,FALSE,,-0.00623102246448494,0.00131698346798769,-0.00114826822719112,0.00212920907945995,TRUE,,3.52185246701262e-05,TRUE,secondary_exploratory,all_eligible_drugs,Gout and cytotoxic induced hyperuicaemia,1.06784116477649e-16,TRUE,TRUE,2.54523256939826e-05,TRUE
0205040D0,1.01460326810666,1.00959672468552,1.02507327999415,Apr,Aug,0.0050930375248987,0.00358494793508433,2,-0.160708605131212,0,0.578670481331935,15305.0989598403,15127.0508574183,"bimodal (2 harmonics, 2 peaks)",020504,Doxazosin mesilate,0.000565722489288719,poisson,HAC-Wald,358.543778269375,1.74037346548163e-08,1.08979911361828e-06,6.40213143720014,FALSE,,0.00507503240793791,-0.000427875318762648,-0.00329519966655883,0.00141191743907919,TRUE,,0.00224903552884576,TRUE,secondary_exploratory,all_eligible_drugs,Alpha-adrenoceptor blocking drugs,0.00111675606659756,TRUE,TRUE,0.00163265525417534,TRUE
0402030K0,1.01434161432379,1.01018424708723,1.03512184491426,Dec,Aug,0.00476031108226438,0.00436052569730849,2,-0.165100342477874,0.132948674395086,0.4750223130155,2284.852649619,2258.72763846545,"bimodal (2 harmonics, 2 peaks)",040203,Lithium carbonate,1.35769824818742e-06,poisson,HAC-Wald,40.4228453617212,2.28543261376433e-09,4.38955493142768e-06,10.1161369380347,FALSE,,-1.79690677046692e-05,0.00476027716761692,-0.000786921302606794,0.00428893217717316,TRUE,,7.9185514594883e-06,TRUE,secondary_exploratory,all_eligible_drugs,Drugs used for mania and hypomania,0.0342362206094809,TRUE,TRUE,5.69022577902753e-06,TRUE
0206030N0,1.0140624673615,1.0091643938472,1.02926437785416,Nov,Feb,0.00446316072824955,0.00420080125341267,2,-0.157715554974019,0,0.931413733803816,2645.77611315378,2616.55096373111,"bimodal (2 harmonics, 2 peaks)",020603,Nicorandil,0.000898131372174787,poisson,HAC-Wald,49.0862917328274,5.15129316514509e-09,6.72591252359744e-06,5.34047386663751,FALSE,,-0.00332239890879279,0.0029801793867218,-0.00387279231812686,0.00162733242803401,TRUE,,0.0033775287895685,TRUE,secondary_exploratory,all_eligible_drugs,Other antianginal drugs,0.0321300338119129,TRUE,TRUE,0.00248306908777735,TRUE
0403010X0,1.01396767266151,1.01088453297815,1.02881206354762,Dec,Aug,0.00560567703104992,0.00269851828189678,1,-0.172962970114751,0.103314801194348,0.632813859279671,3655.79546031192,3641.46551137023,"unimodal, non-sinusoidal (2 harmonics, 1 peak)",040301,Trazodone hydrochloride,1.15950395308717e-06,poisson,HAC-Wald,74.3282511679865,2.75996638757446e-09,1.93725480979179e-06,12,TRUE,,0.00156717333851454,0.00538215409510819,-0.00201113940312242,0.00179925518449706,TRUE,,6.84458697155699e-06,TRUE,secondary_exploratory,all_eligible_drugs,Tricyclic and related antidepressant drugs,5.81617035616975e-09,TRUE,TRUE,4.92228129762167e-06,TRUE
0403010J0,1.01395463719846,1.00888988844741,1.02956423557833,Dec,Aug,0.00469623801014271,0.00409077583853176,2,-0.121692019905221,0,0.967551260228102,1229.91773904126,1223.3187198003,"bimodal (2 harmonics, 2 peaks)",040301,Dosulepin hydrochloride,0.0071496151809027,poisson,HAC-Wald,15.6777131622738,1.55467810993088e-08,3.75851653073855e-05,5.08266705304478,FALSE,,-0.000254790723180079,0.00468932118064976,-0.00241233724457589,0.00330379720617765,TRUE,,0.0207253725779739,TRUE,secondary_exploratory,all_eligible_drugs,Tricyclic and related antidepressant drugs,5.81617035616975e-09,TRUE,TRUE,0.0157867341913892,TRUE
0402010A0,1.01367887697155,1.00839446738836,1.026588642642,Nov,Jul,0.00472383389677687,0.00357204183768125,2,-0.184106712686762,0,0.461816574911623,1417.59024623941,1412.20163685225,"bimodal (2 harmonics, 2 peaks)",040201,Amisulpride,0.011741164523001,poisson,HAC-Wald,20.2019381215369,2.87913802523983e-07,6.00528515081189e-05,12,TRUE,,-0.000812246050443316,0.00465347859540338,-0.00319049779130862,0.00160630219255285,TRUE,,0.0317663729038972,TRUE,secondary_exploratory,all_eligible_drugs,Antipsychotic drugs,0.00313994020549551,TRUE,TRUE,0.0244483742282743,TRUE
1002020C0,1.0134710389361,1.00858537827773,1.02972793638323,Dec,Sep,0.00258374775601935,0.00540693751716948,2,-0.176729659895519,0,0.574717186784147,3654.54499979513,3582.00032509752,"bimodal (2 harmonics, 2 peaks)",100202,Baclofen,0.00102399049428797,poisson,HAC-Wald,72.8362965130899,2.8989000198729e-09,4.61300757281791e-06,12,TRUE,,0.000215464036370337,0.00257474808782646,-0.00109233121515061,0.00529544954002797,TRUE,,0.00379226897884593,TRUE,secondary_exploratory,all_eligible_drugs,Skeletal muscle relaxants,0.108400217093321,FALSE,FALSE,,FALSE
0206020F0,1.01341796626144,1.00975271734041,1.02418259468622,Apr,Aug,0.0050123597121037,0.00318733258350035,2,-0.172257222356136,0,0.170834771009069,8370.28415068916,8297.09570708429,"bimodal (2 harmonics, 2 peaks)",020602,Felodipine,5.64508934547949e-06,poisson,HAC-Wald,189.067980651052,2.75830582267556e-09,1.37771199160142e-06,6.86951862250461,FALSE,,0.00501226060886847,-3.15193957075479e-05,-0.00268309251886993,0.0017204951418203,TRUE,,3.04400476893492e-05,TRUE,secondary_exploratory,all_eligible_drugs,Calcium-channel blockers,3.20982104870482e-14,TRUE,TRUE,2.19033650065506e-05,TRUE
0103050R0,1.01335269228246,1.01000644098206,1.02887292206407,Nov,Jul,0.00630904847316952,0.00233366210980101,1,-0.17445745988645,0,0.649696325751329,4297.74499338703,4282.48425395755,"unimodal, non-sinusoidal (2 harmonics, 1 peak)",010305,Pantoprazole,0.00605822707037093,poisson,HAC-Wald,89.900850102965,3.36698782778419e-08,1.86488951611219e-05,4.422992263571,FALSE,,-0.00109031421429987,0.0062141216234395,-0.00144404333089379,0.00183322603658744,TRUE,,0.0179352983785449,TRUE,secondary_exploratory,all_eligible_drugs,Proton pump inhibitors,0.16948873915267,FALSE,FALSE,,FALSE
0704020AE,1.01328244622851,1.00812452879397,1.02845301366491,Nov,Aug,0.00311499620570436,0.005082270411006,2,-0.198505866635566,0,0.969239093878825,5647.93110915449,5527.89564845475,"bimodal (2 harmonics, 2 peaks)",070402,Mirabegron,0.0107649120197658,poisson,HAC-Wald,120.634809672184,1.79353573248096e-08,1.0812637196711e-06,6.06202501772862,FALSE,,-0.00136949283252903,0.00279780105497231,-0.00367294301579679,0.00351268588594207,TRUE,,0.0295352797387377,TRUE,secondary_exploratory,all_eligible_drugs,Drugs for urinary frequency enuresis and incontinence,0.102138015457376,FALSE,FALSE,,FALSE
0704020AB,1.01312689942227,1.00933940362522,1.02913336260582,Nov,Aug,0.00273993602885007,0.00486935220802357,2,-0.139914082705047,0,0.8726198173296,7464.58175004315,7324.05928455586,"bimodal (2 harmonics, 2 peaks)",070402,Solifenacin,4.3969078778945e-05,poisson,HAC-Wald,165.186330568821,2.51305347389863e-09,2.81536891552081e-05,12,TRUE,,0.000841894846242792,0.00260738614517691,-0.00315270159032883,0.00371093837298899,TRUE,,0.000209930797699473,TRUE,secondary_exploratory,all_eligible_drugs,Drugs for urinary frequency enuresis and incontinence,0.102138015457376,FALSE,FALSE,,FALSE
0906040B0,1.01310727151307,1.00735282263738,1.02631964871894,Nov,Mar,0.00339676145728989,0.0041665891577416,2,-0.119376191160355,0,0.403549244202671,2034.05591529545,2011.76194480836,"bimodal (2 harmonics, 2 peaks)",090604,Alfacalcidol,0.00464660105484672,poisson,HAC-Wald,34.3366323191429,3.14406124069491e-07,4.81318093283889e-05,10.7689496090306,FALSE,,-0.00306010676722342,0.00147435917297093,-0.00159496715896782,0.00384922654194631,TRUE,,0.0144745649297401,TRUE,secondary_exploratory,all_eligible_drugs,Vitamin D,7.68734419904648e-19,TRUE,TRUE,0.0109309714928854,TRUE
0408010W0,1.01296337957309,1.00872828166796,1.03130677643042,Dec,Mar,0.00378300314094262,0.00426010054131265,2,-0.130183043682357,0,0.814570587409731,5064.52106356566,4987.99808444,"bimodal (2 harmonics, 2 peaks)",040801,Sodium valproate,0.000258285718022395,poisson,HAC-Wald,107.226765707461,9.70987635196615e-09,5.8741755043501e-05,11.7402213784239,FALSE,,-0.000632764505292594,0.00372970801071928,-0.000105224788050206,0.00425880081314824,TRUE,,0.00111314287324696,TRUE,secondary_exploratory,all_eligible_drugs,Control of epilepsy,0.0462428934317855,TRUE,TRUE,0.000805459727292586,TRUE
0407010N0,1.0128044549706,1.00979412906484,1.03288524027365,Oct,Jul,0.000422842414121223,0.00628957282703514,2,-0.152988900756146,0,0.925567262251722,3398.44612833016,3301.07966097647,"bimodal (2 harmonics, 2 peaks)",040701,Co-dydramol (Dihydrocodeine/paracetamol),0.00185311793627035,poisson,HAC-Wald,65.8752869436003,1.14616659286494e-09,6.57491318944992e-06,12,TRUE,,-0.000260399002571139,0.000333148715500781,-0.00606384610583591,-0.00166987926249696,TRUE,,0.00658736083915081,TRUE,secondary_exploratory,all_eligible_drugs,Non-opioid analgesics and compound preparations,8.43977774190808e-06,TRUE,TRUE,0.00487740640826357,TRUE
0601023AL,1.01265089312232,1.0088376302619,1.02414449722106,Dec,Apr,0.00500219403575996,0.00257870670596977,2,-0.161661319148228,0,0.983333069021134,725.956587162971,728.74834178892,unimodal (1 harmonic preferred),060102,Dapagliflozin/metformin,0.00242638041075484,poisson,HAC-Wald,4.90466393634527,0.000544070233744026,3.5485557961179e-05,7.68897113063868,FALSE,,-0.00293573272849657,0.00405011339572445,0.000102722181669724,0.00257665993658582,TRUE,,0.00838047702154332,TRUE,secondary_exploratory,all_eligible_drugs,Antidiabetic drugs,0.870182495394554,FALSE,FALSE,,FALSE
0302000AA,1.01253507341494,1.00749763160228,1.02891415444513,Dec,Sep,0.00242534096321147,0.00489832309733167,2,-0.22579053455478,0.0724810411921719,0.989635699030288,7051.46921876015,6922.40734756361,"bimodal (2 harmonics, 2 peaks)",030200,BeclometDiprop/Formoterol/Glycopyrronium (Corticosteroids),0.0109966104215166,poisson,HAC-Wald,155.178886438263,1.21665059821661e-07,7.01496720156847e-07,5.83946724383004,FALSE,,0.000558476378215706,0.00236016586764714,-0.00111702275855139,0.00476925878127107,TRUE,,0.0300019567242497,TRUE,secondary_exploratory,all_eligible_drugs,Corticosteroids (respiratory),5.7573277320653e-30,TRUE,TRUE,0.0231174749436355,TRUE
0202030X0,1.01250810942874,1.0068865702085,1.02841480470216,Nov,Mar,0.00437451063774535,0.00287483439073955,2,-0.174429179038989,0,0.980788144655693,3586.20205731118,3565.04809189747,"bimodal (2 harmonics, 2 peaks)",020203,Eplerenone,0.00142540496319613,poisson,HAC-Wald,72.2069264255165,1.62964401746202e-08,3.31711809630209e-05,9.20500043447045,FALSE,,-0.00334756670672024,0.00281605050803521,-0.00158405049597942,0.00239905331336471,TRUE,,0.00523255908298189,TRUE,secondary_exploratory,all_eligible_drugs,Potassium-sparing diuretics and aldosterone antagonists,0.0219910094935298,TRUE,TRUE,0.00386814292529015,TRUE
0408010Q0,1.01248252232675,1.00869812566996,1.03012245122017,Nov,Mar,0.00328105409079149,0.00470265350970494,2,-0.147381785723289,0,0.907962194554383,1556.40052146284,1538.86180702058,"bimodal (2 harmonics, 2 peaks)",040801,Phenytoin sodium,0.000808401392744476,poisson,HAC-Wald,23.0179770723752,9.8176787950944e-08,1.39114465602663e-06,8.05823516151231,FALSE,,-0.00104418875581221,0.00311046391860361,-0.00234956268181382,0.00407363538336067,TRUE,,0.0030757146739575,TRUE,secondary_exploratory,all_eligible_drugs,Control of epilepsy,0.0462428934317855,TRUE,TRUE,0.00226352389968453,TRUE
0209000Y0,1.012267084102,1.0104748363328,1.03169491043803,Dec,Mar,0.000348908869250833,0.00655623005876921,2,-0.145567185105848,0.145726656206474,0.977984167120189,862.521914876583,854.358658691156,"bimodal (2 harmonics, 2 peaks)",020900,Prasugrel,0.000130111147073068,poisson,HAC-Wald,7.46699303480255,4.08125490547967e-07,0.000806705802219088,12,TRUE,,-9.43530349257484e-06,0.000348781269694773,-0.00282344891774777,0.00591711828446735,TRUE,,0.00060060785426146,TRUE,secondary_exploratory,all_eligible_drugs,Antiplatelet drugs,0.000402533574512188,TRUE,TRUE,0.000434584440477557,TRUE
0201010F0,1.01221515944186,1.00848284823188,1.03031198508485,Nov,Mar,0.00352224685215636,0.00401183818941698,2,-0.173652005447403,0,0.244072593948266,6223.55833275688,6147.48083480142,"bimodal (2 harmonics, 2 peaks)",020101,Digoxin,0.000313377938621427,poisson,HAC-Wald,135.959680294218,2.46298232616701e-09,1.20448498509562e-05,12,TRUE,,-0.00182929731612994,0.00300996581653765,-0.00269740592196724,0.00296965434860702,TRUE,,0.00132708744442291,TRUE,secondary_exploratory,all_eligible_drugs,Cardiac glycosides,0.000783444846553568,TRUE,TRUE,0.000959082249362321,TRUE
0103050E0,1.01197740438403,1.0080397040554,1.02540124536126,Dec,Aug,0.00389497198165688,0.0035228305209393,2,-0.176761440115976,0,0.439179921486221,6657.65748258164,6595.1909082813,"bimodal (2 harmonics, 2 peaks)",010305,Esomeprazole,0.00232996923051203,poisson,HAC-Wald,146.967388307655,2.29547139268533e-07,3.45907513260579e-05,7.67814924019632,FALSE,,-2.74701828445195e-05,0.00389487511057115,-0.00196393341283293,0.00292460261047888,TRUE,,0.00807612110504883,TRUE,secondary_exploratory,all_eligible_drugs,Proton pump inhibitors,0.16948873915267,FALSE,FALSE,,FALSE
0406000B0,1.011849431474,1.00802642569499,1.02966019849198,Oct,Feb,0.00542954205441725,0.00145611651577379,1,-0.160131994027832,0,0,4479.56523408482,4476.50402163598,"unimodal, non-sinusoidal (2 harmonics, 1 peak)",040600,Betahistine hydrochloride,0.00508028263869172,poisson,HAC-Wald,94.8953165990518,4.29100881650377e-10,1.81135726158299e-05,5.7498449593854,FALSE,,-0.00540891302234802,0.000472849698487326,-0.00139214420763122,-0.000426860413564013,TRUE,,0.0155603625474394,TRUE,secondary_exploratory,all_eligible_drugs,Drugs used in nausea and vertigo,4.48078666131178e-09,TRUE,TRUE,0.0117705140009125,TRUE
0408010F0,1.01153634648226,1.00804427265968,1.02775802981603,Dec,Aug,0.00436947835889044,0.00265958749452008,2,-0.20941008207903,0,0,2695.63723665758,2685.15348147075,"bimodal (2 harmonics, 2 peaks)",040801,Clonazepam,0.00719758160089536,poisson,HAC-Wald,50.7258857842996,5.81088883745169e-09,5.15770057563092e-06,10.697608931018,FALSE,,0.000391244190181803,0.00435192705734607,-0.00124654806042853,0.00234936663253087,TRUE,,0.0208025058732109,TRUE,secondary_exploratory,all_eligible_drugs,Control of epilepsy,0.0462428934317855,TRUE,TRUE,0.0158394939578232,TRUE
0206020L0,1.01151074959053,1.00679439095584,1.02500603725712,May,Sep,0.00353379319312055,0.00381729599035733,2,-0.188191294127902,0,0.955129500239168,8429.62307314212,8325.51305765649,"bimodal (2 harmonics, 2 peaks)",020602,Lercanidipine hydrochloride,0.0080647732504282,poisson,HAC-Wald,189.84979234285,1.55762109798709e-08,6.11583350962341e-07,10.2725508843377,FALSE,,0.00149896357371493,-0.00320012539385895,-0.00263460086970518,0.00276235894397287,TRUE,,0.0228345614706892,TRUE,secondary_exploratory,all_eligible_drugs,Calcium-channel blockers,3.20982104870482e-14,TRUE,TRUE,0.0174559894696768,TRUE
0209000C0,1.01150762331832,1.00784697424957,1.02718126391535,Nov,Mar,0.00400034809749419,0.0031634261608992,2,-0.205012553442133,0,0.464717361218098,23931.6553409743,23712.9540513446,"bimodal (2 harmonics, 2 peaks)",020900,Clopidogrel,0.000206661643508492,poisson,HAC-Wald,571.821354506363,2.93827040665602e-09,1.21070702274739e-06,12,TRUE,,-0.00229073875926191,0.00327952753273099,-0.00240468243140162,0.00205542391724185,TRUE,,0.000919125300352836,TRUE,secondary_exploratory,all_eligible_drugs,Antiplatelet drugs,0.000402533574512188,TRUE,TRUE,0.000666585105042096,TRUE
0403030X0,1.01142765506751,1.00861650185874,1.02506796427589,Dec,Aug,0.00306075113819927,0.00359777804216717,2,-0.119866030822484,0.160122928532783,0.940998250921757,4298.06883398269,4255.18658859572,"bimodal (2 harmonics, 2 peaks)",040303,Escitalopram,8.5798099172915e-06,poisson,HAC-Wald,89.2704835191525,3.67366166114771e-08,0.000531070760151686,9.87679576656651,FALSE,,0.00161517627977887,0.00259988521193298,-0.00246770788593871,0.00261809561138934,TRUE,,4.42155283568355e-05,TRUE,secondary_exploratory,all_eligible_drugs,Selective serotonin re-uptake inhibitors,0.000373686698569591,TRUE,TRUE,3.20767893498739e-05,TRUE
0204000AB,1.01080196858057,1.00882799144119,1.03071661520251,Nov,Aug,0.00401571949436986,0.00256680186150626,2,-0.0989476237703131,0.166201410376579,0.736232034629313,2064.96517032775,2060.65178391048,"bimodal (2 harmonics, 2 peaks)",020400,Nebivolol,0.000114974465265783,poisson,HAC-Wald,35.780321804642,9.80945107502174e-08,0.000121877608582843,10.1504320340637,FALSE,,0.00161403169652158,0.00367707828854456,-0.00226761820204196,0.00120265518167096,TRUE,,0.000535814015162068,TRUE,secondary_exploratory,all_eligible_drugs,Beta-adrenoceptor blocking drugs,0.0081054061707156,TRUE,TRUE,0.000387965118691717,TRUE
0205051R0,1.0104516209821,1.00685175196803,1.02136268472456,May,Aug,0.00285975024778935,0.00327268800946458,2,-0.187612257921292,0,0.667817680216183,65275.4761261773,64577.8931566775,"bimodal (2 harmonics, 2 peaks)",020505,Ramipril,0.00291440302464605,poisson,HAC-Wald,1589.53902513904,5.98386045485787e-09,1.669796405257e-06,8.53510327607955,FALSE,,0.00285763314729584,-0.000110019431044267,-0.0025212601438467,0.00208656035003624,TRUE,,0.00962246964747543,TRUE,secondary_exploratory,all_eligible_drugs,Renin-angiotensin system drugs,0.0166702504942612,TRUE,TRUE,0.00720931274517707,TRUE
0403030Q0,1.0101984024928,1.00811877421285,1.02394983850456,Dec,Aug,0.0043100379603085,0.00186961813194151,1,-0.117568515389976,0,0.742123468664084,51957.8527088381,51802.5690270079,"unimodal, non-sinusoidal (2 harmonics, 1 peak)",040303,Sertraline hydrochloride,8.86313004465153e-06,poisson,HAC-Wald,1272.44914008026,3.27083627117305e-09,4.67599925924045e-05,12,TRUE,,0.00296319616773631,0.00312983956311072,-0.00156767195481374,0.00101876228894425,TRUE,,4.54352034920557e-05,TRUE,secondary_exploratory,all_eligible_drugs,Selective serotonin re-uptake inhibitors,0.000373686698569591,TRUE,TRUE,3.29488111264447e-05,TRUE
0403030P0,1.01010591284907,1.00711819657454,1.02482457834683,Nov,Aug,0.00322576768399341,0.00278832608297176,2,-0.162867932183449,0,0.284536605093735,3224.50653353209,3209.48204025882,"bimodal (2 harmonics, 2 peaks)",040303,Paroxetine hydrochloride,0.00492426320848716,poisson,HAC-Wald,63.6018529451637,1.5608430799072e-08,1.79941315376908e-05,9.88166766490352,FALSE,,0.000320872173142428,0.00320976918167008,-0.00253252300357947,0.00116665743957747,TRUE,,0.0151300705522602,TRUE,secondary_exploratory,all_eligible_drugs,Selective serotonin re-uptake inhibitors,0.000373686698569591,TRUE,TRUE,0.0114493469653164,TRUE
0205052C0,1.01008478831965,1.00694200531151,1.02248950092956,Dec,Aug,0.00234019412661973,0.00388797240780401,2,-0.196319672771859,0,0.778920577953916,16197.0701243262,15963.9757732048,"bimodal (2 harmonics, 2 peaks)",020505,Candesartan cilexetil,0.00280795382587155,poisson,HAC-Wald,379.450959275608,1.0017679447797e-08,6.15104970802527e-06,8.68836803463106,FALSE,,0.00200134351191923,0.00121290259195217,-0.0027844055637688,0.00271356133158967,TRUE,,0.00948326275203713,TRUE,secondary_exploratory,all_eligible_drugs,Renin-angiotensin system drugs,0.0166702504942612,TRUE,TRUE,0.00706579513451305,TRUE
0403040Y0,1.01002619043736,1.00692386786278,1.02376570816617,Nov,Aug,0.00250220314871846,0.00355741218276606,2,-0.185592412188619,0,0.953790693343953,9778.83408369332,9680.05963347566,"bimodal (2 harmonics, 2 peaks)",040304,Duloxetine hydrochloride,0.000472506726428738,poisson,HAC-Wald,223.525151824257,3.23573990834985e-09,1.29428736156401e-05,12,TRUE,,-0.000774124278783038,0.00237944367415058,-0.00272977683364787,0.00228111811982014,TRUE,,0.00190963299394851,TRUE,secondary_exploratory,all_eligible_drugs,Other antidepressant drugs,3.16743876105447e-08,TRUE,TRUE,0.00138798850888442,TRUE
0604011Y0,1.00993461737055,1.00686176972031,1.02928668839305,Jun,Feb,0.00386201750743706,0.00198459979303457,2,-0.14836553952392,0.0320104384445495,0.853960041145327,941.706778017138,944.300013165592,unimodal (1 harmonic preferred),060401,Tibolone,0.0188981763187005,poisson,HAC-Wald,9.41542858164371,2.50378619758441e-07,0.0036593502336767,8.32783330504434,FALSE,,-0.00182345704007737,-0.00340443587848892,-0.000295739808330888,0.00196244090465962,TRUE,,0.0478099317776994,TRUE,secondary_exploratory,all_eligible_drugs,Female sex hormones and their modulators,0.000113754559464022,TRUE,TRUE,0.0371194030379251,TRUE
0205052I0,1.00984819723067,1.00648878000419,1.02411933371909,Nov,Aug,0.00282648056042222,0.00307999810533326,2,-0.198679291867453,0,0.531470284975131,3685.64797154171,3660.16597619557,"bimodal (2 harmonics, 2 peaks)",020505,Irbesartan,0.00589612173410962,poisson,HAC-Wald,74.4425761753353,3.44918704774063e-08,4.37442482748018e-06,9.81608425867748,FALSE,,-0.000461173725418873,0.0027886038000096,-0.00264794957623753,0.00157313425064741,TRUE,,0.0175251805135193,TRUE,secondary_exploratory,all_eligible_drugs,Renin-angiotensin system drugs,0.0166702504942612,TRUE,TRUE,0.0132990441870474,TRUE
0204000H0,1.00982264077484,1.00674668266066,1.02430431549686,Nov,Aug,0.00259367799023316,0.0033847682112468,2,-0.200683870755678,0,0.584692653390862,57827.0258793457,57184.1645842449,"bimodal (2 harmonics, 2 peaks)",020400,Bisoprolol fumarate,0.000290288585464349,poisson,HAC-Wald,1405.05374223782,2.0033176083216e-09,1.1264489662155e-06,11.4379842655361,FALSE,,-0.000738003076067135,0.00248646676566074,-0.00255987635048436,0.00221442744611282,TRUE,,0.00123467721503177,TRUE,secondary_exploratory,all_eligible_drugs,Beta-adrenoceptor blocking drugs,0.0081054061707156,TRUE,TRUE,0.000892569575867018,TRUE
0803041S0,1.00965797851634,1.00620147781532,1.02452523419672,Dec,Mar,0.00249376871134273,0.00368851927611787,2,-0.0800108388164019,0,0.901041912027439,1660.70131403564,1650.30531409486,"bimodal (2 harmonics, 2 peaks)",080304,Tamoxifen citrate,0.0106202688849299,poisson,HAC-Wald,25.7112135584018,6.6699882113647e-07,0.0022430087201093,9.65629735758291,FALSE,,-0.000727781027014087,0.00238520799143183,-0.00174558402788237,0.00324932467628199,TRUE,,0.0292207398133383,TRUE,secondary_exploratory,all_eligible_drugs,Hormone antagonists,0.00341395403142288,TRUE,TRUE,0.022469893653646,TRUE
0906026M0,1.00963530701961,1.00649451970858,1.02837598723703,Nov,Apr,0.00461673566673723,0.000966424098812876,1,-0.19895356463298,0,0.756769868090649,7841.29967339806,7838.87772708398,"unimodal, non-sinusoidal (2 harmonics, 1 peak)",090602,Thiamine hydrochloride,0.0136002310145707,poisson,HAC-Wald,177.648876782269,1.50841556134748e-08,3.2625799688546e-06,12,TRUE,,-0.00294158698360321,0.00355827405274241,-0.000655423422740861,0.000710208191792332,TRUE,,0.0357051887013257,TRUE,secondary_exploratory,all_eligible_drugs,Vitamin B group,0.0224467549907545,TRUE,TRUE,0.0277057337696207,TRUE
0301020T0,1.00933509370458,1.00611710575752,1.02302348441065,Nov,Aug,0.00206967261649685,0.0033098659939936,2,-0.198391589371246,0,0.976855193827083,1350.29890174982,1346.12051338171,"bimodal (2 harmonics, 2 peaks)",030102,Umeclidinium bromide,0.00923603227457324,poisson,HAC-Wald,18.5630035193594,1.26148188225678e-08,5.08331230109071e-07,11.8932737250342,FALSE,,0.000582247756000525,0.001986084663379,-0.00230228004878036,0.00237796540664139,TRUE,,0.0259247707073036,TRUE,secondary_exploratory,all_eligible_drugs,Antimuscarinic bronchodilators,8.45914240039922e-05,TRUE,TRUE,0.0199256040546531,TRUE
0209000A0,1.00907162370137,1.00711859794277,1.02345634537016,Nov,Jul,0.00271067401471569,0.00308559076708784,2,-0.20432188743591,0,0.267083849921584,39472.5080892338,39101.8431369303,"bimodal (2 harmonics, 2 peaks)",020900,Aspirin,0.000931416879524322,poisson,HAC-Wald,954.639664402372,1.29123377376104e-09,1.39212579264303e-06,11.0661823224946,FALSE,,-0.00141944461414842,0.0023093138810954,-0.00290457687230346,0.00104129898435445,TRUE,,0.00347586222473827,TRUE,secondary_exploratory,all_eligible_drugs,Antiplatelet drugs,0.000402533574512188,TRUE,TRUE,0.00255363461136252,TRUE
0103050L0,1.00900017757392,1.00692374094099,1.02506000104689,Dec,Aug,0.00354011680441761,0.00213425511318878,2,-0.198948015223194,0,0.686614116868177,71837.9338566201,71531.2874791786,"bimodal (2 harmonics, 2 peaks)",010305,Lansoprazole,0.00285794214515567,poisson,HAC-Wald,1762.49042225131,4.87569015423112e-09,2.75035239771793e-06,10.170967072837,FALSE,,1.66230810401387e-05,0.0035400777762779,-0.00138447609645624,0.00162427547740947,TRUE,,0.00950046296717277,TRUE,secondary_exploratory,all_eligible_drugs,Proton pump inhibitors,0.16948873915267,FALSE,FALSE,,FALSE
0403030E0,1.00899698333026,1.00643916693277,1.02723336307953,Dec,Aug,0.00342885659596858,0.00184297984317861,2,-0.135604254083221,0,0,16088.4754515959,16043.8416137757,"bimodal (2 harmonics, 2 peaks)",040303,Fluoxetine hydrochloride,0.016818794190068,poisson,HAC-Wald,381.67131016062,2.88009422999834e-09,0.000188056903667855,9.31930156128523,FALSE,,0.0021508366829047,0.00267038557500387,-0.001294972193055,0.00131134347963338,TRUE,,0.0428835223589691,TRUE,secondary_exploratory,all_eligible_drugs,Selective serotonin re-uptake inhibitors,0.000373686698569591,TRUE,TRUE,0.0332335332644586,TRUE
0301040W0,1.00834177178825,1.00708305640825,1.02544435109604,May,Aug,0.00366871720247455,0.00205779412098235,2,-0.22537391350684,0,0.946987103821824,3160.32686953164,3154.72724880171,"bimodal (2 harmonics, 2 peaks)",030104,Umeclidinium bromide/vilanterol,0.00349528850437811,poisson,HAC-Wald,62.4014367637605,3.89455137245154e-09,3.92104206159427e-06,8.97446692034269,FALSE,,0.00356505743418113,0.000865939606856344,-0.00120397727817798,0.00166881855154497,TRUE,,0.01123567987876,TRUE,secondary_exploratory,all_eligible_drugs,Compound bronchodilator preparations,0.00181984286017451,TRUE,TRUE,0.00845551410250292,TRUE
0403030D0,1.00788846220887,1.00645784143823,1.02530345131631,Dec,Jul,0.00346666919123708,0.00124673440736083,1,-0.194511998291565,0,0.690608179860795,27785.3169666292,27748.8016285816,"unimodal, non-sinusoidal (2 harmonics, 1 peak)",040303,Citalopram hydrobromide,0.00183263151920133,poisson,HAC-Wald,672.815763426332,8.10118043318628e-10,1.32303317503801e-05,11.2156264964859,FALSE,,0.00140478578326172,0.00316928575307089,-0.00113380099445171,0.000518499746844365,TRUE,,0.00656100884286513,TRUE,secondary_exploratory,all_eligible_drugs,Selective serotonin re-uptake inhibitors,0.000373686698569591,TRUE,TRUE,0.00485960376404689,TRUE
0212000B0,1.006766683409,1.00519888992732,1.02244018357804,Dec,Aug,0.00232737884974924,0.00189591316815663,2,-0.224508883450745,0,0.936317091396371,130764.756758266,130301.134296177,"bimodal (2 harmonics, 2 peaks)",021200,Atorvastatin,0.00470764902172725,poisson,HAC-Wald,3227.1310108005,3.64143295588972e-09,5.19175374802394e-07,12,TRUE,,0.0016970244874454,0.00159273356192137,-0.00161700541100256,0.000989838492875559,TRUE,,0.0146027074750393,TRUE,secondary_exploratory,all_eligible_drugs,Lipid-regulating drugs,0.0304008061863522,TRUE,TRUE,0.0110236051825499,TRUE
