bnf_drug_code,bnf_drug_name,bnf_class_name,inference_scope,multiplicity_family,peak_trough_ratio,ptr_lci,ptr_uci,peak_month,trough_month,modality,seasonal_reproducibility,stl_seasonal_strength,stl_trend_strength,distribution,route,drug_all_q_bh,drug_significant,parent_class_significant,class_q_bh,conditional_drug_q_legacy,conditional_drug_significant_legacy,meaningful
0503040B0,Oseltamivir phosphate,Influenza,secondary_exploratory,all_eligible_drugs,158.776,59.316,440.278,Jan,Aug,"unimodal, non-sinusoidal (2 harmonics, 1 peak)",0.768,0.708,0.406,poisson,HAC-Wald,3.61643363417839e-68,TRUE,TRUE,1.28759388270775e-68,2.44313483705275e-68,TRUE,TRUE
1404000H0,Influenza,Vaccines and antisera,secondary_exploratory,all_eligible_drugs,71.468,45.116,123.978,Nov,Jun,"unimodal, non-sinusoidal (2 harmonics, 1 peak)",0.87,0.875,0.127,negbin,NB-LRT,6.26688567058262e-20,TRUE,TRUE,5.01709265504371e-74,4.36395390417478e-20,TRUE,TRUE
130801000,Other sunscreening preparations,Sunscreening preparations,secondary_exploratory,all_eligible_drugs,2.688,2.477,2.923,Jun,Jan,"unimodal, non-sinusoidal (2 harmonics, 1 peak)",0.938,0.901,0.205,negbin,NB-LRT,3.64700491468288e-26,TRUE,TRUE,3.30769565126227e-31,2.46378771443669e-26,TRUE,TRUE
1104020W0,Azelastine hydrochloride,Other anti-inflammatory preparations,secondary_exploratory,all_eligible_drugs,2.647,2.496,2.979,Jun,Jan,"bimodal (2 harmonics, 2 peaks)",0.976,0.964,0.018,poisson,HAC-Wald,2.17551468674451e-177,TRUE,TRUE,7.18501992677657e-144,1.46970088693829e-177,TRUE,TRUE
1104020AC,Epinastine hydrochloride,Other anti-inflammatory preparations,secondary_exploratory,all_eligible_drugs,2.429,2.279,2.636,Jun,Dec,"unimodal, non-sinusoidal (2 harmonics, 1 peak)",0.929,0.939,0.105,poisson,Poisson-LRT,3.47031740966936e-150,TRUE,TRUE,7.18501992677657e-144,2.34442387634747e-150,TRUE,TRUE
0501013B0,Amoxicillin,Penicillins,secondary_exploratory,all_eligible_drugs,2.345,2.019,2.729,Dec,Aug,"unimodal, non-sinusoidal (2 harmonics, 1 peak)",0.9,0.839,0.466,poisson,HAC-Wald,1.02245943269438e-46,TRUE,TRUE,5.41228415339323e-21,6.90737481224747e-47,TRUE,TRUE
0501050H0,Erythromycin ethylsuccinate,Macrolides,secondary_exploratory,all_eligible_drugs,2.293,1.904,2.808,Dec,Aug,"bimodal (2 harmonics, 2 peaks)",0.76,0.703,0.716,negbin,NB-LRT,2.10738919079331e-08,TRUE,TRUE,6.83004773135963e-17,1.49804893149822e-08,TRUE,TRUE
1104020T0,Sodium cromoglicate,Other anti-inflammatory preparations,secondary_exploratory,all_eligible_drugs,2.273,2.168,2.428,Jun,Jan,"unimodal, non-sinusoidal (2 harmonics, 1 peak)",0.975,0.964,0.451,poisson,HAC-Wald,9.67006659396105e-237,TRUE,TRUE,7.18501992677657e-144,6.53275546080736e-237,TRUE,TRUE
0309020D0,Simple,Expectorant and demulcent cough preparations,secondary_exploratory,all_eligible_drugs,2.146,1.964,2.356,Dec,Aug,"unimodal, non-sinusoidal (2 harmonics, 1 peak)",0.918,0.892,0.593,poisson,HAC-Wald,1.74438053610659e-143,TRUE,TRUE,7.19264838400822e-140,1.17844188168187e-143,TRUE,TRUE
0309020G0,Guaifenesin,Expectorant and demulcent cough preparations,secondary_exploratory,all_eligible_drugs,1.939,1.771,2.184,Dec,Jul,"unimodal, non-sinusoidal (2 harmonics, 1 peak)",0.827,0.875,0.562,negbin,NB-LRT,7.58882799169254e-15,TRUE,TRUE,7.19264838400822e-140,5.24067181502509e-15,TRUE,TRUE
0902011U0,Potassium chloride,Oral preparation for fluid and electrolyte imbalance,secondary_exploratory,all_eligible_drugs,1.861,1.746,2.006,Aug,Dec,"unimodal, non-sinusoidal (2 harmonics, 1 peak)",0.893,0.894,0.182,negbin,NB-LRT,1.47197587521679e-22,TRUE,TRUE,8.65885960246975e-07,1.01155999836555e-22,TRUE,TRUE
0604012P0,Norethisterone,Female sex hormones and their modulators,secondary_exploratory,all_eligible_drugs,1.847,1.738,1.96,Jul,Dec,"unimodal, non-sinusoidal (2 harmonics, 1 peak)",0.898,0.9,0.166,negbin,NB-LRT,1.15854593297061e-22,TRUE,TRUE,0.000113754559464022,7.96403814724784e-23,TRUE,TRUE
1104020Z0,Olopatadine,Other anti-inflammatory preparations,secondary_exploratory,all_eligible_drugs,1.82,1.74,1.94,Jun,Jan,"unimodal, non-sinusoidal (2 harmonics, 1 peak)",0.964,0.946,0.818,poisson,HAC-Wald,4.74927721695915e-139,TRUE,TRUE,7.18501992677657e-144,3.20844395149807e-139,TRUE,TRUE
0501030I0,Doxycycline hyclate,Tetracyclines,secondary_exploratory,all_eligible_drugs,1.815,1.61,2.074,Dec,Aug,"unimodal, non-sinusoidal (2 harmonics, 1 peak)",0.871,0.838,0.427,poisson,HAC-Wald,5.86911844070169e-93,TRUE,TRUE,3.22372888099791e-88,3.96496913139806e-93,TRUE,TRUE
1104020M0,Lodoxamide trometamol,Other anti-inflammatory preparations,secondary_exploratory,all_eligible_drugs,1.698,1.582,1.846,Jun,Jan,"unimodal, non-sinusoidal (2 harmonics, 1 peak)",0.931,0.91,0.615,poisson,HAC-Wald,5.68157356164105e-57,TRUE,TRUE,7.18501992677657e-144,3.83827043486633e-57,TRUE,TRUE
1103010C0,Chloramphenicol,Antibacterials,secondary_exploratory,all_eligible_drugs,1.679,1.471,1.942,Feb,Sep,"unimodal, non-sinusoidal (2 harmonics, 1 peak)",0.909,0.803,0.591,poisson,HAC-Wald,2.13402718078335e-13,TRUE,TRUE,9.40936355817698e-11,1.47267712206362e-13,TRUE,TRUE
1202010A0,Azelastine hydrochloride,Drugs used in nasal allergy,secondary_exploratory,all_eligible_drugs,1.668,1.541,1.851,Jun,Feb,"bimodal (2 harmonics, 2 peaks)",0.918,0.868,0.089,poisson,HAC-Wald,2.48099204222707e-49,TRUE,TRUE,4.93335033400967e-52,1.67607059936901e-49,TRUE,TRUE
0501011P0,Phenoxymethylpenicillin (Penicillin V),Penicillins,secondary_exploratory,all_eligible_drugs,1.64,1.433,1.96,Jan,Aug,"unimodal, non-sinusoidal (2 harmonics, 1 peak)",0.762,0.755,0.736,poisson,HAC-Wald,8.22802078365865e-12,TRUE,TRUE,5.41228415339323e-21,5.66443757987944e-12,TRUE,TRUE
0604012M0,Medroxyprogesterone acetate,Female sex hormones and their modulators,secondary_exploratory,all_eligible_drugs,1.583,1.32,1.972,Jul,Nov,"unimodal, non-sinusoidal (2 harmonics, 1 peak)",0.767,0.573,0.581,poisson,HAC-Wald,4.62398521642936e-11,TRUE,TRUE,0.000113754559464022,3.20673387363141e-11,TRUE,TRUE
0304030C0,Adrenaline,Allergic emergencies,secondary_exploratory,all_eligible_drugs,1.583,1.424,1.801,Aug,Dec,"bimodal (2 harmonics, 2 peaks)",0.784,0.828,0.319,poisson,HAC-Wald,1.54151129662346e-17,TRUE,TRUE,8.72335370101998e-18,1.06879560396497e-17,TRUE,TRUE
0310000N0,Pseudoephedrine hydrochloride,Systemic nasal decongestants,secondary_exploratory,all_eligible_drugs,1.552,1.432,1.711,Dec,Jul,unimodal (1 harmonic preferred),0.687,0.713,0.861,negbin,NB-LRT,8.47612951131942e-11,TRUE,TRUE,7.51632472383658e-11,5.874264435631e-11,TRUE,TRUE
1104020Y0,Ketotifen fumarate,Other anti-inflammatory preparations,secondary_exploratory,all_eligible_drugs,1.524,1.435,1.645,Jun,Jan,"unimodal, non-sinusoidal (2 harmonics, 1 peak)",0.943,0.893,0.947,poisson,HAC-Wald,2.39397977868176e-54,TRUE,TRUE,7.18501992677657e-144,1.61728818724086e-54,TRUE,TRUE
1310040Q0,Permethrin,Parasiticidal preparations,secondary_exploratory,all_eligible_drugs,1.515,1.42,1.646,Nov,Jul,"unimodal, non-sinusoidal (2 harmonics, 1 peak)",0.791,0.859,0.97,negbin,NB-LRT,2.5507297122838e-13,TRUE,TRUE,6.7990072351079e-32,1.75946044111343e-13,TRUE,TRUE
0501050B0,Clarithromycin,Macrolides,secondary_exploratory,all_eligible_drugs,1.505,1.34,1.716,Dec,Aug,"unimodal, non-sinusoidal (2 harmonics, 1 peak)",0.736,0.762,0.604,poisson,HAC-Wald,1.33014658893284e-15,TRUE,TRUE,6.83004773135963e-17,9.20787712728192e-16,TRUE,TRUE
0309010C0,Codeine phosphate,Cough suppressants,secondary_exploratory,all_eligible_drugs,1.485,1.424,1.558,Dec,Aug,"unimodal, non-sinusoidal (2 harmonics, 1 peak)",0.814,0.872,0.864,poisson,HAC-Wald,2.35824327094499e-81,TRUE,TRUE,1.81028868884518e-49,1.59314586476571e-81,TRUE,TRUE
0304010E0,Fexofenadine hydrochloride,Antihistamines,secondary_exploratory,all_eligible_drugs,1.472,1.427,1.525,Jun,Jan,"unimodal, non-sinusoidal (2 harmonics, 1 peak)",0.95,0.925,0.895,poisson,HAC-Wald,1.53234429284799e-135,TRUE,TRUE,1.95040709693529e-226,1.03519768449074e-135,TRUE,TRUE
1202030S0,Neomycin sulfate,Nasal preparations for infection,secondary_exploratory,all_eligible_drugs,1.444,1.369,1.569,May,Sep,"unimodal, non-sinusoidal (2 harmonics, 1 peak)",0.808,0.858,0.468,poisson,HAC-Wald,2.34676157181643e-35,TRUE,TRUE,1.53124033203395e-34,1.58538923434826e-35,TRUE,TRUE
1203010E0,Benzydamine hydrochloride,Drugs for oral ulceration and inflammation,secondary_exploratory,all_eligible_drugs,1.441,1.325,1.58,Dec,Aug,"unimodal, non-sinusoidal (2 harmonics, 1 peak)",0.813,0.78,0.191,poisson,HAC-Wald,5.9135060165612e-22,TRUE,TRUE,2.42048686581937e-22,4.06266692537912e-22,TRUE,TRUE
1202010T0,Triamcinolone acetonide,Drugs used in nasal allergy,secondary_exploratory,all_eligible_drugs,1.417,1.26,1.945,Jun,Nov,"unimodal, non-sinusoidal (2 harmonics, 1 peak)",0.315,0.507,0.796,poisson,HAC-Wald,4.00885550242132e-09,TRUE,TRUE,4.93335033400967e-52,2.81571108012869e-09,TRUE,TRUE
0304020AB,Timothy grass pollen allergen extract,Allergen immunotherapy,secondary_exploratory,all_eligible_drugs,1.393,1.325,1.485,May,Nov,unimodal (1 harmonic preferred),0.729,0.779,0.959,poisson,Poisson-LRT,9.8163183204901e-29,TRUE,TRUE,1.06312758467361e-23,6.63155796189167e-29,TRUE,TRUE
1312000C0,Aluminium chloride,Antiperspirants,secondary_exploratory,all_eligible_drugs,1.392,1.347,1.459,Jul,Dec,"unimodal, non-sinusoidal (2 harmonics, 1 peak)",0.852,0.861,0.013,poisson,HAC-Wald,4.31798358243794e-77,TRUE,TRUE,2.92087891177799e-80,2.9170772045628e-77,TRUE,TRUE
1307000M0,Salicylic acid,Preparations for warts and calluses,secondary_exploratory,all_eligible_drugs,1.392,1.313,1.484,Aug,Dec,"unimodal, non-sinusoidal (2 harmonics, 1 peak)",0.884,0.891,0.44,poisson,HAC-Wald,3.0458958238877e-26,TRUE,TRUE,8.58535976194372e-32,2.05769964283173e-26,TRUE,TRUE
1202020P0,Xylometazoline hydrochloride,Topical nasal decongestants,secondary_exploratory,all_eligible_drugs,1.388,1.323,1.46,Jan,Aug,"unimodal, non-sinusoidal (2 harmonics, 1 peak)",0.899,0.927,0.817,poisson,HAC-Wald,2.33523811089894e-48,TRUE,TRUE,0.00140116339488567,1.57760439114117e-48,TRUE,TRUE
0304010A0,Acrivastine,Antihistamines,secondary_exploratory,all_eligible_drugs,1.384,1.355,1.414,Jun,Jan,"unimodal, non-sinusoidal (2 harmonics, 1 peak)",0.947,0.933,0.812,poisson,HAC-Wald,1.34408837627104e-276,TRUE,TRUE,1.95040709693529e-226,9.08018636125608e-277,TRUE,TRUE
0304010AB,Desloratadine,Antihistamines,secondary_exploratory,all_eligible_drugs,1.365,1.33,1.402,Jun,Jan,"unimodal, non-sinusoidal (2 harmonics, 1 peak)",0.935,0.914,0.835,negbin,NB-LRT,1.35667473349666e-25,TRUE,TRUE,1.95040709693529e-226,9.1652153453881e-26,TRUE,TRUE
0603020T0,Prednisolone,Glucocorticoid therapy,secondary_exploratory,all_eligible_drugs,1.359,1.29,1.431,Dec,Aug,"unimodal, non-sinusoidal (2 harmonics, 1 peak)",0.85,0.843,0.612,poisson,HAC-Wald,4.22811897135631e-44,TRUE,TRUE,7.99962161406946e-42,2.85636784717911e-44,TRUE,TRUE
1308010W0,Diclofenac sodium,Sunscreening preparations,secondary_exploratory,all_eligible_drugs,1.353,1.309,1.419,Aug,Jan,"unimodal, non-sinusoidal (2 harmonics, 1 peak)",0.839,0.862,0.799,poisson,HAC-Wald,1.14514056178588e-55,TRUE,TRUE,3.30769565126227e-31,7.73616519153091e-56,TRUE,TRUE
1103010G0,Gentamicin sulfate,Antibacterials,secondary_exploratory,all_eligible_drugs,1.349,1.293,1.41,Sep,May,"bimodal (2 harmonics, 2 peaks)",0.836,0.832,0.949,poisson,HAC-Wald,1.52760258411039e-41,TRUE,TRUE,9.40936355817698e-11,1.03199435353659e-41,TRUE,TRUE
0603020M0,Hydrocortisone sodium succinate,Glucocorticoid therapy,secondary_exploratory,all_eligible_drugs,1.347,1.225,2.184,Jul,Dec,"unimodal, non-sinusoidal (2 harmonics, 1 peak)",0.395,0.526,0.906,poisson,HAC-Wald,0.000841535690634641,TRUE,TRUE,7.99962161406946e-42,0.000610520051422682,TRUE,TRUE
1201010AE,Ciprofloxain/dexameth,Otitis externa,secondary_exploratory,all_eligible_drugs,1.335,1.257,1.992,Sep,May,"unimodal, non-sinusoidal (2 harmonics, 1 peak)",0.682,0.673,0.956,poisson,HAC-Wald,2.61000074388035e-18,TRUE,TRUE,4.03048405132221e-10,1.81360215960803e-18,TRUE,TRUE
1310012K0,Metronidazole,Antibacterial preparations,secondary_exploratory,all_eligible_drugs,1.329,1.301,1.364,Apr,Nov,"unimodal, non-sinusoidal (2 harmonics, 1 peak)",0.889,0.925,0.514,poisson,HAC-Wald,1.50731409937908e-160,TRUE,TRUE,0.0117193096799549,1.0182881698064e-160,TRUE,TRUE
1310040V0,Dimeticone (Parasiticidal),Parasiticidal preparations,secondary_exploratory,all_eligible_drugs,1.322,1.208,1.494,Oct,May,unimodal (1 harmonic preferred),0.422,0.511,0.62,negbin,NB-LRT,0.000605685424274504,TRUE,TRUE,6.7990072351079e-32,0.000438111577502936,TRUE,TRUE
0304010AF,Bilastine,Antihistamines,secondary_exploratory,all_eligible_drugs,1.321,1.275,1.4,Jun,Nov,"unimodal, non-sinusoidal (2 harmonics, 1 peak)",0.793,0.819,0.949,poisson,Poisson-LRT,4.1854924551642e-30,TRUE,TRUE,1.95040709693529e-226,2.82757087833475e-30,TRUE,TRUE
1201010G0,Hydrocortisone acetate,Otitis externa,secondary_exploratory,all_eligible_drugs,1.317,1.237,1.405,Sep,May,"bimodal (2 harmonics, 2 peaks)",0.597,0.646,0.692,negbin,NB-LRT,6.71769397473338e-09,TRUE,TRUE,4.03048405132221e-10,4.71690753180684e-09,TRUE,TRUE
1306030B0,Ivermectin,Topical preparation for rosacea,secondary_exploratory,all_eligible_drugs,1.294,1.273,1.344,Apr,Dec,"unimodal, non-sinusoidal (2 harmonics, 1 peak)",0.87,0.874,0.962,poisson,HAC-Wald,2.66115963626335e-156,TRUE,TRUE,2.45879982359496e-118,1.79778546269126e-156,TRUE,TRUE
1202010C0,Beclometasone dipropionate,Drugs used in nasal allergy,secondary_exploratory,all_eligible_drugs,1.293,1.24,1.352,Jun,Oct,"bimodal (2 harmonics, 2 peaks)",0.8,0.886,0.829,negbin,NB-LRT,9.90800923024188e-14,TRUE,TRUE,4.93335033400967e-52,6.8390119956803e-14,TRUE,TRUE
0501030Z0,Doxycycline monohydrate,Tetracyclines,secondary_exploratory,all_eligible_drugs,1.29,1.203,1.386,Dec,Aug,"unimodal, non-sinusoidal (2 harmonics, 1 peak)",0.626,0.641,0.784,poisson,HAC-Wald,2.86791609239792e-19,TRUE,TRUE,3.22372888099791e-88,1.99617381678571e-19,TRUE,TRUE
0304010D0,Loratadine,Antihistamines,secondary_exploratory,all_eligible_drugs,1.287,1.269,1.305,Jun,Jan,"unimodal, non-sinusoidal (2 harmonics, 1 peak)",0.908,0.901,0.691,poisson,HAC-Wald,0,TRUE,TRUE,1.95040709693529e-226,0,TRUE,TRUE
1310020A0,Amorolfine hydrochloride,Antifungal preparations,secondary_exploratory,all_eligible_drugs,1.285,1.258,1.316,Jul,Dec,"unimodal, non-sinusoidal (2 harmonics, 1 peak)",0.881,0.849,0.655,poisson,HAC-Wald,7.44851475980192e-136,TRUE,TRUE,0.000226648496068398,5.0319535030284e-136,TRUE,TRUE
1203030B0,Benzocaine,Lozenges and sprays,secondary_exploratory,all_eligible_drugs,1.284,1.175,1.456,Feb,Jun,unimodal (1 harmonic preferred),0.454,0.612,0.585,poisson,HAC-Wald,0.00010562260875966,TRUE,TRUE,1.58784569297935e-10,7.64516829317866e-05,TRUE,TRUE
0603020G0,Dexamethasone,Glucocorticoid therapy,secondary_exploratory,all_eligible_drugs,1.282,1.213,1.411,Nov,Jul,"bimodal (2 harmonics, 2 peaks)",0.727,0.717,0.277,poisson,HAC-Wald,3.32863549920945e-24,TRUE,TRUE,7.99962161406946e-42,2.29195297740149e-24,TRUE,TRUE
0307000Q0,Erdosteine,Mucolytics,secondary_exploratory,all_eligible_drugs,1.275,1.218,1.346,Dec,Aug,"unimodal, non-sinusoidal (2 harmonics, 1 peak)",0.664,0.722,0.848,negbin,NB-LRT,1.846997961217e-11,TRUE,TRUE,3.00197132384098e-16,1.27066138962914e-11,TRUE,TRUE
0501021A0,Cefaclor,Cephalosporins and other beta-lactams,secondary_exploratory,all_eligible_drugs,1.269,1.212,1.355,Dec,Aug,"bimodal (2 harmonics, 2 peaks)",0.564,0.621,0.949,poisson,Poisson-LRT,1.37167856551594e-17,TRUE,TRUE,4.30504844194276e-06,9.51702393367014e-18,TRUE,TRUE
1201010AC,Ciprofloxacin,Otitis externa,secondary_exploratory,all_eligible_drugs,1.268,1.214,1.325,Sep,May,"bimodal (2 harmonics, 2 peaks)",0.713,0.781,0.962,negbin,NB-LRT,1.00744258862511e-11,TRUE,TRUE,4.03048405132221e-10,6.9343400215078e-12,TRUE,TRUE
0501070U0,Vancomycin hydrochloride,Some other antibacterials,secondary_exploratory,all_eligible_drugs,1.266,1.21,1.352,Sep,Jan,"unimodal, non-sinusoidal (2 harmonics, 1 peak)",0.725,0.763,0.806,poisson,HAC-Wald,1.32145492975958e-17,TRUE,TRUE,0.00188469676334775,9.17186588051463e-18,TRUE,TRUE
1202010Y0,Fluticasone propionate/azelastine hydrochloride (Nasal),Drugs used in nasal allergy,secondary_exploratory,all_eligible_drugs,1.263,1.232,1.321,Jun,Oct,"bimodal (2 harmonics, 2 peaks)",0.859,0.856,0.974,poisson,HAC-Wald,5.04723141668774e-81,TRUE,TRUE,4.93335033400967e-52,3.4097312856063e-81,TRUE,TRUE
0304010AC,Levocetirizine,Antihistamines,secondary_exploratory,all_eligible_drugs,1.258,1.207,1.323,Jun,Jan,"unimodal, non-sinusoidal (2 harmonics, 1 peak)",0.675,0.649,0.501,negbin,NB-LRT,2.65943994377091e-11,TRUE,TRUE,1.95040709693529e-226,1.84474754826511e-11,TRUE,TRUE
0304010I0,Cetirizine hydrochloride,Antihistamines,secondary_exploratory,all_eligible_drugs,1.255,1.234,1.277,Jun,Jan,"unimodal, non-sinusoidal (2 harmonics, 1 peak)",0.892,0.858,0.64,poisson,HAC-Wald,6.730792851252e-294,TRUE,TRUE,1.95040709693529e-226,4.54708593031193e-294,TRUE,TRUE
1001040G0,Colchicine,Gout and cytotoxic induced hyperuicaemia,secondary_exploratory,all_eligible_drugs,1.253,1.219,1.287,Jul,Nov,"unimodal, non-sinusoidal (2 harmonics, 1 peak)",0.798,0.78,0.166,poisson,HAC-Wald,4.0228134286923e-102,TRUE,TRUE,1.06784116477649e-16,2.71767067359295e-102,TRUE,TRUE
1311060Q0,Potassium permanganate,Oxidisers and dyes,secondary_exploratory,all_eligible_drugs,1.248,1.19,1.329,Aug,Jan,unimodal (1 harmonic preferred),0.561,0.651,0.921,negbin,NB-LRT,3.18585760821712e-08,TRUE,TRUE,2.67982021171216e-09,2.26303060293802e-08,TRUE,TRUE
0304010G0,Chlorphenamine maleate,Antihistamines,secondary_exploratory,all_eligible_drugs,1.238,1.21,1.278,Jun,Oct,"bimodal (2 harmonics, 2 peaks)",0.844,0.868,0.715,poisson,HAC-Wald,1.04080692352339e-96,TRUE,TRUE,1.95040709693529e-226,7.03132398027092e-97,TRUE,TRUE
0501120X0,Levofloxacin,Quinolones,secondary_exploratory,all_eligible_drugs,1.233,1.193,1.284,Jan,Aug,"unimodal, non-sinusoidal (2 harmonics, 1 peak)",0.738,0.799,0.771,negbin,NB-LRT,1.00037071445265e-12,TRUE,TRUE,4.12469936146296e-10,6.89066400243826e-13,TRUE,TRUE
1310020T0,Tioconazole,Antifungal preparations,secondary_exploratory,all_eligible_drugs,1.232,1.179,1.296,Jul,Dec,"unimodal, non-sinusoidal (2 harmonics, 1 peak)",0.706,0.735,0.844,negbin,NB-LRT,7.90687716399608e-09,TRUE,TRUE,0.000226648496068398,5.5900537898363e-09,TRUE,TRUE
0501012G0,Flucloxacillin sodium,Penicillins,secondary_exploratory,all_eligible_drugs,1.232,1.189,1.283,Aug,Dec,"unimodal, non-sinusoidal (2 harmonics, 1 peak)",0.791,0.719,0.188,negbin,NB-LRT,5.84956608525844e-13,TRUE,TRUE,5.41228415339323e-21,4.03159379103256e-13,TRUE,TRUE
1310050H0,Hydrogen peroxide,Preparations for minor cuts and abrasions,secondary_exploratory,all_eligible_drugs,1.229,1.147,1.43,Nov,Jun,"unimodal, non-sinusoidal (2 harmonics, 1 peak)",0.427,0.541,0.677,poisson,HAC-Wald,0.0112190511565244,TRUE,FALSE,0.169535003759075,,FALSE,TRUE
131002030,Terbinafine hydrochloride,Antifungal preparations,secondary_exploratory,all_eligible_drugs,1.223,1.183,1.308,Jul,Jan,"unimodal, non-sinusoidal (2 harmonics, 1 peak)",0.73,0.602,0.852,poisson,HAC-Wald,3.93801260702826e-21,TRUE,TRUE,0.000226648496068398,2.70329162435831e-21,TRUE,TRUE
0505010D0,Mebendazole,Drugs for threadworms,secondary_exploratory,all_eligible_drugs,1.223,1.157,1.306,Oct,Jun,"unimodal, non-sinusoidal (2 harmonics, 1 peak)",0.772,0.785,0.25,poisson,HAC-Wald,2.28173523275154e-15,TRUE,TRUE,1.13926475470789e-15,1.57905631522817e-15,TRUE,TRUE
0502050C0,Terbinafine hydrochloride,Other antifungals,secondary_exploratory,all_eligible_drugs,1.211,1.174,1.253,Aug,Jan,unimodal (1 harmonic preferred),0.793,0.858,0.869,negbin,NB-LRT,2.74437990110285e-13,TRUE,TRUE,1.64563226144604e-13,1.89263126222104e-13,TRUE,TRUE
0402010L0,Levomepromazine hydrochloride,Antipsychotic drugs,secondary_exploratory,all_eligible_drugs,1.203,1.15,1.272,Jan,Aug,"unimodal, non-sinusoidal (2 harmonics, 1 peak)",0.756,0.733,0.717,poisson,HAC-Wald,5.08619707053633e-13,TRUE,TRUE,0.00313994020549551,3.50617867872114e-13,TRUE,TRUE
0502010C0,Itraconazole,Triazole antifungals,secondary_exploratory,all_eligible_drugs,1.202,1.154,1.276,Jul,Feb,unimodal (1 harmonic preferred),0.574,0.543,0.097,negbin,NB-LRT,1.80489234708591e-06,TRUE,TRUE,0.045794299931884,1.29346945452062e-06,TRUE,TRUE
0601040H0,Glucagon,Treatment of hypoglycaemia,secondary_exploratory,all_eligible_drugs,1.196,1.161,1.245,Jul,Dec,"unimodal, non-sinusoidal (2 harmonics, 1 peak)",0.786,0.831,0.532,negbin,NB-LRT,1.69047752205268e-11,TRUE,TRUE,7.73581751734925e-32,1.16317555561424e-11,TRUE,TRUE
1202030R0,Mupirocin,Nasal preparations for infection,secondary_exploratory,all_eligible_drugs,1.194,1.147,1.291,Apr,Sep,"unimodal, non-sinusoidal (2 harmonics, 1 peak)",0.671,0.603,0.227,poisson,HAC-Wald,8.11859972057286e-07,TRUE,TRUE,1.53124033203395e-34,5.82506511991141e-07,TRUE,TRUE
1314000H0,Heparinoid,Topical circulatory preparations,secondary_exploratory,all_eligible_drugs,1.178,1.143,1.22,Jul,Dec,"unimodal, non-sinusoidal (2 harmonics, 1 peak)",0.726,0.77,0.727,negbin,NB-LRT,8.1965922660546e-11,TRUE,TRUE,4.53290816890594e-11,5.68178028663104e-11,TRUE,TRUE
1306020J0,Isotretinoin,Oral preparations for acne,secondary_exploratory,all_eligible_drugs,1.178,1.111,1.265,Mar,Sep,"unimodal, non-sinusoidal (2 harmonics, 1 peak)",0.642,0.652,0.608,poisson,HAC-Wald,0.000183792246918965,TRUE,TRUE,0.000920222435304135,0.000132703900847871,TRUE,TRUE
0405010P0,Orlistat,Gastro-intestinal anti-obesity drugs,secondary_exploratory,all_eligible_drugs,1.163,1.128,1.21,Jul,Jan,"unimodal, non-sinusoidal (2 harmonics, 1 peak)",0.777,0.837,0.974,poisson,HAC-Wald,5.57857909677592e-17,TRUE,TRUE,3.05466343423733e-17,3.86532411486185e-17,TRUE,TRUE
1305030B0,Pimecrolimus,Drugs affecting the immune response,secondary_exploratory,all_eligible_drugs,1.162,1.12,1.219,Apr,Sep,"unimodal, non-sinusoidal (2 harmonics, 1 peak)",0.641,0.729,0.979,poisson,HAC-Wald,1.40683235679542e-11,TRUE,TRUE,3.37494744913336e-14,9.68170856225229e-12,TRUE,TRUE
1201010B0,Acetic acid,Otitis externa,secondary_exploratory,all_eligible_drugs,1.161,1.123,1.695,Jan,May,"unimodal, non-sinusoidal (2 harmonics, 1 peak)",0.389,0.502,0.609,poisson,HAC-Wald,0.00120612576687418,TRUE,TRUE,4.03048405132221e-10,0.000872197376143738,TRUE,TRUE
1202010U0,Mometasone furoate,Drugs used in nasal allergy,secondary_exploratory,all_eligible_drugs,1.159,1.133,1.195,May,Sep,"unimodal, non-sinusoidal (2 harmonics, 1 peak)",0.686,0.749,0.805,poisson,HAC-Wald,9.62832234166266e-33,TRUE,TRUE,4.93335033400967e-52,6.50455451828956e-33,TRUE,TRUE
0410020B0,Nicotine,Nicotine dependence,secondary_exploratory,all_eligible_drugs,1.157,1.117,1.215,Mar,Nov,"unimodal, non-sinusoidal (2 harmonics, 1 peak)",0.677,0.769,0.944,poisson,HAC-Wald,2.2094829307122e-09,TRUE,TRUE,3.44007179729206e-08,1.55235457817759e-09,TRUE,TRUE
0501050A0,Azithromycin,Macrolides,secondary_exploratory,all_eligible_drugs,1.154,1.12,1.197,Dec,Aug,"unimodal, non-sinusoidal (2 harmonics, 1 peak)",0.663,0.654,0.619,negbin,NB-LRT,1.28003248043875e-08,TRUE,TRUE,6.83004773135963e-17,9.04351364340264e-09,TRUE,TRUE
1103010B0,Ciprofloxacin,Antibacterials,secondary_exploratory,all_eligible_drugs,1.149,1.115,1.198,Feb,May,"bimodal (2 harmonics, 2 peaks)",0.637,0.711,0.965,negbin,NB-LRT,4.55017290994494e-08,TRUE,TRUE,9.40936355817698e-11,3.27296794839996e-08,TRUE,TRUE
120101050,Dexamethasone,Otitis externa,secondary_exploratory,all_eligible_drugs,1.148,1.11,1.205,Aug,May,"bimodal (2 harmonics, 2 peaks)",0.488,0.597,0.858,negbin,NB-LRT,4.79890684555812e-06,TRUE,TRUE,4.03048405132221e-10,3.45386556893271e-06,TRUE,TRUE
1302011L0,Light liquid paraffin,Emollients,secondary_exploratory,all_eligible_drugs,1.148,1.124,1.178,Apr,Sep,"unimodal, non-sinusoidal (2 harmonics, 1 peak)",0.688,0.81,0.983,poisson,HAC-Wald,1.98310352976403e-33,TRUE,TRUE,4.56697434699239e-18,1.33971470491246e-33,TRUE,TRUE
0107040A0,Glyceryl trinitrate,Management of anal fissures,secondary_exploratory,all_eligible_drugs,1.148,1.122,1.179,Feb,Jul,"unimodal, non-sinusoidal (2 harmonics, 1 peak)",0.746,0.825,0.815,poisson,HAC-Wald,6.6734795593763e-42,TRUE,TRUE,3.55305526555235e-42,4.50836709452731e-42,TRUE,TRUE
1202010I0,Budesonide,Drugs used in nasal allergy,secondary_exploratory,all_eligible_drugs,1.147,1.127,1.18,Jun,Dec,"unimodal, non-sinusoidal (2 harmonics, 1 peak)",0.683,0.737,0.916,poisson,HAC-Wald,4.34034320017831e-63,TRUE,TRUE,4.93335033400967e-52,2.93218257260506e-63,TRUE,TRUE
1307000Q0,Silver nitrate,Preparations for warts and calluses,secondary_exploratory,all_eligible_drugs,1.146,1.102,1.223,Sep,Jan,"bimodal (2 harmonics, 2 peaks)",0.556,0.616,0.787,poisson,HAC-Wald,5.64811834802603e-06,TRUE,TRUE,8.58535976194372e-32,4.06344000621473e-06,TRUE,TRUE
1202010M0,Fluticasone propionate (Nasal),Drugs used in nasal allergy,secondary_exploratory,all_eligible_drugs,1.145,1.115,1.189,Jun,Oct,"unimodal, non-sinusoidal (2 harmonics, 1 peak)",0.565,0.764,0.77,poisson,HAC-Wald,2.63482273159536e-15,TRUE,TRUE,4.93335033400967e-52,1.82288458200105e-15,TRUE,TRUE
0902021X0,Water for injection,Parent prepn for fluid and electrolyte imb,secondary_exploratory,all_eligible_drugs,1.114,1.105,1.13,Jan,Aug,"bimodal (2 harmonics, 2 peaks)",0.59,0.698,0.526,poisson,HAC-Wald,4.0604622203793e-196,TRUE,TRUE,6.15845376198558e-09,2.7431048675663e-196,TRUE,TRUE
1104020B0,Antazoline,Other anti-inflammatory preparations,secondary_exploratory,all_eligible_drugs,1.976,1.757,2.632,Jun,Dec,"unimodal, non-sinusoidal (2 harmonics, 1 peak)",0.495,0.495,0.701,poisson,HAC-Wald,9.94124627884453e-23,TRUE,TRUE,7.18501992677657e-144,6.83588264400013e-23,TRUE,FALSE
1201010AG,Phenazone/lidocaine,Otitis externa,secondary_exploratory,all_eligible_drugs,1.969,1.799,2.231,Jan,Aug,"unimodal, non-sinusoidal (2 harmonics, 1 peak)",0.314,0.09,0.86,poisson,HAC-Wald,5.43614288826704e-33,TRUE,TRUE,4.03048405132221e-10,3.67246614012291e-33,TRUE,FALSE
1201010Q0,Hydrocortisone,Otitis externa,secondary_exploratory,all_eligible_drugs,1.935,1.462,3.277,Dec,Apr,"unimodal, non-sinusoidal (2 harmonics, 1 peak)",0.036,0.319,0.818,poisson,HAC-Wald,0.000174105541125986,TRUE,TRUE,4.03048405132221e-10,0.000125752821542229,TRUE,FALSE
1310040M0,Malathion,Parasiticidal preparations,secondary_exploratory,all_eligible_drugs,1.891,1.464,3.498,Mar,Jul,"unimodal, non-sinusoidal (2 harmonics, 1 peak)",0.365,0.203,0.495,poisson,HAC-Wald,5.42141728363441e-10,TRUE,TRUE,6.7990072351079e-32,3.75485042932234e-10,TRUE,FALSE
1203010M0,Hydrocortisone (Sodium succinate),Drugs for oral ulceration and inflammation,secondary_exploratory,all_eligible_drugs,1.788,1.571,2.17,May,Dec,"unimodal, non-sinusoidal (2 harmonics, 1 peak)",0.169,0.381,0.959,poisson,HAC-Wald,1.97155233891472e-11,TRUE,TRUE,2.42048686581937e-22,1.35590952705168e-11,TRUE,FALSE
1404000AD,Hepatitis A/typhoid vaccine,Vaccines and antisera,secondary_exploratory,all_eligible_drugs,1.748,1.336,3.072,Sep,Mar,unimodal (1 harmonic preferred),-0.207,0,0.927,poisson,HAC-Wald,0.0158957713668202,TRUE,TRUE,5.01709265504371e-74,0.0120573998306771,TRUE,FALSE
1201010F0,Flumetasone pivalate,Otitis externa,secondary_exploratory,all_eligible_drugs,1.744,1.371,2.454,Oct,Apr,"unimodal, non-sinusoidal (2 harmonics, 1 peak)",0.583,0.412,0.853,poisson,HAC-Wald,0.00339431833821256,TRUE,TRUE,4.03048405132221e-10,0.00249456574407999,TRUE,FALSE
1404000E0,Cholera,Vaccines and antisera,secondary_exploratory,all_eligible_drugs,1.708,1.32,2.738,Jun,Feb,"unimodal, non-sinusoidal (2 harmonics, 1 peak)",0.412,0.195,0.522,poisson,HAC-Wald,0.00948326275203713,TRUE,TRUE,5.01709265504371e-74,0.00706579513451305,TRUE,FALSE
0505060I0,Ivermectin,Filaricides,secondary_exploratory,all_eligible_drugs,1.663,1.542,1.936,Jan,Aug,"unimodal, non-sinusoidal (2 harmonics, 1 peak)",0.456,0.357,0.977,poisson,HAC-Wald,3.79242960449667e-59,TRUE,TRUE,1.97019443519026e-59,2.56203149872568e-59,TRUE,FALSE
1103010H0,Fusidic acid,Antibacterials,secondary_exploratory,all_eligible_drugs,1.619,1.259,2.187,Feb,Oct,"unimodal, non-sinusoidal (2 harmonics, 1 peak)",0.4,0.479,0.724,poisson,HAC-Wald,0.00933675161968205,TRUE,TRUE,9.40936355817698e-11,0.00696259752160194,TRUE,FALSE
0406000U0,Prochlorperazine mesilate,Drugs used in nausea and vertigo,secondary_exploratory,all_eligible_drugs,1.61,1.254,2.164,Aug,Jan,"unimodal, non-sinusoidal (2 harmonics, 1 peak)",-0.019,0.251,0.973,poisson,HAC-Wald,0.000995882001513652,TRUE,TRUE,4.48078666131178e-09,0.000721535077488658,TRUE,FALSE
1306030A0,Brimonidine tart (Rosacea),Topical preparation for rosacea,secondary_exploratory,all_eligible_drugs,1.519,1.427,1.827,Apr,Dec,"bimodal (2 harmonics, 2 peaks)",0.682,0.472,0.661,poisson,HAC-Wald,1.03316970866971e-21,TRUE,TRUE,2.45879982359496e-118,7.0960584816196e-22,TRUE,FALSE
1404000AL,Shingles (H/Z),Vaccines and antisera,secondary_exploratory,all_eligible_drugs,1.496,1.257,1.925,Oct,Jun,"bimodal (2 harmonics, 2 peaks)",0.052,0.176,0.617,negbin,NB-LRT,0.0399930300534129,TRUE,TRUE,5.01709265504371e-74,0.0309717145147455,TRUE,FALSE
1201010H0,Chloramphenicol,Otitis externa,secondary_exploratory,all_eligible_drugs,1.458,1.226,2.194,Feb,Jun,"bimodal (2 harmonics, 2 peaks)",0.219,0.065,0.112,poisson,HAC-Wald,0.0144745649297401,TRUE,TRUE,4.03048405132221e-10,0.0109309714928854,TRUE,FALSE
1003020AA,Capsaicin,"Rubefacients, topical NSAIDs, capsaicin and poultices",secondary_exploratory,all_eligible_drugs,1.439,1.261,1.91,Nov,Aug,"bimodal (2 harmonics, 2 peaks)",-0.166,0.031,0.962,poisson,HAC-Wald,0.0303208300712934,TRUE,TRUE,1.55919199584476e-59,0.0233540067713224,TRUE,FALSE
0102000Y0,Propantheline bromide,Antispasmodics and other drugs altering gut motility,secondary_exploratory,all_eligible_drugs,1.436,1.145,1.973,Aug,Jan,"unimodal, non-sinusoidal (2 harmonics, 1 peak)",0.39,0.321,0.411,poisson,HAC-Wald,0.0339632640189297,TRUE,FALSE,0.0936735611860228,,FALSE,FALSE
120101040,Dexamethasone sodium metasulphobenzoate,Otitis externa,secondary_exploratory,all_eligible_drugs,1.421,1.215,2.001,Jan,May,"unimodal, non-sinusoidal (2 harmonics, 1 peak)",-0.027,0.03,0.476,poisson,HAC-Wald,0.0392239504948498,TRUE,TRUE,4.03048405132221e-10,0.0303879766422526,TRUE,FALSE
0601021X0,Tolbutamide,Antidiabetic drugs,secondary_exploratory,all_eligible_drugs,1.417,1.189,2.313,Mar,Jul,"bimodal (2 harmonics, 2 peaks)",-0.023,0.103,0.931,poisson,HAC-Wald,0.048351062002419,TRUE,FALSE,0.870182495394554,,FALSE,FALSE
1202010Z0,Mometasone furoate/olopatadine hydrochloride,Drugs used in nasal allergy,secondary_exploratory,all_eligible_drugs,1.406,1.293,1.645,May,Jan,"bimodal (2 harmonics, 2 peaks)",0.564,0.21,0.956,negbin,NB-LRT,6.90293651837158e-05,TRUE,TRUE,4.93335033400967e-52,5.00206134918491e-05,TRUE,FALSE
0106050B0,Bowel cleansing solutions,Bowel cleansing preparations,secondary_exploratory,all_eligible_drugs,1.344,1.198,1.598,Dec,Sep,"bimodal (2 harmonics, 2 peaks)",0.018,0,0.677,negbin,NB-LRT,0.0149590618991724,TRUE,FALSE,0.169064721999555,,FALSE,FALSE
0106060C0,Naldemedine,Peripheral opioid-receptor antagonists,secondary_exploratory,all_eligible_drugs,1.335,1.25,1.608,Jun,Jan,"unimodal, non-sinusoidal (2 harmonics, 1 peak)",0.376,0.209,0.968,poisson,HAC-Wald,4.09045698063308e-20,TRUE,FALSE,0.377717910393493,,FALSE,FALSE
1303000D0,Calamine,Topical local anaesthetics and antipruritics,secondary_exploratory,all_eligible_drugs,1.315,1.224,1.666,Apr,Oct,"unimodal, non-sinusoidal (2 harmonics, 1 peak)",0.381,0.188,0.12,poisson,HAC-Wald,2.92197003733277e-14,TRUE,TRUE,0.0257285967380165,2.01736392879191e-14,TRUE,FALSE
1108020A0,Diclofenac sodium,Ocular diagnostic & peri-operative prepn & photodynamic tt,secondary_exploratory,all_eligible_drugs,1.312,1.163,1.847,May,Oct,unimodal (1 harmonic preferred),-0.04,0.02,0.867,poisson,HAC-Wald,0.0348691413576994,TRUE,FALSE,0.436913075381646,,FALSE,FALSE
0502050B0,Griseofulvin,Other antifungals,secondary_exploratory,all_eligible_drugs,1.31,1.232,1.683,Apr,Nov,"unimodal, non-sinusoidal (2 harmonics, 1 peak)",0.225,0.464,0.871,poisson,HAC-Wald,1.64754204628657e-06,TRUE,TRUE,1.64563226144604e-13,1.1811653743398e-06,TRUE,FALSE
1404000S0,Typhoid,Vaccines and antisera,secondary_exploratory,all_eligible_drugs,1.29,1.199,1.464,Jan,May,"bimodal (2 harmonics, 2 peaks)",0.484,0.236,0.863,poisson,HAC-Wald,2.81002793531481e-06,TRUE,TRUE,5.01709265504371e-74,2.02576204572927e-06,TRUE,FALSE
0601023AB,Liraglutide,Antidiabetic drugs,secondary_exploratory,all_eligible_drugs,1.289,1.176,2.273,Jul,Nov,"bimodal (2 harmonics, 2 peaks)",-0.262,0,0.968,poisson,HAC-Wald,0.00147150579131433,TRUE,FALSE,0.870182495394554,,FALSE,FALSE
140400070,Hepatitis A/hepatitis B,Vaccines and antisera,secondary_exploratory,all_eligible_drugs,1.287,1.204,1.512,Jan,Oct,"bimodal (2 harmonics, 2 peaks)",0.333,0.029,0.376,poisson,HAC-Wald,1.63299956904756e-05,TRUE,TRUE,5.01709265504371e-74,1.17087762148977e-05,TRUE,FALSE
140400030,Hepatitis A,Vaccines and antisera,secondary_exploratory,all_eligible_drugs,1.277,1.153,1.471,Jan,Oct,"bimodal (2 harmonics, 2 peaks)",0.541,0.263,0.925,poisson,HAC-Wald,0.00840905438218441,TRUE,TRUE,5.01709265504371e-74,0.00625557751629562,TRUE,FALSE
1404000F0,Diphtheria,Vaccines and antisera,secondary_exploratory,all_eligible_drugs,1.271,1.179,1.412,Feb,May,"bimodal (2 harmonics, 2 peaks)",0.214,0.016,0.799,poisson,HAC-Wald,5.96725388423686e-10,TRUE,TRUE,5.01709265504371e-74,4.13204762035272e-10,TRUE,FALSE
0406000AA,Doxylamine succinate/pyridoxine hydrochloride,Drugs used in nausea and vertigo,secondary_exploratory,all_eligible_drugs,1.261,1.158,1.447,Feb,Jun,"bimodal (2 harmonics, 2 peaks)",0.259,0.088,0.971,negbin,NB-LRT,0.0337248241625517,TRUE,TRUE,4.48078666131178e-09,0.0259972452569988,TRUE,FALSE
1201010AF,Ciprofloxacin/fluocinolone,Otitis externa,secondary_exploratory,all_eligible_drugs,1.254,1.17,1.381,Sep,Jun,"bimodal (2 harmonics, 2 peaks)",0.301,0.289,0.909,negbin,NB-LRT,0.00116057361106133,TRUE,TRUE,4.03048405132221e-10,0.000839517250347655,TRUE,FALSE
0501050C0,Erythromycin,Macrolides,secondary_exploratory,all_eligible_drugs,1.252,1.187,1.347,Jan,Aug,"unimodal, non-sinusoidal (2 harmonics, 1 peak)",0.557,0.447,0.796,negbin,NB-LRT,3.24466606757033e-06,TRUE,TRUE,6.83004773135963e-17,2.338113919191e-06,TRUE,FALSE
0503010Q0,Lamivudine,HIV infection,secondary_exploratory,all_eligible_drugs,1.249,1.14,1.412,Nov,Mar,"bimodal (2 harmonics, 2 peaks)",0.138,0.304,0.937,negbin,NB-LRT,0.0165846972532646,TRUE,FALSE,0.61254833111613,,FALSE,FALSE
1201010E0,Betamethasone sodium phosphate,Otitis externa,secondary_exploratory,all_eligible_drugs,1.239,1.157,2.163,Jan,May,"unimodal, non-sinusoidal (2 harmonics, 1 peak)",0.131,0.131,0.137,poisson,HAC-Wald,0.0174341421624137,TRUE,TRUE,4.03048405132221e-10,0.0132399736846812,TRUE,FALSE
1108030AA,Carbomer,Other eye preparations,secondary_exploratory,all_eligible_drugs,1.233,1.121,1.782,Jun,Feb,"bimodal (2 harmonics, 2 peaks)",0.091,0.019,0.684,poisson,HAC-Wald,0.00259636613873336,TRUE,TRUE,0.00149959155530954,0.0019052213041679,TRUE,FALSE
090501300,Other magnesium preparations,Calcium and magnesium,secondary_exploratory,all_eligible_drugs,1.215,1.137,1.367,Dec,Apr,unimodal (1 harmonic preferred),0.17,0.378,0.458,poisson,Poisson-LRT,0.0026546543661887,TRUE,FALSE,0.507072588053869,,FALSE,FALSE
1305020R0,Tacalcitol,Preparations for psoriasis,secondary_exploratory,all_eligible_drugs,1.212,1.119,1.404,May,Oct,unimodal (1 harmonic preferred),0.333,0.27,0.897,poisson,HAC-Wald,0.0405918312587073,TRUE,TRUE,2.00974064079059e-55,0.0314942195972837,TRUE,FALSE
1304000S0,Fluticasone propionate (Topical),Topical corticosteroids,secondary_exploratory,all_eligible_drugs,1.206,1.142,1.341,Apr,Sep,unimodal (1 harmonic preferred),0.231,0.456,0.81,negbin,NB-LRT,0.00538476008732886,TRUE,TRUE,0.000772676262857242,0.0039792571463769,TRUE,FALSE
1202010W0,Fluticasone furoate,Drugs used in nasal allergy,secondary_exploratory,all_eligible_drugs,1.186,1.1,1.318,May,Dec,"unimodal, non-sinusoidal (2 harmonics, 1 peak)",0.211,0.429,0.744,poisson,HAC-Wald,0.0223166770482392,TRUE,TRUE,4.93335033400967e-52,0.017073227546091,TRUE,FALSE
0501021K0,Cefuroxime axetil,Cephalosporins and other beta-lactams,secondary_exploratory,all_eligible_drugs,1.184,1.106,1.312,Feb,Oct,unimodal (1 harmonic preferred),0.107,0.065,0.582,negbin,NB-LRT,0.0341160163041381,TRUE,TRUE,4.30504844194276e-06,0.0263503435530046,TRUE,FALSE
1308010Y0,Fluorouracil (Sunscreen),Sunscreening preparations,secondary_exploratory,all_eligible_drugs,1.181,1.097,1.317,Sep,Jan,"bimodal (2 harmonics, 2 peaks)",0.409,0.433,0.71,poisson,HAC-Wald,0.0268848969717764,TRUE,TRUE,3.30769565126227e-31,0.0206311744011202,TRUE,FALSE
0606020Y0,Alendronic acid/colecalciferol,Bisphosphonates and other drugs,secondary_exploratory,all_eligible_drugs,1.174,1.099,1.502,Nov,Aug,"bimodal (2 harmonics, 2 peaks)",-0.039,0.154,0.821,poisson,HAC-Wald,0.0284301248508692,TRUE,FALSE,0.0694650838455479,,FALSE,FALSE
0503010H0,Tenofovir disoproxil,HIV infection,secondary_exploratory,all_eligible_drugs,1.17,1.094,1.3,Mar,Jun,"bimodal (2 harmonics, 2 peaks)",0.081,0.16,0.806,poisson,Poisson-LRT,0.0448876792255527,TRUE,FALSE,0.61254833111613,,FALSE,FALSE
1203030Y0,Benzydamine hydrochloride,Lozenges and sprays,secondary_exploratory,all_eligible_drugs,1.169,1.105,1.295,Dec,Jul,unimodal (1 harmonic preferred),0.011,0.143,0.37,poisson,Poisson-LRT,0.0182581499856328,TRUE,TRUE,1.58784569297935e-10,0.0138921679989639,TRUE,FALSE
0605010G0,Clomifene citrate,Hypothalamic & anterior pituitary hormone & antioestrogens,secondary_exploratory,all_eligible_drugs,1.166,1.103,1.304,Nov,Mar,"bimodal (2 harmonics, 2 peaks)",0.282,0.457,0.85,poisson,Poisson-LRT,0.0252427260534341,TRUE,FALSE,0.545517828547879,,FALSE,FALSE
090502100,Other phosphate supplement preparations,Phosphorus,secondary_exploratory,all_eligible_drugs,1.165,1.111,1.248,Aug,Jan,unimodal (1 harmonic preferred),0.461,0.374,0.56,negbin,NB-LRT,0.000715866184267594,TRUE,TRUE,0.016540956368645,0.000517298461942528,TRUE,FALSE
0101010Q0,Magnesium hydroxide,Antacids and simeticone,secondary_exploratory,all_eligible_drugs,1.161,1.086,1.478,Aug,Jan,unimodal (1 harmonic preferred),0.106,0.017,0.05,poisson,HAC-Wald,0.0189118346807468,TRUE,FALSE,0.0849006183105911,,FALSE,FALSE
0501120Y0,Moxifloxacin,Quinolones,secondary_exploratory,all_eligible_drugs,1.16,1.118,1.241,Jan,Aug,unimodal (1 harmonic preferred),0.326,0.446,0.685,poisson,Poisson-LRT,1.1045455260474e-06,TRUE,TRUE,4.12469936146296e-10,7.92190080458878e-07,TRUE,FALSE
0402010R0,Pimozide,Antipsychotic drugs,secondary_exploratory,all_eligible_drugs,1.158,1.109,1.668,Nov,Aug,"bimodal (2 harmonics, 2 peaks)",-0.137,0.115,0.716,poisson,HAC-Wald,0.0144745649297401,TRUE,TRUE,0.00313994020549551,0.0109309714928854,TRUE,FALSE
1103010Y0,Ofloxacin,Antibacterials,secondary_exploratory,all_eligible_drugs,1.158,1.087,1.268,Aug,Nov,"bimodal (2 harmonics, 2 peaks)",0.13,0.204,0.842,negbin,NB-LRT,0.0389337418551103,TRUE,TRUE,9.40936355817698e-11,0.0301749864596308,TRUE,FALSE
0104020P0,Loperamide hydrochloride and simeticone,Antimotility drugs,secondary_exploratory,all_eligible_drugs,1.156,1.091,1.253,Aug,Apr,unimodal (1 harmonic preferred),0.338,0.347,0.566,poisson,Poisson-LRT,0.00523255908298189,TRUE,TRUE,2.18265840235112e-06,0.00386814292529015,TRUE,FALSE
1203010U0,Doxycycline hyclate,Drugs for oral ulceration and inflammation,secondary_exploratory,all_eligible_drugs,1.151,1.09,1.273,Apr,Nov,unimodal (1 harmonic preferred),0.097,0.199,0.182,poisson,Poisson-LRT,0.0329276420950562,TRUE,TRUE,2.42048686581937e-22,0.0254025244251938,TRUE,FALSE
1304000P0,Fluocinonide,Topical corticosteroids,secondary_exploratory,all_eligible_drugs,1.144,1.08,1.229,Apr,Dec,unimodal (1 harmonic preferred),0.243,0.237,0.826,negbin,NB-LRT,0.0210106899446886,TRUE,TRUE,0.000772676262857242,0.0159919968735747,TRUE,FALSE
0501120P0,Ofloxacin,Quinolones,secondary_exploratory,all_eligible_drugs,1.142,1.099,1.21,Feb,Jun,"unimodal, non-sinusoidal (2 harmonics, 1 peak)",0.544,0.656,0.579,negbin,NB-LRT,0.000252288082498531,TRUE,TRUE,4.12469936146296e-10,0.000182929676554968,TRUE,FALSE
0410020D0,Nicotine bitartrate,Nicotine dependence,secondary_exploratory,all_eligible_drugs,1.142,1.082,1.23,Mar,Nov,unimodal (1 harmonic preferred),0.349,0.452,0.454,poisson,Poisson-LRT,0.00899572923950646,TRUE,TRUE,3.44007179729206e-08,0.00669987377745008,TRUE,FALSE
1310050D0,Cetrimide,Preparations for minor cuts and abrasions,secondary_exploratory,all_eligible_drugs,1.136,1.098,1.203,Jun,Jan,unimodal (1 harmonic preferred),0.319,0.434,0.486,poisson,Poisson-LRT,3.8837878599834e-05,TRUE,FALSE,0.169535003759075,,FALSE,FALSE
0501070W0,Linezolid,Some other antibacterials,secondary_exploratory,all_eligible_drugs,1.133,1.092,1.303,Oct,Feb,unimodal (1 harmonic preferred),-0.058,0.332,0.495,poisson,HAC-Wald,0.0414629889802008,TRUE,TRUE,0.00188469676334775,0.0321575642369567,TRUE,FALSE
0208020W0,INR blood testing reagents,Oral anticoagulants,secondary_exploratory,all_eligible_drugs,1.13,1.083,1.187,Dec,Apr,"bimodal (2 harmonics, 2 peaks)",0.372,0.482,0.107,negbin,NB-LRT,0.00074504093539142,TRUE,TRUE,0.00531800462558879,0.000538207138396892,TRUE,FALSE
0501013K0,Co-amoxiclav (Amoxicillin/clavulanic acid),Penicillins,secondary_exploratory,all_eligible_drugs,1.128,1.088,1.191,Jan,Aug,"unimodal, non-sinusoidal (2 harmonics, 1 peak)",0.563,0.625,0.61,poisson,HAC-Wald,3.77936513296662e-08,TRUE,TRUE,5.41228415339323e-21,2.71971901207727e-08,TRUE,FALSE
0501130R0,Nitrofurantoin,Urinary-tract infections,secondary_exploratory,all_eligible_drugs,1.127,1.095,1.165,Sep,May,"unimodal, non-sinusoidal (2 harmonics, 1 peak)",0.586,0.531,0.799,negbin,NB-LRT,1.05310436448055e-07,TRUE,TRUE,2.05997052646044e-07,7.56531389695882e-08,TRUE,FALSE
0301011R0,Salbutamol,Adrenoceptor agonists,secondary_exploratory,all_eligible_drugs,1.126,1.098,1.156,Dec,Aug,"bimodal (2 harmonics, 2 peaks)",0.612,0.702,0.943,poisson,HAC-Wald,3.04416778199318e-20,TRUE,TRUE,2.96694404817216e-20,2.08866555498987e-20,TRUE,FALSE
0501060D0,Clindamycin hydrochloride,Clindamycin and lincomycin,secondary_exploratory,all_eligible_drugs,1.126,1.097,1.163,Aug,Dec,"unimodal, non-sinusoidal (2 harmonics, 1 peak)",0.625,0.701,0.921,negbin,NB-LRT,8.77994134102658e-09,TRUE,TRUE,4.48078666131178e-09,6.20517604427252e-09,TRUE,FALSE
1302011M0,Liquid paraffin,Emollients,secondary_exploratory,all_eligible_drugs,1.125,1.097,1.164,May,Sep,"unimodal, non-sinusoidal (2 harmonics, 1 peak)",0.635,0.678,0.983,negbin,NB-LRT,1.64348218471536e-07,TRUE,TRUE,4.56697434699239e-18,1.18015618806803e-07,TRUE,FALSE
1306010B0,Azelaic acid,Topical preparations for acne,secondary_exploratory,all_eligible_drugs,1.121,1.074,1.2,Apr,Nov,unimodal (1 harmonic preferred),0.189,0.215,0.832,negbin,NB-LRT,0.0174341421624137,TRUE,TRUE,0.0462428934317855,0.0132399736846812,TRUE,FALSE
1304000V0,Hydrocortisone,Topical corticosteroids,secondary_exploratory,all_eligible_drugs,1.117,1.083,1.173,Mar,Oct,unimodal (1 harmonic preferred),0.437,0.71,0.783,negbin,NB-LRT,0.000414395102283668,TRUE,TRUE,0.000772676262857242,0.000300153322884438,TRUE,FALSE
1201030N0,Urea hydrogen peroxide,Removal of ear wax and other substances,secondary_exploratory,all_eligible_drugs,1.113,1.067,1.162,Mar,Nov,"bimodal (2 harmonics, 2 peaks)",0.612,0.616,0.887,poisson,HAC-Wald,3.54390253982082e-08,TRUE,TRUE,1.47066738370915e-17,2.53393891788175e-08,TRUE,FALSE
0501120L0,Ciprofloxacin,Quinolones,secondary_exploratory,all_eligible_drugs,1.112,1.092,1.143,Dec,Jun,unimodal (1 harmonic preferred),0.6,0.519,0.961,negbin,NB-LRT,8.37239651033377e-10,TRUE,TRUE,4.12469936146296e-10,5.79632915362358e-10,TRUE,FALSE
0406000G0,Cyclizine lactate,Drugs used in nausea and vertigo,secondary_exploratory,all_eligible_drugs,1.111,1.083,1.166,Dec,Aug,"bimodal (2 harmonics, 2 peaks)",0.224,0.433,0.591,poisson,HAC-Wald,1.66113710318976e-08,TRUE,TRUE,4.48078666131178e-09,1.18171645924291e-08,TRUE,FALSE
0107020J0,Hydrocortisone,Compound haemorrhoidal preparations with corticosteroid,secondary_exploratory,all_eligible_drugs,1.109,1.076,1.174,Feb,Jul,"unimodal, non-sinusoidal (2 harmonics, 1 peak)",0.538,0.523,0,poisson,HAC-Wald,2.60256001067465e-07,TRUE,TRUE,3.54049245952409e-17,1.86808497686131e-07,TRUE,FALSE
1304000F0,Betamethasone valerate,Topical corticosteroids,secondary_exploratory,all_eligible_drugs,1.109,1.075,1.164,May,Oct,unimodal (1 harmonic preferred),0.395,0.494,0.26,negbin,NB-LRT,0.0010875241020407,TRUE,TRUE,0.000772676262857242,0.000787170936282027,TRUE,FALSE
110802070,Ketorolac trometamol,Ocular diagnostic & peri-operative prepn & photodynamic tt,secondary_exploratory,all_eligible_drugs,1.106,1.071,1.171,Oct,Mar,unimodal (1 harmonic preferred),0.162,0.233,0.273,negbin,NB-LRT,0.00643464447293353,TRUE,FALSE,0.436913075381646,,FALSE,FALSE
0301020I0,Ipratropium bromide,Antimuscarinic bronchodilators,secondary_exploratory,all_eligible_drugs,1.104,1.078,1.129,Dec,Aug,"bimodal (2 harmonics, 2 peaks)",0.561,0.671,0.985,poisson,HAC-Wald,8.01031040184012e-18,TRUE,TRUE,8.45914240039922e-05,5.56180176372347e-18,TRUE,FALSE
0501070AE,Fosfomycin trometamol,Some other antibacterials,secondary_exploratory,all_eligible_drugs,1.101,1.069,1.136,Sep,May,"unimodal, non-sinusoidal (2 harmonics, 1 peak)",0.469,0.533,0.971,negbin,NB-LRT,1.43080100310078e-05,TRUE,TRUE,0.00188469676334775,1.02626520601651e-05,TRUE,FALSE
0501015P0,Pivmecillinam hydrochloride,Penicillins,secondary_exploratory,all_eligible_drugs,1.099,1.068,1.132,Sep,May,"unimodal, non-sinusoidal (2 harmonics, 1 peak)",0.425,0.402,0.823,negbin,NB-LRT,1.07714154223354e-05,TRUE,TRUE,5.41228415339323e-21,7.7315870709859e-06,TRUE,FALSE
1001022K0,Methylprednisolone acetate,Corticosteroids,secondary_exploratory,all_eligible_drugs,1.098,1.066,1.185,Jul,Jan,"unimodal, non-sinusoidal (2 harmonics, 1 peak)",0.425,0.612,0.944,poisson,HAC-Wald,0.00187786264377182,TRUE,TRUE,1.34640025024188e-11,0.00136576407812515,TRUE,FALSE
0501021L0,Cefalexin,Cephalosporins and other beta-lactams,secondary_exploratory,all_eligible_drugs,1.098,1.07,1.134,Dec,May,unimodal (1 harmonic preferred),0.431,0.368,0.276,negbin,NB-LRT,7.46569341080661e-06,TRUE,TRUE,4.30504844194276e-06,5.36686384375549e-06,TRUE,FALSE
1310020N0,Miconazole nitrate,Antifungal preparations,secondary_exploratory,all_eligible_drugs,1.098,1.079,1.29,Aug,Dec,"unimodal, non-sinusoidal (2 harmonics, 1 peak)",0.308,0.495,0.901,poisson,HAC-Wald,0.00313713045991835,TRUE,TRUE,0.000226648496068398,0.00230712367720037,TRUE,FALSE
1404000G0,Hepatitis B,Vaccines and antisera,secondary_exploratory,all_eligible_drugs,1.096,1.058,1.169,Jan,Oct,"bimodal (2 harmonics, 2 peaks)",0.324,0.509,0.628,poisson,HAC-Wald,0.0196033396993867,TRUE,TRUE,5.01709265504371e-74,0.0149492436393395,TRUE,FALSE
1304000X0,Hydrocortisone acetate,Topical corticosteroids,secondary_exploratory,all_eligible_drugs,1.096,1.064,1.158,Mar,Nov,"bimodal (2 harmonics, 2 peaks)",0.474,0.626,0.261,negbin,NB-LRT,0.00748372972063048,TRUE,TRUE,0.000772676262857242,0.00553157816794615,TRUE,FALSE
0501070I0,Colistimethate sodium,Some other antibacterials,secondary_exploratory,all_eligible_drugs,1.094,1.051,1.152,Dec,Mar,"bimodal (2 harmonics, 2 peaks)",0.068,0.214,0.465,negbin,NB-LRT,0.0438602396380074,TRUE,TRUE,0.00188469676334775,0.0339774079114854,TRUE,FALSE
0304010N0,Diphenhydramine hydrochloride,Antihistamines,secondary_exploratory,all_eligible_drugs,1.089,1.059,1.14,Oct,Jun,unimodal (1 harmonic preferred),0.25,0.324,0.67,negbin,NB-LRT,0.00219401026720269,TRUE,TRUE,1.95040709693529e-226,0.00159319729902544,TRUE,FALSE
1305030C0,Tacrolimus,Drugs affecting the immune response,secondary_exploratory,all_eligible_drugs,1.089,1.073,1.12,Apr,Sep,"unimodal, non-sinusoidal (2 harmonics, 1 peak)",0.523,0.657,0.979,poisson,HAC-Wald,2.57567805711765e-12,TRUE,TRUE,3.37494744913336e-14,1.77382425555968e-12,TRUE,FALSE
0702020F0,Clotrimazole,Vaginal and vulval infections,secondary_exploratory,all_eligible_drugs,1.088,1.047,1.142,Sep,May,"bimodal (2 harmonics, 2 peaks)",0.523,0.509,0.398,poisson,HAC-Wald,0.00950046296717277,TRUE,TRUE,0.00509117132759724,0.00707411165449423,TRUE,FALSE
0206020R0,Nifedipine,Calcium-channel blockers,secondary_exploratory,all_eligible_drugs,1.086,1.079,1.095,Jan,Aug,"unimodal, non-sinusoidal (2 harmonics, 1 peak)",0.568,0.481,0.097,poisson,HAC-Wald,4.04537138308483e-183,TRUE,TRUE,3.20982104870482e-14,2.7329100308725e-183,TRUE,FALSE
0501030F0,Demeclocycline hydrochloride,Tetracyclines,secondary_exploratory,all_eligible_drugs,1.086,1.054,1.148,Sep,Mar,unimodal (1 harmonic preferred),-0.028,0.18,0.838,poisson,Poisson-LRT,0.0119764998167497,TRUE,TRUE,3.22372888099791e-88,0.00903582294812166,TRUE,FALSE
1305020D0,Calcipotriol,Preparations for psoriasis,secondary_exploratory,all_eligible_drugs,1.085,1.074,1.108,Apr,Oct,unimodal (1 harmonic preferred),0.576,0.595,0.068,poisson,HAC-Wald,3.15877890385804e-34,TRUE,TRUE,2.00974064079059e-55,2.13395946482401e-34,TRUE,FALSE
1304000Y0,Mometasone furoate,Topical corticosteroids,secondary_exploratory,all_eligible_drugs,1.085,1.051,1.133,May,Sep,unimodal (1 harmonic preferred),0.199,0.403,0.8,negbin,NB-LRT,0.0174341421624137,TRUE,TRUE,0.000772676262857242,0.0132399736846812,TRUE,FALSE
0302000C0,Beclometasone dipropionate,Corticosteroids (respiratory),secondary_exploratory,all_eligible_drugs,1.084,1.067,1.102,Dec,Aug,"bimodal (2 harmonics, 2 peaks)",0.488,0.517,0.217,poisson,HAC-Wald,7.68257628597012e-28,TRUE,TRUE,5.7573277320653e-30,5.19007720345825e-28,TRUE,FALSE
1310030C0,Aciclovir,Antiviral preparations,secondary_exploratory,all_eligible_drugs,1.083,1.067,1.107,Dec,Aug,"unimodal, non-sinusoidal (2 harmonics, 1 peak)",0.355,0.484,0.872,poisson,HAC-Wald,1.30464392282551e-20,TRUE,TRUE,7.21065830915685e-21,8.95361378019425e-21,TRUE,FALSE
1303000AA,Menthol,Topical local anaesthetics and antipruritics,secondary_exploratory,all_eligible_drugs,1.081,1.051,1.12,Jul,Nov,unimodal (1 harmonic preferred),0.311,0.358,0.927,negbin,NB-LRT,0.00259304205497885,TRUE,TRUE,0.0257285967380165,0.0018958524140378,TRUE,FALSE
1302010U0,Urea,Emollients,secondary_exploratory,all_eligible_drugs,1.079,1.056,1.113,Jun,Nov,unimodal (1 harmonic preferred),0.365,0.364,0.552,negbin,NB-LRT,0.000206181954340128,TRUE,TRUE,4.56697434699239e-18,0.000148819563217488,TRUE,FALSE
1306010Z0,Adapalene and benzoyl peroxide,Topical preparations for acne,secondary_exploratory,all_eligible_drugs,1.077,1.051,1.14,Sep,Jun,"bimodal (2 harmonics, 2 peaks)",0.364,0.406,0.817,poisson,HAC-Wald,0.0175251805135193,TRUE,TRUE,0.0462428934317855,0.0132990441870474,TRUE,FALSE
1002020Y0,Dronabinol/cannabidiol,Skeletal muscle relaxants,secondary_exploratory,all_eligible_drugs,1.074,1.051,1.106,Dec,Aug,unimodal (1 harmonic preferred),0.259,0.333,0.976,poisson,HAC-Wald,2.12085416232208e-09,TRUE,FALSE,0.108400217093321,,FALSE,FALSE
1309000X0,Eflornithine monohydrate chloride,Shampoo and other preparations for scalp and hair conditions,secondary_exploratory,all_eligible_drugs,1.073,1.062,1.095,Aug,Dec,unimodal (1 harmonic preferred),0.412,0.261,0.544,poisson,HAC-Wald,9.25222864289698e-27,TRUE,TRUE,0.00494846301137637,6.2504788983842e-27,TRUE,FALSE
0501080W0,Trimethoprim,Sulfonamides and trimethoprim,secondary_exploratory,all_eligible_drugs,1.069,1.05,1.107,Oct,Jun,unimodal (1 harmonic preferred),0.489,0.608,0.161,negbin,NB-LRT,0.000407576113043626,TRUE,TRUE,0.000378108884704967,0.000295317168948198,TRUE,FALSE
0501030P0,Minocycline hydrochloride,Tetracyclines,secondary_exploratory,all_eligible_drugs,1.069,1.039,1.135,Jan,Jun,unimodal (1 harmonic preferred),0.292,0.357,0.989,poisson,HAC-Wald,0.00692791410361686,TRUE,TRUE,3.22372888099791e-88,0.00512599257084861,TRUE,FALSE
0702020E0,Clindamycin phosphate,Vaginal and vulval infections,secondary_exploratory,all_eligible_drugs,1.068,1.042,1.153,Jan,Jun,unimodal (1 harmonic preferred),0.139,0.362,0.786,poisson,HAC-Wald,0.0159730346255229,TRUE,TRUE,0.00509117132759724,0.0121113727098035,TRUE,FALSE
0703022M0,Medroxyprogesterone acetate,Progestogen-only contraceptives,secondary_exploratory,all_eligible_drugs,1.067,1.052,1.083,Feb,Oct,"bimodal (2 harmonics, 2 peaks)",0.541,0.688,0.859,poisson,HAC-Wald,7.7380595613868e-24,TRUE,TRUE,0.000388275226870467,5.32619294748743e-24,TRUE,FALSE
0501110C0,Metronidazole,"Metronidazole, tinidazole and ornidazole",secondary_exploratory,all_eligible_drugs,1.065,1.038,1.105,Sep,Jun,"bimodal (2 harmonics, 2 peaks)",0.49,0.629,0.615,poisson,HAC-Wald,0.00286536439552755,TRUE,TRUE,0.00172848088230961,0.00210945915129069,TRUE,FALSE
0404000M0,Methylphenidate hydrochloride,CNS stimulants and drugs used for ADHD,secondary_exploratory,all_eligible_drugs,1.065,1.044,1.105,Apr,Aug,"bimodal (2 harmonics, 2 peaks)",0.514,0.71,0.962,poisson,HAC-Wald,0.00092834204961375,TRUE,TRUE,0.0251947058398018,0.000673044498933673,TRUE,FALSE
0803042S0,Triptorelin embonate,Hormone antagonists,secondary_exploratory,all_eligible_drugs,1.063,1.046,1.131,Nov,Aug,"bimodal (2 harmonics, 2 peaks)",0.513,0.523,0.972,poisson,HAC-Wald,5.2059252701498e-05,TRUE,TRUE,0.00341395403142288,3.77379436184555e-05,TRUE,FALSE
1305020W0,Calcitriol,Preparations for psoriasis,secondary_exploratory,all_eligible_drugs,1.063,1.043,1.109,Apr,Sep,unimodal (1 harmonic preferred),0.278,0.319,0.089,negbin,NB-LRT,0.0259748814823089,TRUE,TRUE,2.00974064079059e-55,0.0199562221059475,TRUE,FALSE
0601040I0,Glucose,Treatment of hypoglycaemia,secondary_exploratory,all_eligible_drugs,1.063,1.053,1.08,Jul,Dec,"unimodal, non-sinusoidal (2 harmonics, 1 peak)",0.406,0.554,0.857,poisson,HAC-Wald,8.29333907179592e-36,TRUE,TRUE,7.73581751734925e-32,5.60268697047404e-36,TRUE,FALSE
0302000K0,Budesonide,Corticosteroids (respiratory),secondary_exploratory,all_eligible_drugs,1.059,1.046,1.075,Dec,Aug,"bimodal (2 harmonics, 2 peaks)",0.279,0.468,0.953,poisson,HAC-Wald,7.05165730596381e-26,TRUE,TRUE,5.7573277320653e-30,4.76385062353613e-26,TRUE,FALSE
1202020L0,Sodium chloride,Topical nasal decongestants,secondary_exploratory,all_eligible_drugs,1.059,1.048,1.077,Dec,Sep,"bimodal (2 harmonics, 2 peaks)",0.216,0.406,0.611,poisson,HAC-Wald,3.41678098069209e-23,TRUE,TRUE,0.00140116339488567,2.35100204751781e-23,TRUE,FALSE
0606020Z0,Denosumab,Bisphosphonates and other drugs,secondary_exploratory,all_eligible_drugs,1.059,1.051,1.076,Jun,Sep,"bimodal (2 harmonics, 2 peaks)",0.533,0.586,0.922,poisson,HAC-Wald,1.65980208144032e-25,TRUE,FALSE,0.0694650838455479,,FALSE,FALSE
0101021B0,Alginic acid compound preparations,Compound alginates and proprietary indigestion preparations,secondary_exploratory,all_eligible_drugs,1.058,1.045,1.081,Dec,Jul,"unimodal, non-sinusoidal (2 harmonics, 1 peak)",0.21,0.17,0.106,poisson,HAC-Wald,1.96765966466826e-09,TRUE,TRUE,9.844932030669e-10,1.37216141946264e-09,TRUE,FALSE
0301011V0,Terbutaline sulphate,Adrenoceptor agonists,secondary_exploratory,all_eligible_drugs,1.058,1.042,1.087,Dec,Aug,"bimodal (2 harmonics, 2 peaks)",0.268,0.227,0.962,poisson,HAC-Wald,4.39127613583266e-06,TRUE,TRUE,2.96694404817216e-20,3.16176152987692e-06,TRUE,FALSE
0107010Z0,Zinc oxide,Soothing haemorrhoidal preparations,secondary_exploratory,all_eligible_drugs,1.058,1.045,1.073,Feb,Jun,"bimodal (2 harmonics, 2 peaks)",0.373,0.298,0.432,poisson,HAC-Wald,7.25029289308245e-25,TRUE,TRUE,3.88567411103636e-20,4.99408184623161e-25,TRUE,FALSE
1304000D0,Betamethasone esters,Topical corticosteroids,secondary_exploratory,all_eligible_drugs,1.058,1.037,1.102,Jun,Nov,unimodal (1 harmonic preferred),0.321,0.395,0.759,negbin,NB-LRT,0.0348126974422016,TRUE,TRUE,0.000772676262857242,0.0268779758485992,TRUE,FALSE
0501030T0,Oxytetracycline,Tetracyclines,secondary_exploratory,all_eligible_drugs,1.057,1.04,1.082,Apr,Sep,"unimodal, non-sinusoidal (2 harmonics, 1 peak)",0.225,0.413,0.981,poisson,HAC-Wald,5.7415635954769e-15,TRUE,TRUE,3.22372888099791e-88,3.96596157361011e-15,TRUE,FALSE
130201000,Other emollient preparations,Emollients,secondary_exploratory,all_eligible_drugs,1.057,1.048,1.074,Apr,Oct,"unimodal, non-sinusoidal (2 harmonics, 1 peak)",0.351,0.395,0.008,poisson,HAC-Wald,5.96909318506606e-26,TRUE,TRUE,4.56697434699239e-18,4.0325085377551e-26,TRUE,FALSE
1001010J0,Ibuprofen,Non-steroidal anti-inflammatory drugs,secondary_exploratory,all_eligible_drugs,1.057,1.039,1.078,Dec,Aug,"bimodal (2 harmonics, 2 peaks)",0.293,0.462,0.965,poisson,HAC-Wald,1.36846000663113e-09,TRUE,TRUE,5.27206392050756e-10,9.47031620755691e-10,TRUE,FALSE
0901011W0,Sodium feredetate,Iron-deficiency anaemias,secondary_exploratory,all_eligible_drugs,1.056,1.036,1.106,Jul,Dec,"unimodal, non-sinusoidal (2 harmonics, 1 peak)",0.488,0.494,0.826,poisson,HAC-Wald,0.0360510971367482,TRUE,TRUE,4.30049447409871e-15,0.0279629735871698,TRUE,FALSE
0501030L0,Lymecycline,Tetracyclines,secondary_exploratory,all_eligible_drugs,1.056,1.036,1.09,Apr,Dec,"bimodal (2 harmonics, 2 peaks)",0.327,0.603,0.882,poisson,HAC-Wald,0.00138660609197036,TRUE,TRUE,3.22372888099791e-88,0.00100149386148538,TRUE,FALSE
0901020N0,Hydroxocobalamin,Drugs used in megaloblastic anaemias,secondary_exploratory,all_eligible_drugs,1.056,1.04,1.081,Jul,Nov,"bimodal (2 harmonics, 2 peaks)",0.424,0.488,0.853,poisson,HAC-Wald,1.36076849514911e-08,TRUE,FALSE,0.368742866068691,,FALSE,FALSE
0902012L0,Sodium chloride,Oral preparation for fluid and electrolyte imbalance,secondary_exploratory,all_eligible_drugs,1.055,1.037,1.092,Aug,Dec,unimodal (1 harmonic preferred),0.102,0.279,0.668,negbin,NB-LRT,0.0107978988529884,TRUE,TRUE,8.65885960246975e-07,0.00810519900212913,TRUE,FALSE
130201100,Emollient bath and shower preparations,Emollients,secondary_exploratory,all_eligible_drugs,1.055,1.036,1.09,Apr,Oct,unimodal (1 harmonic preferred),0.307,0.389,0.929,negbin,NB-LRT,0.0165846972532646,TRUE,TRUE,4.56697434699239e-18,0.0125748769385297,TRUE,FALSE
0409010U0,Cabergoline,Dopaminergic drugs used in parkinsonism,secondary_exploratory,all_eligible_drugs,1.055,1.039,1.096,Jan,May,unimodal (1 harmonic preferred),0.204,0.21,0.741,poisson,HAC-Wald,0.00138660609197036,TRUE,TRUE,0.000377505620594641,0.00100149386148538,TRUE,FALSE
0205051W0,Imidapril hydrochloride,Renin-angiotensin system drugs,secondary_exploratory,all_eligible_drugs,1.055,1.034,1.094,Jan,Apr,"bimodal (2 harmonics, 2 peaks)",-0.03,0.095,0.952,poisson,HAC-Wald,4.79733967271153e-08,TRUE,TRUE,0.0166702504942612,3.44925767227914e-08,TRUE,FALSE
1311030A0,Alkyl sulphate,Cationic surfactants and soaps,secondary_exploratory,all_eligible_drugs,1.054,1.033,1.09,Apr,Jan,"bimodal (2 harmonics, 2 peaks)",0.418,0.493,0.779,poisson,HAC-Wald,0.00186387769677461,TRUE,TRUE,0.00112297682680614,0.00135602916937986,TRUE,FALSE
0803042P0,Triptorelin acetate,Hormone antagonists,secondary_exploratory,all_eligible_drugs,1.053,1.028,1.101,Jan,May,"bimodal (2 harmonics, 2 peaks)",-0.119,0.339,0.679,poisson,HAC-Wald,0.00219401026720269,TRUE,TRUE,0.00341395403142288,0.00159319729902544,TRUE,FALSE
0604011G0,Estradiol,Female sex hormones and their modulators,secondary_exploratory,all_eligible_drugs,1.053,1.036,1.089,Jul,Feb,unimodal (1 harmonic preferred),0.287,0.194,0.962,negbin,NB-LRT,0.0183530546600875,TRUE,TRUE,0.000113754559464022,0.013959053062823,TRUE,FALSE
0304010W0,Promethazine hydrochloride,Antihistamines,secondary_exploratory,all_eligible_drugs,1.052,1.039,1.077,Feb,Jun,"unimodal, non-sinusoidal (2 harmonics, 1 peak)",0.323,0.434,0.939,poisson,HAC-Wald,1.5242573496152e-17,TRUE,TRUE,1.95040709693529e-226,1.05719401609313e-17,TRUE,FALSE
0105020D0,Prednisolone sodium metasulphobenzoate,Corticosteroids,secondary_exploratory,all_eligible_drugs,1.052,1.031,1.094,Aug,Dec,"bimodal (2 harmonics, 2 peaks)",-0.03,0.013,0.905,poisson,Poisson-LRT,0.049212350534617,TRUE,FALSE,0.188917301871277,,FALSE,FALSE
1003020AF,Diclofenac diethyl,"Rubefacients, topical NSAIDs, capsaicin and poultices",secondary_exploratory,all_eligible_drugs,1.051,1.046,1.064,Sep,Jan,"bimodal (2 harmonics, 2 peaks)",0.252,0.208,0.79,poisson,HAC-Wald,6.43509387775736e-45,TRUE,TRUE,1.55919199584476e-59,4.34732214739665e-45,TRUE,FALSE
1003020P0,Ibuprofen,"Rubefacients, topical NSAIDs, capsaicin and poultices",secondary_exploratory,all_eligible_drugs,1.051,1.043,1.067,Sep,Jan,"bimodal (2 harmonics, 2 peaks)",0.25,0.447,0.483,poisson,HAC-Wald,3.03367202845718e-17,TRUE,TRUE,1.55919199584476e-59,2.10267392974828e-17,TRUE,FALSE
0106020P0,Sodium picosulfate,Stimulant laxatives,secondary_exploratory,all_eligible_drugs,1.051,1.033,1.09,Feb,Oct,unimodal (1 harmonic preferred),0.229,0.492,0.812,negbin,NB-LRT,0.0494478215918239,TRUE,TRUE,0.0429708493171327,0.038757964170819,TRUE,FALSE
0401010Y0,Zolpidem tartrate,Hypnotics,secondary_exploratory,all_eligible_drugs,1.05,1.026,1.113,Feb,Sep,"unimodal, non-sinusoidal (2 harmonics, 1 peak)",-0.001,0,0.726,poisson,HAC-Wald,0.0487967649348659,TRUE,TRUE,8.49270687446684e-13,0.0380671545753001,TRUE,FALSE
0401010AC,Sodium oxybate,Hypnotics,secondary_exploratory,all_eligible_drugs,1.05,1.035,1.104,Feb,Jun,unimodal (1 harmonic preferred),0.031,0,0.3,poisson,HAC-Wald,0.0317663729038972,TRUE,TRUE,8.49270687446684e-13,0.0244483742282743,TRUE,FALSE
1104010K0,Fluorometholone,Corticosteroids,secondary_exploratory,all_eligible_drugs,1.05,1.029,1.073,Jun,Feb,"bimodal (2 harmonics, 2 peaks)",0.193,0.18,0.231,poisson,HAC-Wald,2.34576407469444e-06,TRUE,FALSE,0.940393434747381,,FALSE,FALSE
1003020R0,Piroxicam,"Rubefacients, topical NSAIDs, capsaicin and poultices",secondary_exploratory,all_eligible_drugs,1.048,1.041,1.07,Sep,Jan,"bimodal (2 harmonics, 2 peaks)",0.193,0.057,0.671,poisson,HAC-Wald,4.52385266035507e-15,TRUE,TRUE,1.55919199584476e-59,3.12641152134477e-15,TRUE,FALSE
0401010Z0,Zopiclone,Hypnotics,secondary_exploratory,all_eligible_drugs,1.048,1.039,1.066,Jan,Jun,"unimodal, non-sinusoidal (2 harmonics, 1 peak)",0.177,0.364,0.891,poisson,HAC-Wald,5.29164936916092e-40,TRUE,TRUE,8.49270687446684e-13,3.57485142187668e-40,TRUE,FALSE
090101100,Other oral iron preparations,Iron-deficiency anaemias,secondary_exploratory,all_eligible_drugs,1.048,1.03,1.08,Sep,Feb,unimodal (1 harmonic preferred),0.065,0.298,0.722,poisson,Poisson-LRT,0.0112776936711631,TRUE,TRUE,4.30049447409871e-15,0.00848687815100788,TRUE,FALSE
0107010N0,Lidocaine hydrochloride,Soothing haemorrhoidal preparations,secondary_exploratory,all_eligible_drugs,1.047,1.029,1.073,Mar,Jun,"bimodal (2 harmonics, 2 peaks)",0.342,0.516,0.6,poisson,HAC-Wald,2.30541578698684e-05,TRUE,TRUE,3.88567411103636e-20,1.66004450217663e-05,TRUE,FALSE
0703010F0,Combined ethinylestradiol 30mcg,Combined hormonal contraceptives and systems,secondary_exploratory,all_eligible_drugs,1.047,1.035,1.067,Jul,Nov,"bimodal (2 harmonics, 2 peaks)",0.42,0.489,0.967,poisson,HAC-Wald,5.64891744648971e-19,TRUE,TRUE,9.91433051466992e-09,3.92845056144033e-19,TRUE,FALSE
1001010K0,Indometacin,Non-steroidal anti-inflammatory drugs,secondary_exploratory,all_eligible_drugs,1.046,1.031,1.075,Jul,Nov,unimodal (1 harmonic preferred),0.119,0.346,0.929,negbin,NB-LRT,0.0136013302347057,TRUE,TRUE,5.27206392050756e-10,0.0102577947186558,TRUE,FALSE
0302000N0,Fluticasone propionate (Inhalation),Corticosteroids (respiratory),secondary_exploratory,all_eligible_drugs,1.046,1.029,1.066,Dec,Aug,"bimodal (2 harmonics, 2 peaks)",0.215,0.11,0.972,poisson,HAC-Wald,3.24643975583586e-05,TRUE,TRUE,5.7573277320653e-30,2.34708741164559e-05,TRUE,FALSE
0501080D0,Co-trimoxazole(Trimethoprim/sulfamethoxazole),Sulfonamides and trimethoprim,secondary_exploratory,all_eligible_drugs,1.046,1.035,1.063,Dec,Aug,"bimodal (2 harmonics, 2 peaks)",0.132,0.102,0.947,poisson,HAC-Wald,3.51744723719635e-10,TRUE,TRUE,0.000378108884704967,2.43719294695435e-10,TRUE,FALSE
0211000P0,Tranexamic acid,Antifibrinolytic drugs and haemostatics,secondary_exploratory,all_eligible_drugs,1.046,1.034,1.061,Aug,Dec,"bimodal (2 harmonics, 2 peaks)",0.566,0.483,0.812,poisson,HAC-Wald,1.92356725116613e-11,TRUE,TRUE,1.08614266312091e-11,1.32312126322512e-11,TRUE,FALSE
0302000U0,Ciclesonide,Corticosteroids (respiratory),secondary_exploratory,all_eligible_drugs,1.045,1.033,1.062,Dec,Aug,"bimodal (2 harmonics, 2 peaks)",0.101,0.343,0.849,poisson,HAC-Wald,8.98300250235086e-13,TRUE,TRUE,5.7573277320653e-30,6.18997121096284e-13,TRUE,FALSE
0803042N0,Leuprorelin acetate,Hormone antagonists,secondary_exploratory,all_eligible_drugs,1.042,1.022,1.068,Feb,Oct,"bimodal (2 harmonics, 2 peaks)",0.405,0.367,0.849,poisson,HAC-Wald,0.00682516532937249,TRUE,TRUE,0.00341395403142288,0.00505171783645685,TRUE,FALSE
0402010J0,Haloperidol,Antipsychotic drugs,secondary_exploratory,all_eligible_drugs,1.041,1.032,1.055,Dec,Aug,"unimodal, non-sinusoidal (2 harmonics, 1 peak)",0.072,0.316,0.642,poisson,HAC-Wald,7.61333265605242e-12,TRUE,TRUE,0.00313994020549551,5.2422082421255e-12,TRUE,FALSE
0204000I0,Labetalol hydrochloride,Beta-adrenoceptor blocking drugs,secondary_exploratory,all_eligible_drugs,1.041,1.035,1.055,Apr,Sep,"bimodal (2 harmonics, 2 peaks)",0.171,0.171,0.782,poisson,HAC-Wald,2.05474022557296e-18,TRUE,TRUE,0.0081054061707156,1.42834499685025e-18,TRUE,FALSE
0402020Z0,Zuclopenthixol decanoate,Antipsychotic depot injections,secondary_exploratory,all_eligible_drugs,1.039,1.028,1.061,Jan,Sep,unimodal (1 harmonic preferred),0.248,0.377,0.647,poisson,HAC-Wald,3.8837878599834e-05,TRUE,TRUE,0.000230107269456129,2.82091030734145e-05,TRUE,FALSE
0703010E0,Combined ethinylestradiol 20mcg,Combined hormonal contraceptives and systems,secondary_exploratory,all_eligible_drugs,1.039,1.023,1.063,Jul,Nov,"unimodal, non-sinusoidal (2 harmonics, 1 peak)",0.441,0.448,0.905,poisson,HAC-Wald,0.00990103055666749,TRUE,TRUE,9.91433051466992e-09,0.00741257316178592,TRUE,FALSE
0301011U0,Salmeterol,Adrenoceptor agonists,secondary_exploratory,all_eligible_drugs,1.038,1.031,1.058,Nov,Aug,"bimodal (2 harmonics, 2 peaks)",0.092,0.268,0.992,poisson,HAC-Wald,3.31859365138886e-15,TRUE,TRUE,2.96694404817216e-20,2.29406244675541e-15,TRUE,FALSE
0406000F0,Cyclizine hydrochloride,Drugs used in nausea and vertigo,secondary_exploratory,all_eligible_drugs,1.038,1.027,1.059,Dec,May,"unimodal, non-sinusoidal (2 harmonics, 1 peak)",0.072,0.321,0.758,poisson,HAC-Wald,1.33014658893284e-15,TRUE,TRUE,4.48078666131178e-09,9.20787712728192e-16,TRUE,FALSE
0803043N0,Octreotide acetate,Hormone antagonists,secondary_exploratory,all_eligible_drugs,1.038,1.033,1.087,Jan,Sep,unimodal (1 harmonic preferred),-0.039,0.197,0.891,poisson,HAC-Wald,0.00249647851789927,TRUE,TRUE,0.00341395403142288,0.00181852223223317,TRUE,FALSE
0704020G0,Flavoxate hydrochloride,Drugs for urinary frequency enuresis and incontinence,secondary_exploratory,all_eligible_drugs,1.037,1.021,1.07,Nov,Mar,unimodal (1 harmonic preferred),-0.016,0,0.913,poisson,HAC-Wald,0.0356769724728439,TRUE,FALSE,0.102138015457376,,FALSE,FALSE
0105010C0,Olsalazine sodium,Aminosalicylates,secondary_exploratory,all_eligible_drugs,1.036,1.025,1.074,Jul,Mar,unimodal (1 harmonic preferred),-0.08,0,0.822,poisson,HAC-Wald,0.010564156785516,TRUE,FALSE,0.351348375932707,,FALSE,FALSE
0406000S0,Ondansetron hydrochloride,Drugs used in nausea and vertigo,secondary_exploratory,all_eligible_drugs,1.036,1.017,1.069,Dec,Apr,"bimodal (2 harmonics, 2 peaks)",-0.01,0.259,0.885,poisson,HAC-Wald,0.0428835223589691,TRUE,TRUE,4.48078666131178e-09,0.0332335332644586,TRUE,FALSE
0106040N0,Phosphates (Rectal),Osmotic laxatives,secondary_exploratory,all_eligible_drugs,1.035,1.025,1.068,Aug,Apr,"bimodal (2 harmonics, 2 peaks)",0.169,0.095,0.527,poisson,HAC-Wald,2.24666542902674e-05,TRUE,FALSE,0.411692559020789,,FALSE,FALSE
1001010P0,Naproxen,Non-steroidal anti-inflammatory drugs,secondary_exploratory,all_eligible_drugs,1.035,1.031,1.055,Aug,Dec,"bimodal (2 harmonics, 2 peaks)",0.189,0.165,0,poisson,HAC-Wald,1.09973558340146e-15,TRUE,TRUE,5.27206392050756e-10,7.61751190758859e-16,TRUE,FALSE
0202020L0,Furosemide,Loop diuretics,secondary_exploratory,all_eligible_drugs,1.035,1.028,1.051,Jul,Feb,"unimodal, non-sinusoidal (2 harmonics, 1 peak)",0.027,0,0,poisson,HAC-Wald,4.80119964830294e-49,TRUE,TRUE,1.23408769764989e-38,3.24352091230322e-49,TRUE,FALSE
0406000T0,Prochlorperazine maleate,Drugs used in nausea and vertigo,secondary_exploratory,all_eligible_drugs,1.035,1.024,1.051,Sep,May,"bimodal (2 harmonics, 2 peaks)",0.165,0.382,0.193,poisson,HAC-Wald,2.16022856702504e-08,TRUE,TRUE,4.48078666131178e-09,1.53504537522664e-08,TRUE,FALSE
1003020I0,Diethylamine salicylate,"Rubefacients, topical NSAIDs, capsaicin and poultices",secondary_exploratory,all_eligible_drugs,1.034,1.025,1.064,May,Jan,"bimodal (2 harmonics, 2 peaks)",0.071,0.132,0.972,poisson,HAC-Wald,0.0139094155455506,TRUE,TRUE,1.55919199584476e-59,0.0105161735186377,TRUE,FALSE
1108010D0,Carmellose sodium,"Tear deficiency, eye lubricant and astringent",secondary_exploratory,all_eligible_drugs,1.034,1.023,1.061,Jul,Feb,"unimodal, non-sinusoidal (2 harmonics, 1 peak)",0.03,0.27,0.896,poisson,HAC-Wald,3.5926891040689e-08,TRUE,FALSE,0.402879512529337,,FALSE,FALSE
0803042W0,Triptorelin,Hormone antagonists,secondary_exploratory,all_eligible_drugs,1.034,1.02,1.058,Feb,Oct,"unimodal, non-sinusoidal (2 harmonics, 1 peak)",0.241,0.422,0.868,poisson,HAC-Wald,8.99733355043271e-05,TRUE,TRUE,0.00341395403142288,6.51484237909309e-05,TRUE,FALSE
100302010,Ketoprofen,"Rubefacients, topical NSAIDs, capsaicin and poultices",secondary_exploratory,all_eligible_drugs,1.034,1.026,1.056,Apr,Jan,"bimodal (2 harmonics, 2 peaks)",0.049,0.053,0,poisson,HAC-Wald,2.14183104504469e-05,TRUE,TRUE,1.55919199584476e-59,1.53411079429341e-05,TRUE,FALSE
1203010K0,Choline salicylate,Drugs for oral ulceration and inflammation,secondary_exploratory,all_eligible_drugs,1.034,1.027,1.08,Aug,Jan,unimodal (1 harmonic preferred),0.129,0.065,0.289,poisson,HAC-Wald,0.0136749718691468,TRUE,TRUE,2.42048686581937e-22,0.0103429107162257,TRUE,FALSE
0601011A0,Insulin aspart,Insulin,secondary_exploratory,all_eligible_drugs,1.033,1.019,1.05,Jun,Sep,"bimodal (2 harmonics, 2 peaks)",0.029,0.22,0.89,poisson,HAC-Wald,0.00152792085264017,TRUE,TRUE,0.0233801524823976,0.00111233520559566,TRUE,FALSE
0301011E0,Formoterol fumarate,Adrenoceptor agonists,secondary_exploratory,all_eligible_drugs,1.033,1.019,1.057,Dec,Aug,"bimodal (2 harmonics, 2 peaks)",-0.019,0,0.983,poisson,HAC-Wald,0.00160330809293173,TRUE,TRUE,2.96694404817216e-20,0.00116683537362484,TRUE,FALSE
0401010AD,Melatonin,Hypnotics,secondary_exploratory,all_eligible_drugs,1.033,1.027,1.045,Jan,Aug,"unimodal, non-sinusoidal (2 harmonics, 1 peak)",0.351,0.298,0.978,poisson,HAC-Wald,3.68534278045946e-23,TRUE,TRUE,8.49270687446684e-13,2.53495446657402e-23,TRUE,FALSE
0601023Z0,Metformin hydrochloride/vildagliptin,Antidiabetic drugs,secondary_exploratory,all_eligible_drugs,1.033,1.017,1.063,Dec,Apr,unimodal (1 harmonic preferred),-0.085,0.182,0.961,poisson,HAC-Wald,0.000839427896985927,TRUE,FALSE,0.870182495394554,,FALSE,FALSE
1002020J0,Dantrolene sodium,Skeletal muscle relaxants,secondary_exploratory,all_eligible_drugs,1.032,1.022,1.046,Dec,Mar,"bimodal (2 harmonics, 2 peaks)",-0.01,0.05,0.393,poisson,HAC-Wald,2.6086671181129e-11,TRUE,FALSE,0.108400217093321,,FALSE,FALSE
0601011L0,Insulin Lispro,Insulin,secondary_exploratory,all_eligible_drugs,1.032,1.023,1.049,Dec,Sep,"bimodal (2 harmonics, 2 peaks)",0.051,0,0.473,poisson,HAC-Wald,4.36342341539606e-06,TRUE,TRUE,0.0233801524823976,3.14299162177018e-06,TRUE,FALSE
0503021A0,Valaciclovir,Herpesvirus infections,secondary_exploratory,all_eligible_drugs,1.032,1.017,1.059,Dec,Mar,"bimodal (2 harmonics, 2 peaks)",-0.147,0.022,0.913,poisson,HAC-Wald,0.0259247707073036,TRUE,FALSE,0.0771200863996355,,FALSE,FALSE
0207020Y0,Midodrine hydrochloride,Vasoconstrictor sympathomimetics,secondary_exploratory,all_eligible_drugs,1.032,1.019,1.053,Nov,Apr,"unimodal, non-sinusoidal (2 harmonics, 1 peak)",-0.1,0.16,0.988,poisson,HAC-Wald,4.10691454516186e-05,TRUE,TRUE,2.31390842922359e-05,2.98059112287887e-05,TRUE,FALSE
0205040S0,Prazosin hydrochloride,Alpha-adrenoceptor blocking drugs,secondary_exploratory,all_eligible_drugs,1.031,1.019,1.061,Jan,Aug,unimodal (1 harmonic preferred),0.088,0.308,0.982,poisson,HAC-Wald,0.0336230435926465,TRUE,TRUE,0.00111675606659756,0.0259288625465822,TRUE,FALSE
0205052AB,Olmesartan medoxomil/amlodipine,Renin-angiotensin system drugs,secondary_exploratory,all_eligible_drugs,1.031,1.022,1.053,May,Sep,unimodal (1 harmonic preferred),0.031,0.002,0.697,poisson,HAC-Wald,0.001086444735005,TRUE,TRUE,0.0166702504942612,0.000786640511587676,TRUE,FALSE
0202040B0,Co-amilofruse (Amiloride hydrochloride/frusemide),Potassium sparing diuretics and compounds,secondary_exploratory,all_eligible_drugs,1.03,1.019,1.05,Oct,Feb,"unimodal, non-sinusoidal (2 harmonics, 1 peak)",-0.082,0.212,0.978,poisson,HAC-Wald,0.0077555124915033,TRUE,TRUE,0.0115413382112734,0.00573053942117944,TRUE,FALSE
0601011P0,Insulin glulisine,Insulin,secondary_exploratory,all_eligible_drugs,1.029,1.018,1.048,Dec,Aug,"bimodal (2 harmonics, 2 peaks)",-0.028,0.227,0.871,poisson,HAC-Wald,0.0010716054132084,TRUE,TRUE,0.0233801524823976,0.000776145892738713,TRUE,FALSE
1104010I0,Dexamethasone,Corticosteroids,secondary_exploratory,all_eligible_drugs,1.029,1.02,1.055,Aug,Jan,"unimodal, non-sinusoidal (2 harmonics, 1 peak)",0.176,0.09,0.04,poisson,HAC-Wald,0.0327296092476448,TRUE,FALSE,0.940393434747381,,FALSE,FALSE
0202020D0,Bumetanide,Loop diuretics,secondary_exploratory,all_eligible_drugs,1.029,1.017,1.056,Jun,Feb,"unimodal, non-sinusoidal (2 harmonics, 1 peak)",-0.07,0,0.167,poisson,HAC-Wald,0.0400529069795604,TRUE,TRUE,1.23408769764989e-38,0.0310882933024103,TRUE,FALSE
0407010H0,Paracetamol,Non-opioid analgesics and compound preparations,secondary_exploratory,all_eligible_drugs,1.029,1.025,1.039,Dec,Aug,"bimodal (2 harmonics, 2 peaks)",-0.078,0,0.343,poisson,HAC-Wald,2.7841565208353e-21,TRUE,TRUE,8.43977774190808e-06,1.91171187639271e-21,TRUE,FALSE
0208020H0,Acenocoumarol,Oral anticoagulants,secondary_exploratory,all_eligible_drugs,1.028,1.018,1.052,Dec,Apr,unimodal (1 harmonic preferred),0.149,0.04,0.872,poisson,HAC-Wald,0.00190963299394851,TRUE,TRUE,0.00531800462558879,0.00138798850888442,TRUE,FALSE
0407010P0,Nefopam hydrochloride,Non-opioid analgesics and compound preparations,secondary_exploratory,all_eligible_drugs,1.028,1.022,1.047,May,Dec,"unimodal, non-sinusoidal (2 harmonics, 1 peak)",0.084,0.135,0.99,poisson,HAC-Wald,7.92683649232569e-06,TRUE,TRUE,8.43977774190808e-06,5.69402056772055e-06,TRUE,FALSE
0901020D0,Cyanocobalamin,Drugs used in megaloblastic anaemias,secondary_exploratory,all_eligible_drugs,1.028,1.02,1.041,Sep,Mar,"unimodal, non-sinusoidal (2 harmonics, 1 peak)",0.017,0.184,0.974,poisson,HAC-Wald,6.87229823925818e-09,TRUE,FALSE,0.368742866068691,,FALSE,FALSE
0409030C0,Tetrabenazine,"Essential tremor,chorea,tics and related disorders",secondary_exploratory,all_eligible_drugs,1.028,1.016,1.063,Dec,Apr,unimodal (1 harmonic preferred),-0.002,0.213,0.229,poisson,HAC-Wald,0.00256042557797707,TRUE,FALSE,0.289865436190808,,FALSE,FALSE
0504010Y0,Quinine sulfate,Antimalarials,secondary_exploratory,all_eligible_drugs,1.027,1.021,1.044,Sep,Mar,"unimodal, non-sinusoidal (2 harmonics, 1 peak)",-0.069,0.195,0.887,poisson,HAC-Wald,5.09221657660029e-15,TRUE,TRUE,8.77920094479552e-14,3.51830625427326e-15,TRUE,FALSE
0408010Z0,Phenytoin,Control of epilepsy,secondary_exploratory,all_eligible_drugs,1.027,1.015,1.051,Dec,Aug,unimodal (1 harmonic preferred),-0.22,0.019,0.808,poisson,HAC-Wald,0.0109528815458843,TRUE,TRUE,0.0462428934317855,0.00821849948557233,TRUE,FALSE
0901011P0,Ferrous sulfate,Iron-deficiency anaemias,secondary_exploratory,all_eligible_drugs,1.027,1.021,1.043,Jul,Jan,"unimodal, non-sinusoidal (2 harmonics, 1 peak)",0.081,0.225,0.896,poisson,HAC-Wald,3.12978939466313e-13,TRUE,TRUE,4.30049447409871e-15,2.1579705407306e-13,TRUE,FALSE
0406000P0,Metoclopramide hydrochloride,Drugs used in nausea and vertigo,secondary_exploratory,all_eligible_drugs,1.027,1.02,1.041,Nov,May,unimodal (1 harmonic preferred),-0.033,0,0.827,poisson,HAC-Wald,7.72599501221913e-09,TRUE,TRUE,4.48078666131178e-09,5.46406917525495e-09,TRUE,FALSE
0702010F0,Estriol,Preparations for vaginal and vulval changes,secondary_exploratory,all_eligible_drugs,1.027,1.021,1.058,Oct,Mar,"unimodal, non-sinusoidal (2 harmonics, 1 peak)",-0.026,0,0.966,poisson,HAC-Wald,0.00259636613873336,TRUE,FALSE,0.380896625937797,,FALSE,FALSE
0304010Y0,Alimemazine tartrate,Antihistamines,secondary_exploratory,all_eligible_drugs,1.026,1.018,1.043,Dec,Sep,unimodal (1 harmonic preferred),0.162,0.37,0.838,poisson,HAC-Wald,0.00283455135720356,TRUE,TRUE,1.95040709693529e-226,0.00208751239273535,TRUE,FALSE
0411000G0,Memantine hydrochloride,Dementia,secondary_exploratory,all_eligible_drugs,1.026,1.015,1.049,Nov,Mar,"bimodal (2 harmonics, 2 peaks)",-0.118,0,0.938,poisson,HAC-Wald,2.4665349003518e-05,TRUE,TRUE,3.28476791770192e-10,1.77540709417006e-05,TRUE,FALSE
0601023AU,Ins degludec/liraglutide,Antidiabetic drugs,secondary_exploratory,all_eligible_drugs,1.026,1.018,1.049,May,Sep,unimodal (1 harmonic preferred),0.058,0.31,0.983,poisson,HAC-Wald,0.00899572923950646,TRUE,FALSE,0.870182495394554,,FALSE,FALSE
0403030Z0,Citalopram hydrochloride,Selective serotonin re-uptake inhibitors,secondary_exploratory,all_eligible_drugs,1.026,1.017,1.045,Nov,Apr,unimodal (1 harmonic preferred),-0.127,0.12,0.658,poisson,HAC-Wald,0.000166117342330208,TRUE,TRUE,0.000373686698569591,0.000120024609091213,TRUE,FALSE
0303020G0,Montelukast,Leukotriene receptor antagonists,secondary_exploratory,all_eligible_drugs,1.025,1.02,1.035,Dec,Sep,"bimodal (2 harmonics, 2 peaks)",0.008,0,0.775,poisson,HAC-Wald,5.07165482060518e-10,TRUE,TRUE,2.73709047581924e-10,3.51333843931144e-10,TRUE,FALSE
0208020V0,Warfarin sodium,Oral anticoagulants,secondary_exploratory,all_eligible_drugs,1.025,1.016,1.041,Nov,Mar,"bimodal (2 harmonics, 2 peaks)",-0.041,0.143,0.978,poisson,HAC-Wald,1.09294090257334e-05,TRUE,TRUE,0.00531800462558879,7.84212662617795e-06,TRUE,FALSE
0603020J0,Hydrocortisone,Glucocorticoid therapy,secondary_exploratory,all_eligible_drugs,1.025,1.015,1.045,Dec,Mar,"bimodal (2 harmonics, 2 peaks)",-0.077,0.192,0.807,poisson,HAC-Wald,1.77141074206485e-05,TRUE,TRUE,7.99962161406946e-42,1.26922996048017e-05,TRUE,FALSE
0205051F0,Captopril,Renin-angiotensin system drugs,secondary_exploratory,all_eligible_drugs,1.025,1.016,1.039,Nov,Aug,"bimodal (2 harmonics, 2 peaks)",-0.029,0.113,0.958,poisson,HAC-Wald,0.00027154888876601,TRUE,TRUE,0.0166702504942612,0.000196825316427399,TRUE,FALSE
0906040G0,Colecalciferol,Vitamin D,secondary_exploratory,all_eligible_drugs,1.024,1.018,1.041,Apr,Aug,"unimodal, non-sinusoidal (2 harmonics, 1 peak)",-0.075,0,0.563,poisson,HAC-Wald,3.23757443346843e-19,TRUE,TRUE,7.68734419904648e-19,2.25248022354859e-19,TRUE,FALSE
0408010AF,Rufinamide,Control of epilepsy,secondary_exploratory,all_eligible_drugs,1.024,1.017,1.061,Dec,Mar,unimodal (1 harmonic preferred),-0.015,0.252,0.261,poisson,HAC-Wald,0.00905675813082074,TRUE,TRUE,0.0462428934317855,0.00675625410924538,TRUE,FALSE
0103010H0,Famotidine,H2-receptor antagonists,secondary_exploratory,all_eligible_drugs,1.024,1.016,1.039,Nov,Apr,"unimodal, non-sinusoidal (2 harmonics, 1 peak)",-0.092,0,0.994,poisson,HAC-Wald,0.000119502843347135,TRUE,TRUE,5.45997117848395e-06,8.6435784593539e-05,TRUE,FALSE
0104020L0,Loperamide hydrochloride,Antimotility drugs,secondary_exploratory,all_eligible_drugs,1.024,1.016,1.041,Jul,Mar,"unimodal, non-sinusoidal (2 harmonics, 1 peak)",-0.096,0.174,0.062,poisson,HAC-Wald,8.33864633871018e-06,TRUE,TRUE,2.18265840235112e-06,5.98759024031905e-06,TRUE,FALSE
0409010Z0,Rotigotine,Dopaminergic drugs used in parkinsonism,secondary_exploratory,all_eligible_drugs,1.023,1.012,1.047,Nov,Mar,"bimodal (2 harmonics, 2 peaks)",-0.184,0,0.138,poisson,HAC-Wald,0.000698418811857806,TRUE,TRUE,0.000377505620594641,0.000505020947432847,TRUE,FALSE
0307000J0,Carbocisteine,Mucolytics,secondary_exploratory,all_eligible_drugs,1.023,1.018,1.032,Dec,Aug,"bimodal (2 harmonics, 2 peaks)",-0.151,0,0.886,poisson,HAC-Wald,2.5507297122838e-13,TRUE,TRUE,3.00197132384098e-16,1.75946044111343e-13,TRUE,FALSE
0801030P0,Methotrexate,Antimetabolites,secondary_exploratory,all_eligible_drugs,1.023,1.013,1.04,Jun,Feb,unimodal (1 harmonic preferred),-0.011,0.26,0.762,poisson,HAC-Wald,0.0400529069795604,TRUE,FALSE,0.769739487426067,,FALSE,FALSE
0603010I0,Fludrocortisone acetate,Replacement therapy,secondary_exploratory,all_eligible_drugs,1.023,1.016,1.04,Dec,Apr,"unimodal, non-sinusoidal (2 harmonics, 1 peak)",-0.131,0,0.855,poisson,HAC-Wald,1.9252947216715e-08,TRUE,TRUE,9.66381106018091e-09,1.36911696407635e-08,TRUE,FALSE
0410030A0,Buprenorphine hydrochloride,Opioid dependence,secondary_exploratory,all_eligible_drugs,1.023,1.015,1.04,May,Aug,"bimodal (2 harmonics, 2 peaks)",-0.011,0.158,0.599,poisson,HAC-Wald,0.00656100884286513,TRUE,TRUE,0.00172848088230961,0.00485960376404689,TRUE,FALSE
1108010C0,Acetylcysteine,"Tear deficiency, eye lubricant and astringent",secondary_exploratory,all_eligible_drugs,1.022,1.016,1.045,Aug,Mar,unimodal (1 harmonic preferred),0.126,0.23,0.143,poisson,HAC-Wald,0.0050327864903434,TRUE,FALSE,0.402879512529337,,FALSE,FALSE
0304010J0,Hydroxyzine hydrochloride,Antihistamines,secondary_exploratory,all_eligible_drugs,1.022,1.014,1.038,Jan,Sep,unimodal (1 harmonic preferred),-0.137,0,0.533,poisson,HAC-Wald,0.00139619614808221,TRUE,TRUE,1.95040709693529e-226,0.00100812132060677,TRUE,FALSE
0901011F0,Ferrous fumarate,Iron-deficiency anaemias,secondary_exploratory,all_eligible_drugs,1.022,1.016,1.044,Jul,Feb,"unimodal, non-sinusoidal (2 harmonics, 1 peak)",0.023,0,0.553,poisson,HAC-Wald,0.00214792101651074,TRUE,TRUE,4.30049447409871e-15,0.00156069519044081,TRUE,FALSE
0205052V0,Valsartan,Renin-angiotensin system drugs,secondary_exploratory,all_eligible_drugs,1.022,1.014,1.037,Nov,Feb,"bimodal (2 harmonics, 2 peaks)",-0.125,0.119,0.617,poisson,HAC-Wald,0.0198987559232161,TRUE,TRUE,0.0166702504942612,0.0151686739925809,TRUE,FALSE
0206020A0,Amlodipine,Calcium-channel blockers,secondary_exploratory,all_eligible_drugs,1.021,1.016,1.033,Apr,Aug,"unimodal, non-sinusoidal (2 harmonics, 1 peak)",-0.119,0,0.788,poisson,HAC-Wald,3.40432000534839e-18,TRUE,TRUE,3.20982104870482e-14,2.36462254008307e-18,TRUE,FALSE
0411000D0,Donepezil hydrochloride,Dementia,secondary_exploratory,all_eligible_drugs,1.021,1.014,1.037,Nov,Mar,"unimodal, non-sinusoidal (2 harmonics, 1 peak)",-0.102,0.037,0.359,poisson,HAC-Wald,9.11245398754674e-13,TRUE,TRUE,3.28476791770192e-10,6.27795409917247e-13,TRUE,FALSE
0106040G0,Lactulose,Osmotic laxatives,secondary_exploratory,all_eligible_drugs,1.021,1.016,1.041,Jan,Jun,"unimodal, non-sinusoidal (2 harmonics, 1 peak)",-0.039,0.009,0.248,poisson,HAC-Wald,0.00147410343436884,TRUE,FALSE,0.411692559020789,,FALSE,FALSE
0803041C0,Exemestane,Hormone antagonists,secondary_exploratory,all_eligible_drugs,1.021,1.011,1.041,Dec,Mar,"bimodal (2 harmonics, 2 peaks)",-0.097,0,0.759,poisson,HAC-Wald,0.022413669789863,TRUE,TRUE,0.00341395403142288,0.0171408122388482,TRUE,FALSE
0501130H0,Methenamine hippurate,Urinary-tract infections,secondary_exploratory,all_eligible_drugs,1.021,1.011,1.039,Dec,Apr,"bimodal (2 harmonics, 2 peaks)",-0.163,0,0.996,poisson,HAC-Wald,0.00313713045991835,TRUE,TRUE,2.05997052646044e-07,0.00230712367720037,TRUE,FALSE
0106020M0,Senna,Stimulant laxatives,secondary_exploratory,all_eligible_drugs,1.021,1.011,1.039,Nov,Mar,"unimodal, non-sinusoidal (2 harmonics, 1 peak)",-0.132,0.147,0.598,poisson,HAC-Wald,0.00719473290750707,TRUE,TRUE,0.0429708493171327,0.00531976799290539,TRUE,FALSE
0409010V0,Entacapone,Dopaminergic drugs used in parkinsonism,secondary_exploratory,all_eligible_drugs,1.02,1.012,1.043,Dec,Mar,"bimodal (2 harmonics, 2 peaks)",-0.113,0.015,0.496,poisson,HAC-Wald,0.0267365411106122,TRUE,TRUE,0.000377505620594641,0.0205252987338796,TRUE,FALSE
0601060D0,Glucose blood testing reagents,Diabetic diagnostic and monitoring agents,secondary_exploratory,all_eligible_drugs,1.02,1.017,1.033,Aug,Dec,"unimodal, non-sinusoidal (2 harmonics, 1 peak)",-0.048,0.126,0.907,poisson,HAC-Wald,3.31859365138886e-15,TRUE,TRUE,1.14226798562315e-07,2.29406244675541e-15,TRUE,FALSE
0410030C0,Methadone hydrochloride,Opioid dependence,secondary_exploratory,all_eligible_drugs,1.02,1.013,1.037,May,Sep,"bimodal (2 harmonics, 2 peaks)",-0.046,0.143,0.891,poisson,HAC-Wald,0.00614119456699056,TRUE,TRUE,0.00172848088230961,0.0045366676714348,TRUE,FALSE
0301020S0,Glycopyrronium bromide,Antimuscarinic bronchodilators,secondary_exploratory,all_eligible_drugs,1.02,1.012,1.041,Dec,Apr,"bimodal (2 harmonics, 2 peaks)",-0.1,0.159,0.994,poisson,HAC-Wald,0.0215057553041582,TRUE,TRUE,8.45914240039922e-05,0.0163626951559693,TRUE,FALSE
0901011H0,Ferrous gluconate,Iron-deficiency anaemias,secondary_exploratory,all_eligible_drugs,1.02,1.014,1.041,Aug,Jan,unimodal (1 harmonic preferred),0.072,0.009,0.136,poisson,HAC-Wald,0.0146681133221326,TRUE,TRUE,4.30049447409871e-15,0.0110688534823075,TRUE,FALSE
0406000J0,Domperidone,Drugs used in nausea and vertigo,secondary_exploratory,all_eligible_drugs,1.02,1.013,1.045,Dec,Aug,"bimodal (2 harmonics, 2 peaks)",-0.087,0,0.917,poisson,HAC-Wald,0.0296559711288308,TRUE,TRUE,4.48078666131178e-09,0.022859908666964,TRUE,FALSE
0403040U0,Reboxetine,Other antidepressant drugs,secondary_exploratory,all_eligible_drugs,1.02,1.014,1.041,Apr,Aug,unimodal (1 harmonic preferred),-0.156,0.108,0.637,poisson,HAC-Wald,0.000114384608098442,TRUE,TRUE,3.16743876105447e-08,8.27636255048748e-05,TRUE,FALSE
0403010R0,Lofepramine hydrochloride,Tricyclic and related antidepressant drugs,secondary_exploratory,all_eligible_drugs,1.019,1.013,1.033,Nov,Jul,"bimodal (2 harmonics, 2 peaks)",-0.074,0.198,0.956,poisson,HAC-Wald,0.000145567396243245,TRUE,TRUE,5.81617035616975e-09,0.000105250583562656,TRUE,FALSE
0802020T0,Tacrolimus,Corticosteroids and other immunosuppressants,secondary_exploratory,all_eligible_drugs,1.019,1.013,1.037,Dec,Apr,unimodal (1 harmonic preferred),-0.108,0,0.882,poisson,HAC-Wald,0.00953559228402705,TRUE,FALSE,0.189539192211055,,FALSE,FALSE
0404000R0,Modafinil,CNS stimulants and drugs used for ADHD,secondary_exploratory,all_eligible_drugs,1.019,1.01,1.036,Jun,Mar,"bimodal (2 harmonics, 2 peaks)",-0.155,0,0,poisson,HAC-Wald,0.00950046296717277,TRUE,TRUE,0.0251947058398018,0.00707411165449423,TRUE,FALSE
0601012D0,Biphasic isophane insulin,Insulin,secondary_exploratory,all_eligible_drugs,1.019,1.011,1.036,Nov,Mar,"bimodal (2 harmonics, 2 peaks)",-0.125,0.162,0.59,poisson,HAC-Wald,0.00948531712214197,TRUE,TRUE,0.0233801524823976,0.00706579513451305,TRUE,FALSE
0601012S0,Isophane insulin,Insulin,secondary_exploratory,all_eligible_drugs,1.019,1.012,1.039,Dec,Mar,"bimodal (2 harmonics, 2 peaks)",-0.162,0,0,poisson,HAC-Wald,4.02864497821381e-05,TRUE,TRUE,0.0233801524823976,2.92494896026161e-05,TRUE,FALSE
0407020A0,Fentanyl,Opioid analgesics,secondary_exploratory,all_eligible_drugs,1.019,1.01,1.036,Jul,Mar,"unimodal, non-sinusoidal (2 harmonics, 1 peak)",-0.101,0.187,0.968,poisson,HAC-Wald,0.0218031576491232,TRUE,FALSE,0.272633294918465,,FALSE,FALSE
0202010P0,Indapamide,Thiazides and related diuretics,secondary_exploratory,all_eligible_drugs,1.019,1.015,1.029,May,Sep,"bimodal (2 harmonics, 2 peaks)",-0.1,0,0.722,poisson,HAC-Wald,8.17574825235135e-11,TRUE,TRUE,0.00190095196630072,5.66859536506647e-11,TRUE,FALSE
0409010N0,Co-careldopa (Carbidopa/levodopa),Dopaminergic drugs used in parkinsonism,secondary_exploratory,all_eligible_drugs,1.019,1.011,1.037,Nov,Mar,"bimodal (2 harmonics, 2 peaks)",-0.141,0,0.702,poisson,HAC-Wald,0.000157478965540741,TRUE,TRUE,0.000377505620594641,0.000113822893653462,TRUE,FALSE
0403040X0,Mirtazapine,Other antidepressant drugs,secondary_exploratory,all_eligible_drugs,1.018,1.015,1.035,Jan,Jul,"unimodal, non-sinusoidal (2 harmonics, 1 peak)",-0.109,0,0.701,poisson,HAC-Wald,2.87129739239357e-15,TRUE,TRUE,3.16743876105447e-08,1.98593156400664e-15,TRUE,FALSE
0301020Q0,Tiotropium bromide,Antimuscarinic bronchodilators,secondary_exploratory,all_eligible_drugs,1.018,1.012,1.033,Dec,Aug,"bimodal (2 harmonics, 2 peaks)",-0.138,0.159,0.979,poisson,HAC-Wald,0.0063889802038928,TRUE,TRUE,8.45914240039922e-05,0.00471807988687076,TRUE,FALSE
0102000T0,Peppermint oil,Antispasmodics and other drugs altering gut motility,secondary_exploratory,all_eligible_drugs,1.018,1.014,1.036,Sep,Jan,"unimodal, non-sinusoidal (2 harmonics, 1 peak)",-0.101,0,0,poisson,HAC-Wald,3.04400476893492e-05,TRUE,FALSE,0.0936735611860228,,FALSE,FALSE
0407042Q0,Pizotifen malate,Antimigraine drugs,secondary_exploratory,all_eligible_drugs,1.018,1.014,1.03,May,Aug,"bimodal (2 harmonics, 2 peaks)",0.01,0.203,0.141,poisson,HAC-Wald,1.60323018379721e-09,TRUE,FALSE,0.745226127019671,,FALSE,FALSE
0704010V0,Tamsulosin and dutasteride hydrochloride,Drugs for urinary retention,secondary_exploratory,all_eligible_drugs,1.018,1.01,1.036,Nov,Feb,"bimodal (2 harmonics, 2 peaks)",-0.168,0,0.615,poisson,HAC-Wald,0.0201526857651018,TRUE,TRUE,4.29924047279809e-07,0.0153563579781435,TRUE,FALSE
090607000,Other multivitamin preparations,Multivitamin preparations,secondary_exploratory,all_eligible_drugs,1.018,1.013,1.032,Dec,Jul,"unimodal, non-sinusoidal (2 harmonics, 1 peak)",-0.076,0.01,0.889,poisson,HAC-Wald,0.000956878867574145,TRUE,TRUE,0.00214384731978948,0.000693503973031325,TRUE,FALSE
0703021Q0,Desogestrel,Progestogen-only contraceptives,secondary_exploratory,all_eligible_drugs,1.018,1.01,1.034,Jul,Oct,"bimodal (2 harmonics, 2 peaks)",0.38,0.374,0.883,poisson,HAC-Wald,0.028621092454225,TRUE,TRUE,0.000388275226870467,0.0220174062022675,TRUE,FALSE
0704050R0,Tadalafil,Drugs for erectile dysfunction,secondary_exploratory,all_eligible_drugs,1.017,1.009,1.036,Dec,Apr,"bimodal (2 harmonics, 2 peaks)",-0.107,0,0.949,poisson,HAC-Wald,0.0136565322934971,TRUE,FALSE,0.31408709366056,,FALSE,FALSE
0601012W0,Biphasic insulin aspart,Insulin,secondary_exploratory,all_eligible_drugs,1.017,1.009,1.034,Nov,Mar,"bimodal (2 harmonics, 2 peaks)",-0.109,0.153,0.882,poisson,HAC-Wald,0.0385621199868518,TRUE,TRUE,0.0233801524823976,0.0298987690944653,TRUE,FALSE
0601023AG,Dapagliflozin,Antidiabetic drugs,secondary_exploratory,all_eligible_drugs,1.017,1.008,1.031,Nov,Mar,"bimodal (2 harmonics, 2 peaks)",-0.201,0.091,0.998,poisson,HAC-Wald,0.049212350534617,TRUE,FALSE,0.870182495394554,,FALSE,FALSE
0409010W0,Pramipexole,Dopaminergic drugs used in parkinsonism,secondary_exploratory,all_eligible_drugs,1.017,1.01,1.034,Nov,Mar,"unimodal, non-sinusoidal (2 harmonics, 1 peak)",-0.211,0,0.787,poisson,HAC-Wald,0.0260640328918417,TRUE,TRUE,0.000377505620594641,0.0200168439403257,TRUE,FALSE
0408010H0,Lamotrigine,Control of epilepsy,secondary_exploratory,all_eligible_drugs,1.017,1.01,1.032,Dec,Mar,"bimodal (2 harmonics, 2 peaks)",-0.116,0,0.849,poisson,HAC-Wald,8.2104953548936e-05,TRUE,TRUE,0.0462428934317855,5.94731717487656e-05,TRUE,FALSE
0403010F0,Clomipramine hydrochloride,Tricyclic and related antidepressant drugs,secondary_exploratory,all_eligible_drugs,1.017,1.011,1.031,Nov,Aug,"bimodal (2 harmonics, 2 peaks)",-0.111,0,0.115,poisson,HAC-Wald,0.00069940289357351,TRUE,TRUE,5.81617035616975e-09,0.000505566325718034,TRUE,FALSE
0407020Q0,Morphine sulfate,Opioid analgesics,secondary_exploratory,all_eligible_drugs,1.017,1.012,1.031,Nov,Aug,"bimodal (2 harmonics, 2 peaks)",-0.195,0,0.339,poisson,HAC-Wald,3.47307441054297e-08,TRUE,FALSE,0.272633294918465,,FALSE,FALSE
0401020P0,Lorazepam,Anxiolytics,secondary_exploratory,all_eligible_drugs,1.017,1.012,1.038,Nov,Apr,"bimodal (2 harmonics, 2 peaks)",-0.175,0,0.49,poisson,HAC-Wald,0.0112776936711631,TRUE,FALSE,0.411692559020789,,FALSE,FALSE
0205052Q0,Telmisartan,Renin-angiotensin system drugs,secondary_exploratory,all_eligible_drugs,1.017,1.011,1.034,Oct,Mar,unimodal (1 harmonic preferred),-0.109,0,0.139,poisson,HAC-Wald,0.0340506888663361,TRUE,TRUE,0.0166702504942612,0.0263101876870572,TRUE,FALSE
0601012F0,Biphasic insulin lispro,Insulin,secondary_exploratory,all_eligible_drugs,1.016,1.011,1.032,Nov,Aug,"bimodal (2 harmonics, 2 peaks)",-0.142,0.143,0.937,poisson,HAC-Wald,0.0104391449502136,TRUE,TRUE,0.0233801524823976,0.00781260466713615,TRUE,FALSE
1001010AH,Celecoxib,Non-steroidal anti-inflammatory drugs,secondary_exploratory,all_eligible_drugs,1.016,1.011,1.03,May,Jan,"bimodal (2 harmonics, 2 peaks)",-0.122,0.143,0.892,poisson,HAC-Wald,0.00360874831325348,TRUE,TRUE,5.27206392050756e-10,0.00265037776466829,TRUE,FALSE
0206030Z0,Ranolazine,Other antianginal drugs,secondary_exploratory,all_eligible_drugs,1.016,1.011,1.033,Nov,Mar,"bimodal (2 harmonics, 2 peaks)",-0.154,0,0.973,poisson,HAC-Wald,1.77141074206485e-05,TRUE,TRUE,0.0321300338119129,1.26922996048017e-05,TRUE,FALSE
0212000P0,Fenofibrate,Lipid-regulating drugs,secondary_exploratory,all_eligible_drugs,1.016,1.012,1.035,Dec,Aug,"bimodal (2 harmonics, 2 peaks)",-0.141,0,0,poisson,HAC-Wald,0.000540037082143353,TRUE,TRUE,0.0304008061863522,0.00039088926376906,TRUE,FALSE
0407020AD,Oxycodone hydrochloride,Opioid analgesics,secondary_exploratory,all_eligible_drugs,1.016,1.009,1.033,Nov,Mar,"bimodal (2 harmonics, 2 peaks)",-0.182,0,0.048,poisson,HAC-Wald,0.048197893563473,TRUE,FALSE,0.272633294918465,,FALSE,FALSE
0407020B0,Buprenorphine,Opioid analgesics,secondary_exploratory,all_eligible_drugs,1.016,1.009,1.034,Jun,Feb,"bimodal (2 harmonics, 2 peaks)",-0.185,0,0.241,poisson,HAC-Wald,0.0156962376305613,TRUE,FALSE,0.272633294918465,,FALSE,FALSE
0902013S0,Sodium bicarbonate,Oral preparation for fluid and electrolyte imbalance,secondary_exploratory,all_eligible_drugs,1.016,1.009,1.031,Sep,Apr,unimodal (1 harmonic preferred),-0.122,0.023,0.935,poisson,HAC-Wald,0.00523255908298189,TRUE,TRUE,8.65885960246975e-07,0.00386814292529015,TRUE,FALSE
0604020C0,Finasteride,Male sex hormones and antagonists,secondary_exploratory,all_eligible_drugs,1.016,1.012,1.032,Nov,Jul,"bimodal (2 harmonics, 2 peaks)",-0.174,0.111,0.665,poisson,HAC-Wald,3.04400476893492e-05,TRUE,TRUE,6.44078395714296e-07,2.19033650065506e-05,TRUE,FALSE
0803041L0,Letrozole,Hormone antagonists,secondary_exploratory,all_eligible_drugs,1.016,1.008,1.033,Nov,Mar,"bimodal (2 harmonics, 2 peaks)",-0.19,0,0.714,poisson,HAC-Wald,0.00719473290750707,TRUE,TRUE,0.00341395403142288,0.00531976799290539,TRUE,FALSE
040201030,Risperidone,Antipsychotic drugs,secondary_exploratory,all_eligible_drugs,1.016,1.01,1.033,Nov,Mar,"bimodal (2 harmonics, 2 peaks)",-0.126,0,0,poisson,HAC-Wald,0.00249647851789927,TRUE,TRUE,0.00313994020549551,0.00181852223223317,TRUE,FALSE
0403010B0,Amitriptyline hydrochloride,Tricyclic and related antidepressant drugs,secondary_exploratory,all_eligible_drugs,1.015,1.012,1.034,Nov,Jul,"bimodal (2 harmonics, 2 peaks)",-0.145,0,0.162,poisson,HAC-Wald,1.25911981338587e-09,TRUE,TRUE,5.81617035616975e-09,8.71533684409297e-10,TRUE,FALSE
0601023AE,Linagliptin,Antidiabetic drugs,secondary_exploratory,all_eligible_drugs,1.015,1.008,1.031,Nov,Mar,"unimodal, non-sinusoidal (2 harmonics, 1 peak)",-0.177,0,0.501,poisson,HAC-Wald,0.0218031576491232,TRUE,FALSE,0.870182495394554,,FALSE,FALSE
0704010U0,Tamsulosin hydrochloride,Drugs for urinary retention,secondary_exploratory,all_eligible_drugs,1.015,1.012,1.027,Nov,Aug,"bimodal (2 harmonics, 2 peaks)",-0.18,0,0.803,poisson,HAC-Wald,5.22596641226796e-08,TRUE,TRUE,4.29924047279809e-07,3.75582801703036e-08,TRUE,FALSE
0203020I0,Flecainide acetate,Drugs for arrhythmias,secondary_exploratory,all_eligible_drugs,1.015,1.009,1.032,Dec,Mar,"bimodal (2 harmonics, 2 peaks)",-0.095,0,0.065,poisson,HAC-Wald,0.00249094269962647,TRUE,FALSE,0.145276570341784,,FALSE,FALSE
0803041B0,Anastrozole,Hormone antagonists,secondary_exploratory,all_eligible_drugs,1.015,1.01,1.03,Nov,Mar,"bimodal (2 harmonics, 2 peaks)",-0.193,0.086,0.698,poisson,HAC-Wald,0.00990103055666749,TRUE,TRUE,0.00341395403142288,0.00741257316178592,TRUE,FALSE
1001040C0,Allopurinol,Gout and cytotoxic induced hyperuicaemia,secondary_exploratory,all_eligible_drugs,1.015,1.009,1.031,Nov,Mar,"unimodal, non-sinusoidal (2 harmonics, 1 peak)",-0.182,0,0.609,poisson,HAC-Wald,3.52185246701262e-05,TRUE,TRUE,1.06784116477649e-16,2.54523256939826e-05,TRUE,FALSE
0205040D0,Doxazosin mesilate,Alpha-adrenoceptor blocking drugs,secondary_exploratory,all_eligible_drugs,1.015,1.01,1.025,Apr,Aug,"bimodal (2 harmonics, 2 peaks)",-0.161,0,0.579,poisson,HAC-Wald,0.00224903552884576,TRUE,TRUE,0.00111675606659756,0.00163265525417534,TRUE,FALSE
0402030K0,Lithium carbonate,Drugs used for mania and hypomania,secondary_exploratory,all_eligible_drugs,1.014,1.01,1.035,Dec,Aug,"bimodal (2 harmonics, 2 peaks)",-0.165,0.133,0.475,poisson,HAC-Wald,7.9185514594883e-06,TRUE,TRUE,0.0342362206094809,5.69022577902753e-06,TRUE,FALSE
0206030N0,Nicorandil,Other antianginal drugs,secondary_exploratory,all_eligible_drugs,1.014,1.009,1.029,Nov,Feb,"bimodal (2 harmonics, 2 peaks)",-0.158,0,0.931,poisson,HAC-Wald,0.0033775287895685,TRUE,TRUE,0.0321300338119129,0.00248306908777735,TRUE,FALSE
0403010X0,Trazodone hydrochloride,Tricyclic and related antidepressant drugs,secondary_exploratory,all_eligible_drugs,1.014,1.011,1.029,Dec,Aug,"unimodal, non-sinusoidal (2 harmonics, 1 peak)",-0.173,0.103,0.633,poisson,HAC-Wald,6.84458697155699e-06,TRUE,TRUE,5.81617035616975e-09,4.92228129762167e-06,TRUE,FALSE
0403010J0,Dosulepin hydrochloride,Tricyclic and related antidepressant drugs,secondary_exploratory,all_eligible_drugs,1.014,1.009,1.03,Dec,Aug,"bimodal (2 harmonics, 2 peaks)",-0.122,0,0.968,poisson,HAC-Wald,0.0207253725779739,TRUE,TRUE,5.81617035616975e-09,0.0157867341913892,TRUE,FALSE
0402010A0,Amisulpride,Antipsychotic drugs,secondary_exploratory,all_eligible_drugs,1.014,1.008,1.027,Nov,Jul,"bimodal (2 harmonics, 2 peaks)",-0.184,0,0.462,poisson,HAC-Wald,0.0317663729038972,TRUE,TRUE,0.00313994020549551,0.0244483742282743,TRUE,FALSE
1002020C0,Baclofen,Skeletal muscle relaxants,secondary_exploratory,all_eligible_drugs,1.013,1.009,1.03,Dec,Sep,"bimodal (2 harmonics, 2 peaks)",-0.177,0,0.575,poisson,HAC-Wald,0.00379226897884593,TRUE,FALSE,0.108400217093321,,FALSE,FALSE
0206020F0,Felodipine,Calcium-channel blockers,secondary_exploratory,all_eligible_drugs,1.013,1.01,1.024,Apr,Aug,"bimodal (2 harmonics, 2 peaks)",-0.172,0,0.171,poisson,HAC-Wald,3.04400476893492e-05,TRUE,TRUE,3.20982104870482e-14,2.19033650065506e-05,TRUE,FALSE
0103050R0,Pantoprazole,Proton pump inhibitors,secondary_exploratory,all_eligible_drugs,1.013,1.01,1.029,Nov,Jul,"unimodal, non-sinusoidal (2 harmonics, 1 peak)",-0.174,0,0.65,poisson,HAC-Wald,0.0179352983785449,TRUE,FALSE,0.16948873915267,,FALSE,FALSE
0704020AE,Mirabegron,Drugs for urinary frequency enuresis and incontinence,secondary_exploratory,all_eligible_drugs,1.013,1.008,1.028,Nov,Aug,"bimodal (2 harmonics, 2 peaks)",-0.199,0,0.969,poisson,HAC-Wald,0.0295352797387377,TRUE,FALSE,0.102138015457376,,FALSE,FALSE
0704020AB,Solifenacin,Drugs for urinary frequency enuresis and incontinence,secondary_exploratory,all_eligible_drugs,1.013,1.009,1.029,Nov,Aug,"bimodal (2 harmonics, 2 peaks)",-0.14,0,0.873,poisson,HAC-Wald,0.000209930797699473,TRUE,FALSE,0.102138015457376,,FALSE,FALSE
0906040B0,Alfacalcidol,Vitamin D,secondary_exploratory,all_eligible_drugs,1.013,1.007,1.026,Nov,Mar,"bimodal (2 harmonics, 2 peaks)",-0.119,0,0.404,poisson,HAC-Wald,0.0144745649297401,TRUE,TRUE,7.68734419904648e-19,0.0109309714928854,TRUE,FALSE
0408010W0,Sodium valproate,Control of epilepsy,secondary_exploratory,all_eligible_drugs,1.013,1.009,1.031,Dec,Mar,"bimodal (2 harmonics, 2 peaks)",-0.13,0,0.815,poisson,HAC-Wald,0.00111314287324696,TRUE,TRUE,0.0462428934317855,0.000805459727292586,TRUE,FALSE
0407010N0,Co-dydramol (Dihydrocodeine/paracetamol),Non-opioid analgesics and compound preparations,secondary_exploratory,all_eligible_drugs,1.013,1.01,1.033,Oct,Jul,"bimodal (2 harmonics, 2 peaks)",-0.153,0,0.926,poisson,HAC-Wald,0.00658736083915081,TRUE,TRUE,8.43977774190808e-06,0.00487740640826357,TRUE,FALSE
0601023AL,Dapagliflozin/metformin,Antidiabetic drugs,secondary_exploratory,all_eligible_drugs,1.013,1.009,1.024,Dec,Apr,unimodal (1 harmonic preferred),-0.162,0,0.983,poisson,HAC-Wald,0.00838047702154332,TRUE,FALSE,0.870182495394554,,FALSE,FALSE
0302000AA,BeclometDiprop/Formoterol/Glycopyrronium (Corticosteroids),Corticosteroids (respiratory),secondary_exploratory,all_eligible_drugs,1.013,1.007,1.029,Dec,Sep,"bimodal (2 harmonics, 2 peaks)",-0.226,0.072,0.99,poisson,HAC-Wald,0.0300019567242497,TRUE,TRUE,5.7573277320653e-30,0.0231174749436355,TRUE,FALSE
0202030X0,Eplerenone,Potassium-sparing diuretics and aldosterone antagonists,secondary_exploratory,all_eligible_drugs,1.013,1.007,1.028,Nov,Mar,"bimodal (2 harmonics, 2 peaks)",-0.174,0,0.981,poisson,HAC-Wald,0.00523255908298189,TRUE,TRUE,0.0219910094935298,0.00386814292529015,TRUE,FALSE
0408010Q0,Phenytoin sodium,Control of epilepsy,secondary_exploratory,all_eligible_drugs,1.012,1.009,1.03,Nov,Mar,"bimodal (2 harmonics, 2 peaks)",-0.147,0,0.908,poisson,HAC-Wald,0.0030757146739575,TRUE,TRUE,0.0462428934317855,0.00226352389968453,TRUE,FALSE
0209000Y0,Prasugrel,Antiplatelet drugs,secondary_exploratory,all_eligible_drugs,1.012,1.01,1.032,Dec,Mar,"bimodal (2 harmonics, 2 peaks)",-0.146,0.146,0.978,poisson,HAC-Wald,0.00060060785426146,TRUE,TRUE,0.000402533574512188,0.000434584440477557,TRUE,FALSE
0201010F0,Digoxin,Cardiac glycosides,secondary_exploratory,all_eligible_drugs,1.012,1.008,1.03,Nov,Mar,"bimodal (2 harmonics, 2 peaks)",-0.174,0,0.244,poisson,HAC-Wald,0.00132708744442291,TRUE,TRUE,0.000783444846553568,0.000959082249362321,TRUE,FALSE
0103050E0,Esomeprazole,Proton pump inhibitors,secondary_exploratory,all_eligible_drugs,1.012,1.008,1.025,Dec,Aug,"bimodal (2 harmonics, 2 peaks)",-0.177,0,0.439,poisson,HAC-Wald,0.00807612110504883,TRUE,FALSE,0.16948873915267,,FALSE,FALSE
0406000B0,Betahistine hydrochloride,Drugs used in nausea and vertigo,secondary_exploratory,all_eligible_drugs,1.012,1.008,1.03,Oct,Feb,"unimodal, non-sinusoidal (2 harmonics, 1 peak)",-0.16,0,0,poisson,HAC-Wald,0.0155603625474394,TRUE,TRUE,4.48078666131178e-09,0.0117705140009125,TRUE,FALSE
0408010F0,Clonazepam,Control of epilepsy,secondary_exploratory,all_eligible_drugs,1.012,1.008,1.028,Dec,Aug,"bimodal (2 harmonics, 2 peaks)",-0.209,0,0,poisson,HAC-Wald,0.0208025058732109,TRUE,TRUE,0.0462428934317855,0.0158394939578232,TRUE,FALSE
0206020L0,Lercanidipine hydrochloride,Calcium-channel blockers,secondary_exploratory,all_eligible_drugs,1.012,1.007,1.025,May,Sep,"bimodal (2 harmonics, 2 peaks)",-0.188,0,0.955,poisson,HAC-Wald,0.0228345614706892,TRUE,TRUE,3.20982104870482e-14,0.0174559894696768,TRUE,FALSE
0209000C0,Clopidogrel,Antiplatelet drugs,secondary_exploratory,all_eligible_drugs,1.012,1.008,1.027,Nov,Mar,"bimodal (2 harmonics, 2 peaks)",-0.205,0,0.465,poisson,HAC-Wald,0.000919125300352836,TRUE,TRUE,0.000402533574512188,0.000666585105042096,TRUE,FALSE
0403030X0,Escitalopram,Selective serotonin re-uptake inhibitors,secondary_exploratory,all_eligible_drugs,1.011,1.009,1.025,Dec,Aug,"bimodal (2 harmonics, 2 peaks)",-0.12,0.16,0.941,poisson,HAC-Wald,4.42155283568355e-05,TRUE,TRUE,0.000373686698569591,3.20767893498739e-05,TRUE,FALSE
0204000AB,Nebivolol,Beta-adrenoceptor blocking drugs,secondary_exploratory,all_eligible_drugs,1.011,1.009,1.031,Nov,Aug,"bimodal (2 harmonics, 2 peaks)",-0.099,0.166,0.736,poisson,HAC-Wald,0.000535814015162068,TRUE,TRUE,0.0081054061707156,0.000387965118691717,TRUE,FALSE
0205051R0,Ramipril,Renin-angiotensin system drugs,secondary_exploratory,all_eligible_drugs,1.01,1.007,1.021,May,Aug,"bimodal (2 harmonics, 2 peaks)",-0.188,0,0.668,poisson,HAC-Wald,0.00962246964747543,TRUE,TRUE,0.0166702504942612,0.00720931274517707,TRUE,FALSE
0403030Q0,Sertraline hydrochloride,Selective serotonin re-uptake inhibitors,secondary_exploratory,all_eligible_drugs,1.01,1.008,1.024,Dec,Aug,"unimodal, non-sinusoidal (2 harmonics, 1 peak)",-0.118,0,0.742,poisson,HAC-Wald,4.54352034920557e-05,TRUE,TRUE,0.000373686698569591,3.29488111264447e-05,TRUE,FALSE
0403030P0,Paroxetine hydrochloride,Selective serotonin re-uptake inhibitors,secondary_exploratory,all_eligible_drugs,1.01,1.007,1.025,Nov,Aug,"bimodal (2 harmonics, 2 peaks)",-0.163,0,0.285,poisson,HAC-Wald,0.0151300705522602,TRUE,TRUE,0.000373686698569591,0.0114493469653164,TRUE,FALSE
0205052C0,Candesartan cilexetil,Renin-angiotensin system drugs,secondary_exploratory,all_eligible_drugs,1.01,1.007,1.022,Dec,Aug,"bimodal (2 harmonics, 2 peaks)",-0.196,0,0.779,poisson,HAC-Wald,0.00948326275203713,TRUE,TRUE,0.0166702504942612,0.00706579513451305,TRUE,FALSE
0403040Y0,Duloxetine hydrochloride,Other antidepressant drugs,secondary_exploratory,all_eligible_drugs,1.01,1.007,1.024,Nov,Aug,"bimodal (2 harmonics, 2 peaks)",-0.186,0,0.954,poisson,HAC-Wald,0.00190963299394851,TRUE,TRUE,3.16743876105447e-08,0.00138798850888442,TRUE,FALSE
0604011Y0,Tibolone,Female sex hormones and their modulators,secondary_exploratory,all_eligible_drugs,1.01,1.007,1.029,Jun,Feb,unimodal (1 harmonic preferred),-0.148,0.032,0.854,poisson,HAC-Wald,0.0478099317776994,TRUE,TRUE,0.000113754559464022,0.0371194030379251,TRUE,FALSE
0205052I0,Irbesartan,Renin-angiotensin system drugs,secondary_exploratory,all_eligible_drugs,1.01,1.006,1.024,Nov,Aug,"bimodal (2 harmonics, 2 peaks)",-0.199,0,0.531,poisson,HAC-Wald,0.0175251805135193,TRUE,TRUE,0.0166702504942612,0.0132990441870474,TRUE,FALSE
0204000H0,Bisoprolol fumarate,Beta-adrenoceptor blocking drugs,secondary_exploratory,all_eligible_drugs,1.01,1.007,1.024,Nov,Aug,"bimodal (2 harmonics, 2 peaks)",-0.201,0,0.585,poisson,HAC-Wald,0.00123467721503177,TRUE,TRUE,0.0081054061707156,0.000892569575867018,TRUE,FALSE
0803041S0,Tamoxifen citrate,Hormone antagonists,secondary_exploratory,all_eligible_drugs,1.01,1.006,1.025,Dec,Mar,"bimodal (2 harmonics, 2 peaks)",-0.08,0,0.901,poisson,HAC-Wald,0.0292207398133383,TRUE,TRUE,0.00341395403142288,0.022469893653646,TRUE,FALSE
0906026M0,Thiamine hydrochloride,Vitamin B group,secondary_exploratory,all_eligible_drugs,1.01,1.006,1.028,Nov,Apr,"unimodal, non-sinusoidal (2 harmonics, 1 peak)",-0.199,0,0.757,poisson,HAC-Wald,0.0357051887013257,TRUE,TRUE,0.0224467549907545,0.0277057337696207,TRUE,FALSE
0301020T0,Umeclidinium bromide,Antimuscarinic bronchodilators,secondary_exploratory,all_eligible_drugs,1.009,1.006,1.023,Nov,Aug,"bimodal (2 harmonics, 2 peaks)",-0.198,0,0.977,poisson,HAC-Wald,0.0259247707073036,TRUE,TRUE,8.45914240039922e-05,0.0199256040546531,TRUE,FALSE
0209000A0,Aspirin,Antiplatelet drugs,secondary_exploratory,all_eligible_drugs,1.009,1.007,1.023,Nov,Jul,"bimodal (2 harmonics, 2 peaks)",-0.204,0,0.267,poisson,HAC-Wald,0.00347586222473827,TRUE,TRUE,0.000402533574512188,0.00255363461136252,TRUE,FALSE
0103050L0,Lansoprazole,Proton pump inhibitors,secondary_exploratory,all_eligible_drugs,1.009,1.007,1.025,Dec,Aug,"bimodal (2 harmonics, 2 peaks)",-0.199,0,0.687,poisson,HAC-Wald,0.00950046296717277,TRUE,FALSE,0.16948873915267,,FALSE,FALSE
0403030E0,Fluoxetine hydrochloride,Selective serotonin re-uptake inhibitors,secondary_exploratory,all_eligible_drugs,1.009,1.006,1.027,Dec,Aug,"bimodal (2 harmonics, 2 peaks)",-0.136,0,0,poisson,HAC-Wald,0.0428835223589691,TRUE,TRUE,0.000373686698569591,0.0332335332644586,TRUE,FALSE
0301040W0,Umeclidinium bromide/vilanterol,Compound bronchodilator preparations,secondary_exploratory,all_eligible_drugs,1.008,1.007,1.025,May,Aug,"bimodal (2 harmonics, 2 peaks)",-0.225,0,0.947,poisson,HAC-Wald,0.01123567987876,TRUE,TRUE,0.00181984286017451,0.00845551410250292,TRUE,FALSE
0403030D0,Citalopram hydrobromide,Selective serotonin re-uptake inhibitors,secondary_exploratory,all_eligible_drugs,1.008,1.006,1.025,Dec,Jul,"unimodal, non-sinusoidal (2 harmonics, 1 peak)",-0.195,0,0.691,poisson,HAC-Wald,0.00656100884286513,TRUE,TRUE,0.000373686698569591,0.00485960376404689,TRUE,FALSE
0212000B0,Atorvastatin,Lipid-regulating drugs,secondary_exploratory,all_eligible_drugs,1.007,1.005,1.022,Dec,Aug,"bimodal (2 harmonics, 2 peaks)",-0.225,0,0.936,poisson,HAC-Wald,0.0146027074750393,TRUE,TRUE,0.0304008061863522,0.0110236051825499,TRUE,FALSE
