bnf_class_code,bnf_drug_code,bnf_drug_name,p_value,distribution,route,disp_ratio,disp_p,lb_p,nw_lag,hac_capped,theta,b_sin12,b_cos12,b_sin6,b_cos6,converged,note,drug_all_q_bh,drug_significant,inference_scope,multiplicity_family,bnf_class_name,class_q_bh,class_significant,parent_class_significant,conditional_drug_q_legacy,conditional_drug_significant_legacy
030401,0304010D0,Loratadine,0,poisson,HAC-Wald,140.603649190097,0.000468361858898256,0.00120007433132896,5.92282670388385,FALSE,,-0.00385365240927259,-0.121451782221792,-0.0106583798155237,0.0287817400378846,TRUE,,0,TRUE,secondary_exploratory,all_eligible_drugs,Antihistamines,1.95040709693529e-226,TRUE,TRUE,0,TRUE
030401,0304010I0,Cetirizine hydrochloride,1.38209298793676e-296,poisson,HAC-Wald,420.222583044505,0.0005573795963116,0.000440962515910415,4.22970379443791,FALSE,,-0.00412585106675891,-0.109173851726281,-0.0100049294851941,0.026033940678197,TRUE,,6.730792851252e-294,TRUE,secondary_exploratory,all_eligible_drugs,Antihistamines,1.95040709693529e-226,TRUE,TRUE,4.54708593031193e-294,TRUE
030401,0304010A0,Acrivastine,4.13990259631736e-279,poisson,HAC-Wald,4.29286359855049,0.00627946133848839,0.0373517046378433,1.60225994579151,FALSE,,-0.0152691429084047,-0.157984054107469,-0.00424101720530431,0.0377594819807605,TRUE,,1.34408837627104e-276,TRUE,secondary_exploratory,all_eligible_drugs,Antihistamines,1.95040709693529e-226,TRUE,TRUE,9.08018636125608e-277,TRUE
110402,1104020T0,Sodium cromoglicate,3.97127991538441e-239,poisson,HAC-Wald,700.986646363357,0.00588716232953899,9.26565258597689e-05,0.623220137784208,FALSE,,0.0189781371443854,-0.398292011320162,-0.0286790111694649,0.124830612173742,TRUE,,9.67006659396105e-237,TRUE,secondary_exploratory,all_eligible_drugs,Other anti-inflammatory preparations,7.18501992677657e-144,TRUE,TRUE,6.53275546080736e-237,TRUE
090202,0902021X0,Water for injection,2.0844261911598e-198,poisson,HAC-Wald,16.5872270839824,6.06106744845719e-11,0.0132993169621263,11.2253618204432,FALSE,,0.0206107130698546,0.0434684194756112,0.00751677286707041,0.0201224358276652,TRUE,,4.0604622203793e-196,TRUE,secondary_exploratory,all_eligible_drugs,Parent prepn for fluid and electrolyte imb,6.15845376198558e-09,TRUE,TRUE,2.7431048675663e-196,TRUE
020602,0206020R0,Nifedipine,2.49201522571961e-185,poisson,HAC-Wald,66.4214776447707,1.16066677851204e-07,6.32562795773728e-05,4.90783973992298,FALSE,,0.0305815972429496,0.0279287332849135,-0.00386644076157798,0.00256923162796112,TRUE,,4.04537138308483e-183,TRUE,secondary_exploratory,all_eligible_drugs,Calcium-channel blockers,3.20982104870482e-14,TRUE,TRUE,2.7329100308725e-183,TRUE
110402,1104020W0,Azelastine hydrochloride,1.56351158184924e-179,poisson,HAC-Wald,116.769407996859,0.00732825941885771,0.000247843062247011,1.53793248665557,FALSE,,0.0189928043784017,-0.472952118793747,-0.0222283108222556,0.162165165464726,TRUE,,2.17551468674451e-177,TRUE,secondary_exploratory,all_eligible_drugs,Other anti-inflammatory preparations,7.18501992677657e-144,TRUE,TRUE,1.46970088693829e-177,TRUE
131001,1310012K0,Metronidazole,1.2380403280321e-162,poisson,HAC-Wald,34.0822940697302,3.00711982014827e-07,0.0102448511252248,2.17835944319528,FALSE,,0.113637240466281,-0.0732452053774172,-0.0321229698206204,-0.0289971136888499,TRUE,,1.50731409937908e-160,TRUE,secondary_exploratory,all_eligible_drugs,Antibacterial preparations,0.0117193096799549,TRUE,TRUE,1.0182881698064e-160,TRUE
130603,1306030B0,Ivermectin,2.45897707662938e-158,poisson,HAC-Wald,20.1051420348285,2.15739184490597e-08,1.43307311428753e-06,8.47941430410229,FALSE,,0.0930445650552852,-0.093983232050668,-0.0383122582821376,-0.00176504187759002,TRUE,,2.66115963626335e-156,TRUE,secondary_exploratory,all_eligible_drugs,Topical preparation for rosacea,2.45879982359496e-118,TRUE,TRUE,1.79778546269126e-156,TRUE
110402,1104020AC,Epinastine hydrochloride,3.56295421937306e-152,poisson,Poisson-LRT,2.08992600038198,0.0863072022623508,0.209149537729395,,,,0.0572867640342063,-0.443812397146767,-0.0244138323765284,0.0937798328649367,TRUE,,3.47031740966936e-150,TRUE,secondary_exploratory,all_eligible_drugs,Other anti-inflammatory preparations,7.18501992677657e-144,TRUE,TRUE,2.34442387634747e-150,TRUE
030902,0309020D0,Simple,1.97003961983291e-145,poisson,HAC-Wald,47.852806853539,5.38338998388516e-05,0.0370271166154359,11.2549542986269,FALSE,,0.129561059491961,0.300477084371205,-0.0916911286973994,0.0808530069754628,TRUE,,1.74438053610659e-143,TRUE,secondary_exploratory,all_eligible_drugs,Expectorant and demulcent cough preparations,7.19264838400822e-140,TRUE,TRUE,1.17844188168187e-143,TRUE
110402,1104020Z0,Olopatadine,5.85126556504207e-141,poisson,HAC-Wald,201.548104800186,0.00580911868420912,9.00358638963317e-05,0.742087613685083,FALSE,,0.0132974377371627,-0.292004251881821,-0.0189772477507055,0.0880645602139777,TRUE,,4.74927721695915e-139,TRUE,secondary_exploratory,all_eligible_drugs,Other anti-inflammatory preparations,7.18501992677657e-144,TRUE,TRUE,3.20844395149807e-139,TRUE
131002,1310020A0,Amorolfine hydrochloride,9.94154947406827e-138,poisson,HAC-Wald,30.2228442534238,7.99112032922279e-07,0.000750154595866359,5.34932053042675,FALSE,,-0.0192933180397764,-0.118427435471744,0.0126740453327639,-0.0184554959565191,TRUE,,7.44851475980192e-136,TRUE,secondary_exploratory,all_eligible_drugs,Antifungal preparations,0.000226648496068398,TRUE,TRUE,5.0319535030284e-136,TRUE
030401,0304010E0,Fexofenadine hydrochloride,2.20254826487391e-137,poisson,HAC-Wald,1277.27239361459,0.00618095443471032,0.0142446228542683,1.93720572336469,FALSE,,-0.0106978024261641,-0.186137485291498,-0.00992585944298848,0.0505421254140092,TRUE,,1.53234429284799e-135,TRUE,secondary_exploratory,all_eligible_drugs,Antihistamines,1.95040709693529e-226,TRUE,TRUE,1.03519768449074e-135,TRUE
100104,1001040G0,Colchicine,6.19529788812982e-104,poisson,HAC-Wald,63.5919055186285,1.43616822946172e-06,0.012674276701827,0.952455840189082,FALSE,,-0.00973289346704714,-0.097228821249751,0.0328560938851974,0.00744693530235224,TRUE,,4.0228134286923e-102,TRUE,secondary_exploratory,all_eligible_drugs,Gout and cytotoxic induced hyperuicaemia,1.06784116477649e-16,TRUE,TRUE,2.71767067359295e-102,TRUE
030401,0304010G0,Chlorphenamine maleate,1.70974443289262e-98,poisson,HAC-Wald,151.113723915224,0.000261472616708678,3.80355109784736e-05,2.15064743850801,FALSE,,0.0224334886837006,-0.100821870454203,-0.0105139274254606,0.034397943594254,TRUE,,1.04080692352339e-96,TRUE,secondary_exploratory,all_eligible_drugs,Antihistamines,1.95040709693529e-226,TRUE,TRUE,7.03132398027092e-97,TRUE
050103,0501030I0,Doxycycline hyclate,1.02438412209372e-94,poisson,HAC-Wald,3106.20464441934,0.00554402934563213,0.00782245939260984,3.22981163853156,FALSE,,0.137177859647633,0.229464570620507,-0.021735953463202,0.0763403467480849,TRUE,,5.86911844070169e-93,TRUE,secondary_exploratory,all_eligible_drugs,Tetracyclines,3.22372888099791e-88,TRUE,TRUE,3.96496913139806e-93,TRUE
030901,0309010C0,Codeine phosphate,4.35814978203385e-83,poisson,HAC-Wald,37.2688642714311,2.41018981359895e-07,2.88294721428883e-10,6.12630798874486,FALSE,,0.0853468430617117,0.162979764470941,-0.0126507011607528,0.0440495135533386,TRUE,,2.35824327094499e-81,TRUE,secondary_exploratory,all_eligible_drugs,Cough suppressants,1.81028868884518e-49,TRUE,TRUE,1.59314586476571e-81,TRUE
120201,1202010Y0,Fluticasone propionate/azelastine hydrochloride (Nasal),9.84572863624919e-83,poisson,HAC-Wald,142.976368074231,0.000792052452448747,1.5521498567872e-05,4.07592495210945,FALSE,,0.0180853784303291,-0.106428229968333,-0.0159172273265082,0.047989285413418,TRUE,,5.04723141668774e-81,TRUE,secondary_exploratory,all_eligible_drugs,Drugs used in nasal allergy,4.93335033400967e-52,TRUE,TRUE,3.4097312856063e-81,TRUE
131200,1312000C0,Aluminium chloride,8.8664960625009e-79,poisson,HAC-Wald,17.6147424597074,0.000118368030840074,0.0144553889762442,3.10086996019105,FALSE,,-0.0771942147767895,-0.143988205981821,0.018228576703954,-0.015678726174576,TRUE,,4.31798358243794e-77,TRUE,secondary_exploratory,all_eligible_drugs,Antiperspirants,2.92087891177799e-80,TRUE,TRUE,2.9170772045628e-77,TRUE
050304,0503040B0,Oseltamivir phosphate,7.79723884165772e-70,poisson,HAC-Wald,614.487686055922,0.0156989460454881,0.0248615110274991,0.856271909514563,FALSE,,1.4576532958908,1.76603354704628,0.0887772137951821,0.663856358229512,TRUE,,3.61643363417839e-68,TRUE,secondary_exploratory,all_eligible_drugs,Influenza,1.28759388270775e-68,TRUE,TRUE,2.44313483705275e-68,TRUE
120201,1202010I0,Budesonide,9.80364993880112e-65,poisson,HAC-Wald,8.07641509932694,5.05998991428147e-05,0.00182408607122597,9.85538291003696,FALSE,,0.014974895311606,-0.0685175457447951,-0.00827951966825948,0.015361391678666,TRUE,,4.34034320017831e-63,TRUE,secondary_exploratory,all_eligible_drugs,Drugs used in nasal allergy,4.93335033400967e-52,TRUE,TRUE,2.93218257260506e-63,TRUE
050506,0505060I0,Ivermectin,8.95542925086484e-61,poisson,HAC-Wald,22.3831669442745,7.0841066054369e-10,0.0402378723035992,1.10018397417083,FALSE,,0.165859647837377,0.196346804292352,-0.0339212382997131,0.0137609344367144,TRUE,,3.79242960449667e-59,TRUE,secondary_exploratory,all_eligible_drugs,Filaricides,1.97019443519026e-59,TRUE,TRUE,2.56203149872568e-59,TRUE
110402,1104020M0,Lodoxamide trometamol,1.39997705830991e-58,poisson,HAC-Wald,8.63538368437668,0.0352156000189009,0.033473603576772,2.84594231529045,FALSE,,0.0236073956448888,-0.262815757603073,-0.0237224655403174,0.0604852221217629,TRUE,,5.68157356164105e-57,TRUE,secondary_exploratory,all_eligible_drugs,Other anti-inflammatory preparations,7.18501992677657e-144,TRUE,TRUE,3.83827043486633e-57,TRUE
130801,1308010W0,Diclofenac sodium,2.93927248918348e-57,poisson,HAC-Wald,57.3090185917787,5.73897711753591e-08,0.000506100869706372,7.751899755682,FALSE,,-0.0824555765572365,-0.126193215862253,-0.00691489163739745,-0.0171525289724861,TRUE,,1.14514056178588e-55,TRUE,secondary_exploratory,all_eligible_drugs,Sunscreening preparations,3.30769565126227e-31,TRUE,TRUE,7.73616519153091e-56,TRUE
110402,1104020Y0,Ketotifen fumarate,6.39050043590614e-56,poisson,HAC-Wald,11.9981087454237,0.00804266018885561,0.032740096027276,3.60317819665095,FALSE,,-0.0150931184975335,-0.198126304004551,-0.0154376059309534,0.0614109795521087,TRUE,,2.39397977868176e-54,TRUE,secondary_exploratory,all_eligible_drugs,Other anti-inflammatory preparations,7.18501992677657e-144,TRUE,TRUE,1.61728818724086e-54,TRUE
120201,1202010A0,Azelastine hydrochloride,6.87749334087586e-51,poisson,HAC-Wald,54.6250609002863,0.00873982721639265,0.0264245504516594,0.344949784864583,FALSE,,0.0195820783991441,-0.225285544346797,-0.0322726514519714,0.108555729859258,TRUE,,2.48099204222707e-49,TRUE,secondary_exploratory,all_eligible_drugs,Drugs used in nasal allergy,4.93335033400967e-52,TRUE,TRUE,1.67607059936901e-49,TRUE
020202,0202020L0,Furosemide,1.38022166480988e-50,poisson,HAC-Wald,601.870412606596,3.87576047786739e-09,2.95848289222356e-06,9.76971051510642,FALSE,,-0.00807757394971314,-0.0137486739813564,0.00101368432985337,0.00429090921459283,TRUE,,4.80119964830294e-49,TRUE,secondary_exploratory,all_eligible_drugs,Loop diuretics,1.23408769764989e-38,TRUE,TRUE,3.24352091230322e-49,TRUE
120202,1202020P0,Xylometazoline hydrochloride,6.95296768132128e-50,poisson,HAC-Wald,8.13704797373256,5.45464190132857e-08,1.07802655691103e-13,2.09706037995731,FALSE,,0.113896912437877,0.101503159106651,-0.0146326359553367,0.0334861474920233,TRUE,,2.33523811089894e-48,TRUE,secondary_exploratory,all_eligible_drugs,Topical nasal decongestants,0.00140116339488567,TRUE,TRUE,1.57760439114117e-48,TRUE
050101,0501013B0,Amoxicillin,3.14925903293958e-48,poisson,HAC-Wald,11125.2654507066,0.00618743313043236,0.00628019425534743,2.14509917293213,FALSE,,0.170735636878179,0.325469094361771,-0.0642492370616801,0.106970572369658,TRUE,,1.02245943269438e-46,TRUE,secondary_exploratory,all_eligible_drugs,Penicillins,5.41228415339323e-21,TRUE,TRUE,6.90737481224747e-47,TRUE
100302,1003020AF,Diclofenac diethyl,2.04813049497411e-46,poisson,HAC-Wald,215.174430764473,3.65662349159578e-09,0.000493128781124397,12,TRUE,,-0.0105340007284477,-0.0190977921740626,-0.00431627354323362,-0.00931010080320731,TRUE,,6.43509387775736e-45,TRUE,secondary_exploratory,all_eligible_drugs,"Rubefacients, topical NSAIDs, capsaicin and poultices",1.55919199584476e-59,TRUE,TRUE,4.34732214739665e-45,TRUE
060302,0603020T0,Prednisolone,1.38911506245793e-45,poisson,HAC-Wald,1382.19143432252,0.000321197581341116,0.0101113581554407,1.90169860423529,FALSE,,0.0432370492951719,0.118498069242409,-0.02214779734869,0.0484962685623402,TRUE,,4.22811897135631e-44,TRUE,secondary_exploratory,all_eligible_drugs,Glucocorticoid therapy,7.99962161406946e-42,TRUE,TRUE,2.85636784717911e-44,TRUE
010704,0107040A0,Glyceryl trinitrate,2.26103516898786e-43,poisson,HAC-Wald,14.5339913715732,4.92315253009197e-09,9.05269557593957e-06,7.72484896024738,FALSE,,0.0454288488143531,0.0471746657612333,0.00167569931838867,-0.0115687420733115,TRUE,,6.6734795593763e-42,TRUE,secondary_exploratory,all_eligible_drugs,Management of anal fissures,3.55305526555235e-42,TRUE,TRUE,4.50836709452731e-42,TRUE
110301,1103010G0,Gentamicin sulfate,5.33249362009789e-43,poisson,HAC-Wald,6.78848648203061,5.53282571849454e-06,0.0223380191743794,6.13529494883482,FALSE,,-0.0957837389538611,0.0518083800590727,0.038167088962557,-0.0516884603320385,TRUE,,1.52760258411039e-41,TRUE,secondary_exploratory,all_eligible_drugs,Antibacterials,9.40936355817698e-11,TRUE,TRUE,1.03199435353659e-41,TRUE
040101,0401010Z0,Zopiclone,1.90151671376419e-41,poisson,HAC-Wald,250.309575115198,4.12791589803724e-10,8.58071565256191e-05,12,TRUE,,0.00369493820124149,0.0218560279926291,0.00159941345086565,-0.00557613821424484,TRUE,,5.29164936916092e-40,TRUE,secondary_exploratory,all_eligible_drugs,Hypnotics,8.49270687446684e-13,TRUE,TRUE,3.57485142187668e-40,TRUE
060104,0601040I0,Glucose,3.06529986226543e-37,poisson,HAC-Wald,22.890022477468,8.70673255392241e-08,0.00643467412005971,2.1986453491468,FALSE,,-0.0126739550626666,-0.0264537639137264,0.00828688174669473,0.00405914857483931,TRUE,,8.29333907179592e-36,TRUE,secondary_exploratory,all_eligible_drugs,Treatment of hypoglycaemia,7.73581751734925e-32,TRUE,TRUE,5.60268697047404e-36,TRUE
120203,1202030S0,Neomycin sulfate,8.91480268554495e-37,poisson,HAC-Wald,214.31251654631,3.87857345005248e-06,0.0162640359195639,1.16347994587971,FALSE,,0.171729704795586,-0.0482468090424209,0.017248506097863,0.0551789215730353,TRUE,,2.34676157181643e-35,TRUE,secondary_exploratory,all_eligible_drugs,Nasal preparations for infection,1.53124033203395e-34,TRUE,TRUE,1.58538923434826e-35,TRUE
130502,1305020D0,Calcipotriol,1.23237780643332e-35,poisson,HAC-Wald,100.066752127356,4.9514166531816e-07,0.00719419867994386,1.96604694259584,FALSE,,0.0306703954249283,-0.0286503881812492,-0.000932274331806756,0.000392535494540077,TRUE,,3.15877890385804e-34,TRUE,secondary_exploratory,all_eligible_drugs,Preparations for psoriasis,2.00974064079059e-55,TRUE,TRUE,2.13395946482401e-34,TRUE
130201,1302011L0,Light liquid paraffin,7.94055828139602e-35,poisson,HAC-Wald,33.0292976015219,5.54046164776468e-08,0.0162812007280765,1.83867257485559,FALSE,,0.0601575095561352,-0.0231146735088235,-0.0100873890625639,0.0110711604097028,TRUE,,1.98310352976403e-33,TRUE,secondary_exploratory,all_eligible_drugs,Emollients,4.56697434699239e-18,TRUE,TRUE,1.33971470491246e-33,TRUE
120101,1201010AG,Phenazone/lidocaine,2.23250221284067e-34,poisson,HAC-Wald,54.9712793981419,1.14023904751048e-07,2.17526296443227e-05,1.43973455776651,FALSE,,0.199325078607471,0.246683090485426,-0.0214099859268871,0.0685040767324152,TRUE,,5.43614288826704e-33,TRUE,secondary_exploratory,all_eligible_drugs,Otitis externa,4.03048405132221e-10,TRUE,TRUE,3.67246614012291e-33,TRUE
120201,1202010U0,Mometasone furoate,4.05298989741447e-34,poisson,HAC-Wald,441.381556834321,0.000102689176119889,0.00205334816487546,2.02121636915834,FALSE,,0.0399411016265385,-0.0475984551377157,-0.011165207950297,0.0242896011863262,TRUE,,9.62832234166266e-33,TRUE,secondary_exploratory,all_eligible_drugs,Drugs used in nasal allergy,4.93335033400967e-52,TRUE,TRUE,6.50455451828956e-33,TRUE
030401,0304010AF,Bilastine,1.80483247553282e-31,poisson,Poisson-LRT,1.10191616745147,0.681071413218174,0.239596932988021,,,,0.00534744056453563,-0.138851243648917,-0.00166934852663552,0.0355574679777461,TRUE,,4.1854924551642e-30,TRUE,secondary_exploratory,all_eligible_drugs,Antihistamines,1.95040709693529e-226,TRUE,TRUE,2.82757087833475e-30,TRUE
030402,0304020AB,Timothy grass pollen allergen extract,4.33369289302951e-30,poisson,Poisson-LRT,1.0567916644797,0.754289688035171,0.101219131923712,,,,0.0860192049489923,-0.14172813323408,-0.0234858988383533,0.012029035569879,TRUE,,9.8163183204901e-29,TRUE,secondary_exploratory,all_eligible_drugs,Allergen immunotherapy,1.06312758467361e-23,TRUE,TRUE,6.63155796189167e-29,TRUE
030200,0302000C0,Beclometasone dipropionate,3.47056834273804e-29,poisson,HAC-Wald,895.017895153268,2.98556636144661e-08,0.000135471949362365,0.802994749424387,FALSE,,0.00964176504901138,0.027552697534977,-0.00792117089213782,0.0160629129519823,TRUE,,7.68257628597012e-28,TRUE,secondary_exploratory,all_eligible_drugs,Corticosteroids (respiratory),5.7573277320653e-30,TRUE,TRUE,5.19007720345825e-28,TRUE
130900,1309000X0,Eflornithine monohydrate chloride,4.27464362351503e-28,poisson,HAC-Wald,2.9273395492056,0.0036445061807968,0.00801194165442998,3.74820442212525,FALSE,,-0.0150559311338341,-0.0298452166585697,0.00318861670311477,-0.00650764197978663,TRUE,,9.25222864289698e-27,TRUE,secondary_exploratory,all_eligible_drugs,Shampoo and other preparations for scalp and hair conditions,0.00494846301137637,TRUE,TRUE,6.2504788983842e-27,TRUE
130700,1307000M0,Salicylic acid,1.43851342811945e-27,poisson,HAC-Wald,34.6606998668908,6.26160933153201e-06,9.6124039054013e-06,1.14932708163983,FALSE,,-0.0696712876184364,-0.129728375152624,0.022977070946782,-0.0371070551094269,TRUE,,3.0458958238877e-26,TRUE,secondary_exploratory,all_eligible_drugs,Preparations for warts and calluses,8.58535976194372e-32,TRUE,TRUE,2.05769964283173e-26,TRUE
130801,130801000,Other sunscreening preparations,1.75984836745478e-27,negbin,NB-LRT,31.2170376560408,5.59492556024408e-06,0.0577013258263417,,,121.962921474536,-0.0943294586994282,-0.482403615925484,-0.0229130443924977,0.0432408995752495,TRUE,,3.64700491468288e-26,TRUE,secondary_exploratory,all_eligible_drugs,Sunscreening preparations,3.30769565126227e-31,TRUE,TRUE,2.46378771443669e-26,TRUE
130201,130201000,Other emollient preparations,2.94164756553563e-27,poisson,HAC-Wald,413.125554117863,1.34160882350671e-07,0.00869952348784953,8.77829129343169,FALSE,,0.0219719325432661,-0.0176647928537353,0.0010667837227633,0.000395818185924673,TRUE,,5.96909318506606e-26,TRUE,secondary_exploratory,all_eligible_drugs,Emollients,4.56697434699239e-18,TRUE,TRUE,4.0325085377551e-26,TRUE
030200,0302000K0,Budesonide,3.54754833667584e-27,poisson,HAC-Wald,213.600435617119,3.5647104051259e-06,0.000499036320941504,4.93312697611524,FALSE,,0.00997425050605056,0.0177496999475019,-0.00287508892649692,0.0132345215813456,TRUE,,7.05165730596381e-26,TRUE,secondary_exploratory,all_eligible_drugs,Corticosteroids (respiratory),5.7573277320653e-30,TRUE,TRUE,4.76385062353613e-26,TRUE
030401,0304010AB,Desloratadine,6.96444935059886e-27,negbin,NB-LRT,16.2357302717792,0.00574468385888056,0.0573341361769677,,,1196.73142923429,0.00403002965634457,-0.152609076286488,-0.0159400828430291,0.029060791123993,TRUE,,1.35667473349666e-25,TRUE,secondary_exploratory,all_eligible_drugs,Antihistamines,1.95040709693529e-226,TRUE,TRUE,9.1652153453881e-26,TRUE
060602,0606020Z0,Denosumab,8.69095545723368e-27,poisson,HAC-Wald,14.0107251830346,1.39209605324243e-05,1.08408667857107e-05,12,TRUE,,0.000556990111413057,-0.00158722340319235,0.00519278279336326,0.0274429012043936,TRUE,,1.65980208144032e-25,TRUE,secondary_exploratory,all_eligible_drugs,Bisphosphonates and other drugs,0.0694650838455479,FALSE,FALSE,,FALSE
010701,0107010Z0,Zinc oxide,3.87079292033149e-26,poisson,HAC-Wald,16.7280978905077,1.33878348617228e-08,0.000657532110687975,12,TRUE,,0.00860964601548797,0.0190966253121762,0.00400338103174332,-0.0111606893881887,TRUE,,7.25029289308245e-25,TRUE,secondary_exploratory,all_eligible_drugs,Soothing haemorrhoidal preparations,3.88567411103636e-20,TRUE,TRUE,4.99408184623161e-25,TRUE
060302,0603020G0,Dexamethasone,1.81126983016531e-25,poisson,HAC-Wald,89.9896255975378,1.21511003657526e-05,0.039940263501741,5.25455060372468,FALSE,,-0.0191975742235725,0.0940622012338129,-0.0492107586473108,0.0398237681252086,TRUE,,3.32863549920945e-24,TRUE,secondary_exploratory,all_eligible_drugs,Glucocorticoid therapy,7.99962161406946e-42,TRUE,TRUE,2.29195297740149e-24,TRUE
070302,0703022M0,Medroxyprogesterone acetate,4.29009462335613e-25,poisson,HAC-Wald,77.7378416264589,1.09187807629786e-08,5.55929546841583e-09,12,TRUE,,0.0220645192708212,-0.0025605797657771,0.0151771141846664,0.00370325484194906,TRUE,,7.7380595613868e-24,TRUE,secondary_exploratory,all_eligible_drugs,Progestogen-only contraceptives,0.000388275226870467,TRUE,TRUE,5.32619294748743e-24,TRUE
120202,1202020L0,Sodium chloride,1.9293937775982e-24,poisson,HAC-Wald,13.1971799697838,3.66664583698643e-07,0.000177369130400673,7.64816168149534,FALSE,,0.0103501271133209,0.019504366076664,0.00227676177571612,0.0136602669983504,TRUE,,3.41678098069209e-23,TRUE,secondary_exploratory,all_eligible_drugs,Topical nasal decongestants,0.00140116339488567,TRUE,TRUE,2.35100204751781e-23,TRUE
040101,0401010AD,Melatonin,2.11888291278983e-24,poisson,HAC-Wald,166.636711743744,2.6718660941099e-07,0.00457442717312007,12,TRUE,,0.0111344569443694,0.0112608571338711,0.000311713303576786,0.00183332870131077,TRUE,,3.68534278045946e-23,TRUE,secondary_exploratory,all_eligible_drugs,Hypnotics,8.49270687446684e-13,TRUE,TRUE,2.53495446657402e-23,TRUE
110402,1104020B0,Antazoline,5.81777246297883e-24,poisson,HAC-Wald,36.6138085781202,1.36373533946245e-05,1.11022302462516e-16,0.977846200673428,FALSE,,-0.00861447199551986,-0.340628651988215,0.0153768088100525,0.0719452456438338,TRUE,,9.94124627884453e-23,TRUE,secondary_exploratory,all_eligible_drugs,Other anti-inflammatory preparations,7.18501992677657e-144,TRUE,TRUE,6.83588264400013e-23,TRUE
060401,0604012P0,Norethisterone,6.89893882056424e-24,negbin,NB-LRT,175.801678947839,3.55180490432108e-05,0.252480230600921,,,211.909083864362,-0.0865314351689742,-0.286008575806622,0.0521687316362342,0.0166628416190826,TRUE,,1.15854593297061e-22,TRUE,secondary_exploratory,all_eligible_drugs,Female sex hormones and their modulators,0.000113754559464022,TRUE,TRUE,7.96403814724784e-23,TRUE
090201,0902011U0,Potassium chloride,8.9164863077814e-24,negbin,NB-LRT,79.5062776130503,0.000111194121673392,0.596353246814406,,,191.910306077495,-0.209338019205106,-0.220524109989935,0.0861849402520641,-0.0229892051610565,TRUE,,1.47197587521679e-22,TRUE,secondary_exploratory,all_eligible_drugs,Oral preparation for fluid and electrolyte imbalance,8.65885960246975e-07,TRUE,TRUE,1.01155999836555e-22,TRUE
120301,1203010E0,Benzydamine hydrochloride,3.64281684798431e-23,poisson,HAC-Wald,329.28199828342,1.19765386826118e-06,0.00160492343945484,1.81510160724685,FALSE,,0.0812712029975483,0.131309741296087,-0.0303466614456034,0.0476076957015301,TRUE,,5.9135060165612e-22,TRUE,secondary_exploratory,all_eligible_drugs,Drugs for oral ulceration and inflammation,2.42048686581937e-22,TRUE,TRUE,4.06266692537912e-22,TRUE
130603,1306030A0,Brimonidine tart (Rosacea),6.47057004403003e-23,poisson,HAC-Wald,21.3599603771293,0.00680603888638034,0.0179399260665615,1.20717094972801,FALSE,,0.145981699823683,-0.140054011750972,-0.0727930766979399,-0.012164848150747,TRUE,,1.03316970866971e-21,TRUE,secondary_exploratory,all_eligible_drugs,Topical preparation for rosacea,2.45879982359496e-118,TRUE,TRUE,7.0960584816196e-22,TRUE
040701,0407010H0,Paracetamol,1.77225569088078e-22,poisson,HAC-Wald,867.720220441859,2.31494199541764e-09,1.89597609456804e-06,12,TRUE,,0.000437702246168635,0.0108683656041503,-0.00427438255752965,0.00543796608485422,TRUE,,2.7841565208353e-21,TRUE,secondary_exploratory,all_eligible_drugs,Non-opioid analgesics and compound preparations,8.43977774190808e-06,TRUE,TRUE,1.91171187639271e-21,TRUE
131002,131002030,Terbinafine hydrochloride,2.54717447887865e-22,poisson,HAC-Wald,80.8091759779178,0.00110408803010824,0.0495470588685399,2.3091043316439,FALSE,,-0.0566017159925219,-0.0837351416718913,0.0137811186328829,-0.00684059405626701,TRUE,,3.93801260702826e-21,TRUE,secondary_exploratory,all_eligible_drugs,Antifungal preparations,0.000226648496068398,TRUE,TRUE,2.70329162435831e-21,TRUE
131003,1310030C0,Aciclovir,8.57260893848386e-22,poisson,HAC-Wald,9.63656305489345,1.38898555396505e-06,0.0141405041081637,1.0042238440834,FALSE,,0.0180216464234647,0.0287611285151624,-0.00376413234825278,0.0121234343409942,TRUE,,1.30464392282551e-20,TRUE,secondary_exploratory,all_eligible_drugs,Antiviral preparations,7.21065830915685e-21,TRUE,TRUE,8.95361378019425e-21,TRUE
030101,0301011R0,Salbutamol,2.03152880728498e-21,poisson,HAC-Wald,1944.47682829891,1.53448148889569e-08,0.00163566669935089,2.25313631516314,FALSE,,0.00808404870967951,0.0405495084531472,-0.0123801017466082,0.0268777694591768,TRUE,,3.04416778199318e-20,TRUE,secondary_exploratory,all_eligible_drugs,Adrenoceptor agonists,2.96694404817216e-20,TRUE,TRUE,2.08866555498987e-20,TRUE
010606,0106060C0,Naldemedine,2.77176756387868e-21,poisson,HAC-Wald,10.4091580033874,0.000956409385004451,6.63517654375667e-07,1.94104761136519,FALSE,,-0.0405142659871459,-0.134127473000066,-0.0178307543508921,0.00662012197796523,TRUE,,4.09045698063308e-20,TRUE,secondary_exploratory,all_eligible_drugs,Peripheral opioid-receptor antagonists,0.377717910393493,FALSE,FALSE,,FALSE
140400,1404000H0,Influenza,4.31089671385047e-21,negbin,NB-LRT,204713.167343995,7.47178670891603e-06,0.270435601951578,,,3.26063125085784,-0.668334665004821,1.70142414148495,-0.729258281972288,-0.257262447532084,TRUE,,6.26688567058262e-20,TRUE,secondary_exploratory,all_eligible_drugs,Vaccines and antisera,5.01709265504371e-74,TRUE,TRUE,4.36395390417478e-20,TRUE
050103,0501030Z0,Doxycycline monohydrate,2.00224121440512e-20,poisson,HAC-Wald,22.7153549239997,8.21829123010662e-05,0.0152342096186782,4.89658791846164,FALSE,,0.0755494434272147,0.0786407834934562,-0.0298598778477351,0.030279243662816,TRUE,,2.86791609239792e-19,TRUE,secondary_exploratory,all_eligible_drugs,Tetracyclines,3.22372888099791e-88,TRUE,TRUE,1.99617381678571e-19,TRUE
090604,0906040G0,Colecalciferol,2.29355889023944e-20,poisson,HAC-Wald,1415.34349546168,2.64420329132582e-09,2.16655245180997e-05,12,TRUE,,0.010185964076001,0.00309792940833305,-0.00363051069477723,0.00102679291381904,TRUE,,3.23757443346843e-19,TRUE,secondary_exploratory,all_eligible_drugs,Vitamin D,7.68734419904648e-19,TRUE,TRUE,2.25248022354859e-19,TRUE
070301,0703010F0,Combined ethinylestradiol 30mcg,4.05979693279548e-20,poisson,HAC-Wald,194.789465723198,6.02338487908851e-07,0.000215114434095387,5.00168266248733,FALSE,,0.000932378476242839,-0.01676446219637,0.00978034029733983,0.0045859946657029,TRUE,,5.64891744648971e-19,TRUE,secondary_exploratory,all_eligible_drugs,Combined hormonal contraceptives and systems,9.91433051466992e-09,TRUE,TRUE,3.92845056144033e-19,TRUE
020400,0204000I0,Labetalol hydrochloride,1.49780858332321e-19,poisson,HAC-Wald,7.92747321290723,1.08849962277544e-05,0.0374926974913029,3.82805009673844,FALSE,,0.018466685739598,0.00149776168502316,-0.0036444629367036,0.00626889713297191,TRUE,,2.05474022557296e-18,TRUE,secondary_exploratory,all_eligible_drugs,Beta-adrenoceptor blocking drugs,0.0081054061707156,TRUE,TRUE,1.42834499685025e-18,TRUE
120101,1201010AE,Ciprofloxain/dexameth,1.92936399958301e-19,poisson,HAC-Wald,82.6241815249753,1.46905619524553e-06,4.41659531169591e-09,1.5628784729426,FALSE,,-0.095745060254458,0.0829293943863579,0.0327984364315664,-0.0301339840747914,TRUE,,2.61000074388035e-18,TRUE,secondary_exploratory,all_eligible_drugs,Otitis externa,4.03048405132221e-10,TRUE,TRUE,1.81360215960803e-18,TRUE
020602,0206020A0,Amlodipine,2.55149240647261e-19,poisson,HAC-Wald,1794.45340551992,4.25919853016339e-09,8.4612694828401e-07,9.78630508271692,FALSE,,0.00887329624030327,0.000144530783938966,-0.00315491972737648,0.00168039580628338,TRUE,,3.40432000534839e-18,TRUE,secondary_exploratory,all_eligible_drugs,Calcium-channel blockers,3.20982104870482e-14,TRUE,TRUE,2.36462254008307e-18,TRUE
030102,0301020I0,Ipratropium bromide,6.085862112281e-19,poisson,HAC-Wald,13.3187641785036,8.03758312451175e-08,0.0133069624184697,2.75734595662414,FALSE,,0.0148498114843828,0.0333231647423733,-0.00978020018975459,0.0182957905317981,TRUE,,8.01031040184012e-18,TRUE,secondary_exploratory,all_eligible_drugs,Antimuscarinic bronchodilators,8.45914240039922e-05,TRUE,TRUE,5.56180176372347e-18,TRUE
050107,0501070U0,Vancomycin hydrochloride,1.01754743051302e-18,poisson,HAC-Wald,2.68674746295623,0.000207198874235946,0.0134478755475513,1.67088043340652,FALSE,,-0.103382534556619,-0.0461352113519261,-0.00232099294630213,-0.0257618735411883,TRUE,,1.32145492975958e-17,TRUE,secondary_exploratory,all_eligible_drugs,Some other antibacterials,0.00188469676334775,TRUE,TRUE,9.17186588051463e-18,TRUE
050102,0501021A0,Cefaclor,1.07030360348266e-18,poisson,Poisson-LRT,1.86391331098542,0.174757766580462,0.0533643684485974,,,,0.0462755798696532,0.0905775534375562,0.0133832392250495,0.0494757586406868,TRUE,,1.37167856551594e-17,TRUE,secondary_exploratory,all_eligible_drugs,Cephalosporins and other beta-lactams,4.30504844194276e-06,TRUE,TRUE,9.51702393367014e-18,TRUE
030401,0304010W0,Promethazine hydrochloride,1.20500837700585e-18,poisson,HAC-Wald,185.627395873074,3.90312648257812e-11,0.0116907014000385,8.07905998679978,FALSE,,0.0124789040993939,0.0201747956912177,0.00173877322380555,-0.00557274536111478,TRUE,,1.5242573496152e-17,TRUE,secondary_exploratory,all_eligible_drugs,Antihistamines,1.95040709693529e-226,TRUE,TRUE,1.05719401609313e-17,TRUE
030403,0304030C0,Adrenaline,1.23447516567382e-18,poisson,HAC-Wald,478.251178230009,1.03839740291834e-06,0.00374980705576389,2.10188747884797,FALSE,,-0.0254691320459816,-0.190908221220881,0.0229873733019214,-0.087243145365216,TRUE,,1.54151129662346e-17,TRUE,secondary_exploratory,all_eligible_drugs,Allergic emergencies,8.72335370101998e-18,TRUE,TRUE,1.06879560396497e-17,TRUE
100302,1003020P0,Ibuprofen,2.46057587523735e-18,poisson,HAC-Wald,312.654746835277,2.42156498544548e-08,0.00283412175182851,7.01035273035326,FALSE,,-0.0107686462269927,-0.020236488862122,-0.00674413166718833,-0.00689269949677054,TRUE,,3.03367202845718e-17,TRUE,secondary_exploratory,all_eligible_drugs,"Rubefacients, topical NSAIDs, capsaicin and poultices",1.55919199584476e-59,TRUE,TRUE,2.10267392974828e-17,TRUE
040501,0405010P0,Orlistat,4.58199515135599e-18,poisson,HAC-Wald,65.9659102672898,2.48025483558543e-08,0.00667415540929695,1.8048359295363,FALSE,,-0.0283455259303946,-0.0706993844875543,-0.00334083661646015,-0.00951042800505589,TRUE,,5.57857909677592e-17,TRUE,secondary_exploratory,all_eligible_drugs,Gastro-intestinal anti-obesity drugs,3.05466343423733e-17,TRUE,TRUE,3.86532411486185e-17,TRUE
100101,1001010P0,Naproxen,9.14564499543311e-17,poisson,HAC-Wald,613.397545587397,1.36338477132053e-08,0.00778817707780166,7.49095378133569,FALSE,,-0.00253432526764455,-0.0148704703926113,-0.00235731037222112,-0.00817897102912254,TRUE,,1.09973558340146e-15,TRUE,secondary_exploratory,all_eligible_drugs,Non-steroidal anti-inflammatory drugs,5.27206392050756e-10,TRUE,TRUE,7.61751190758859e-16,TRUE
040600,0406000F0,Cyclizine hydrochloride,1.13349247311525e-16,poisson,HAC-Wald,72.1743759286382,8.11453938706041e-09,0.00154546538891842,6.37321535303213,FALSE,,-0.00813992237894948,0.0153491638742999,0.0047318118886201,0.000740190905662415,TRUE,,1.33014658893284e-15,TRUE,secondary_exploratory,all_eligible_drugs,Drugs used in nausea and vertigo,4.48078666131178e-09,TRUE,TRUE,9.20787712728192e-16,TRUE
050105,0501050B0,Clarithromycin,1.12852984682132e-16,poisson,HAC-Wald,1880.84710119418,0.0107641014524753,4.36208213439038e-07,2.00000544477471,FALSE,,0.0983823072269641,0.148687371641125,-0.010835848041096,0.0608559385375978,TRUE,,1.33014658893284e-15,TRUE,secondary_exploratory,all_eligible_drugs,Macrolides,6.83004773135963e-17,TRUE,TRUE,9.20787712728192e-16,TRUE
050501,0505010D0,Mebendazole,1.96782093994999e-16,poisson,HAC-Wald,38.0216476601901,3.16527608814126e-07,6.5240257640653e-10,4.98671849393522,FALSE,,-0.0372275108956373,0.0664831700155135,-0.0194296534921655,-0.0348515646781123,TRUE,,2.28173523275154e-15,TRUE,secondary_exploratory,all_eligible_drugs,Drugs for threadworms,1.13926475470789e-15,TRUE,TRUE,1.57905631522817e-15,TRUE
120201,1202010M0,Fluticasone propionate (Nasal),2.29938328732655e-16,poisson,HAC-Wald,158.693308567703,9.07089972960076e-09,0.00889364856355435,3.50498571349735,FALSE,,0.0228509087159187,-0.0546923384710089,-0.00476735180053072,0.0253786231305265,TRUE,,2.63482273159536e-15,TRUE,secondary_exploratory,all_eligible_drugs,Drugs used in nasal allergy,4.93335033400967e-52,TRUE,TRUE,1.82288458200105e-15,TRUE
040304,0403040X0,Mirtazapine,2.53523178383826e-16,poisson,HAC-Wald,700.606994594925,5.46022925107444e-10,5.58447162668507e-06,12,TRUE,,0.00465557020287985,0.00783316725411484,-0.00132868388169496,-0.00048447103884175,TRUE,,2.87129739239357e-15,TRUE,secondary_exploratory,all_eligible_drugs,Other antidepressant drugs,3.16743876105447e-08,TRUE,TRUE,1.98593156400664e-15,TRUE
030101,0301011U0,Salmeterol,2.99831869940677e-16,poisson,HAC-Wald,8.14386930911826,2.1033806018804e-07,0.000866552294647494,4.05120700075607,FALSE,,-0.0019000312491296,0.0114778436737545,-0.00731725187871154,0.00992085923585491,TRUE,,3.31859365138886e-15,TRUE,secondary_exploratory,all_eligible_drugs,Adrenoceptor agonists,2.96694404817216e-20,TRUE,TRUE,2.29406244675541e-15,TRUE
060106,0601060D0,Glucose blood testing reagents,2.96897552608663e-16,poisson,HAC-Wald,315.386034433513,2.03818950113335e-09,0.000222064929634169,12,TRUE,,-0.00583951889534702,-0.00695621931630506,0.00269501872555758,-0.00150989186126337,TRUE,,3.31859365138886e-15,TRUE,secondary_exploratory,all_eligible_drugs,Diabetic diagnostic and monitoring agents,1.14226798562315e-07,TRUE,TRUE,2.29406244675541e-15,TRUE
100302,1003020R0,Piroxicam,4.13370520299385e-16,poisson,HAC-Wald,28.6255543719909,5.89734244718582e-07,0.0197891427420963,7.44346503961307,FALSE,,-0.0112052594325616,-0.0182117993878987,-0.00696184610664531,-0.0058314531260688,TRUE,,4.52385266035507e-15,TRUE,secondary_exploratory,all_eligible_drugs,"Rubefacients, topical NSAIDs, capsaicin and poultices",1.55919199584476e-59,TRUE,TRUE,3.12641152134477e-15,TRUE
050401,0504010Y0,Quinine sulfate,4.70533359234113e-16,poisson,HAC-Wald,111.604881546681,3.89010203771293e-10,1.41902431832763e-05,12,TRUE,,-0.0133903573639727,-0.00113057875534375,-0.000482129356865419,0.00214096851988777,TRUE,,5.09221657660029e-15,TRUE,secondary_exploratory,all_eligible_drugs,Antimalarials,8.77920094479552e-14,TRUE,TRUE,3.51830625427326e-15,TRUE
050103,0501030T0,Oxytetracycline,5.36429452965501e-16,poisson,HAC-Wald,9.11420742818824,2.11125349934228e-07,0.00405883174898125,6.64455259052359,FALSE,,0.0247549550902787,-0.00751878491537732,-0.00659274188467209,0.000137629777971218,TRUE,,5.7415635954769e-15,TRUE,secondary_exploratory,all_eligible_drugs,Tetracyclines,3.22372888099791e-88,TRUE,TRUE,3.96596157361011e-15,TRUE
030902,0309020G0,Guaifenesin,7.16809214821061e-16,negbin,NB-LRT,1.80045821846001,0.0352036676077089,0.600013257264028,,,235.771455466212,0.145714563939964,0.277074378953239,-0.056910369270875,0.0457694438918855,TRUE,,7.58882799169254e-15,TRUE,secondary_exploratory,all_eligible_drugs,Expectorant and demulcent cough preparations,7.19264838400822e-140,TRUE,TRUE,5.24067181502509e-15,TRUE
130300,1303000D0,Calamine,2.78997139088242e-15,poisson,HAC-Wald,74.1484124447889,8.16879626092407e-06,7.44056830186413e-05,2.92035747177952,FALSE,,0.114457293580021,-0.0759699736401751,-0.00964519152757495,-0.00228384354003691,TRUE,,2.92197003733277e-14,TRUE,secondary_exploratory,all_eligible_drugs,Topical local anaesthetics and antipruritics,0.0257285967380165,TRUE,TRUE,2.01736392879191e-14,TRUE
120201,1202010C0,Beclometasone dipropionate,9.56214443165027e-15,negbin,NB-LRT,365.496271841602,1.43118528748825e-06,0.125659191377992,,,446.583367756125,0.0397876830258547,-0.105614954399245,-0.0122159821413453,0.0497017466331147,TRUE,,9.90800923024188e-14,TRUE,secondary_exploratory,all_eligible_drugs,Drugs used in nasal allergy,4.93335033400967e-52,TRUE,TRUE,6.8390119956803e-14,TRUE
110301,1103010C0,Chloramphenicol,2.08144334881333e-14,poisson,HAC-Wald,561.219187547835,2.04135332402561e-07,2.33118579995306e-09,1.8058249418702,FALSE,,0.237344282463257,0.0478671257201652,0.0541788728446998,0.00912445269082101,TRUE,,2.13402718078335e-13,TRUE,secondary_exploratory,all_eligible_drugs,Antibacterials,9.40936355817698e-11,TRUE,TRUE,1.47267712206362e-13,TRUE
030700,0307000J0,Carbocisteine,2.54025443625799e-14,poisson,HAC-Wald,188.870917862402,1.61394754613914e-08,1.38422045559139e-06,11.2659963877494,FALSE,,0.00294643611403382,0.00821212630330447,-0.00114520984081158,0.00472167083968233,TRUE,,2.5507297122838e-13,TRUE,secondary_exploratory,all_eligible_drugs,Mucolytics,3.00197132384098e-16,TRUE,TRUE,1.75946044111343e-13,TRUE
131004,1310040Q0,Permethrin,2.52505657893346e-14,negbin,NB-LRT,132.079402530685,8.27327628300805e-06,0.274839515666872,,,162.407041900459,0.0177957635844684,0.196893566177094,-0.0430717126064554,-0.0264064401251544,TRUE,,2.5507297122838e-13,TRUE,secondary_exploratory,all_eligible_drugs,Parasiticidal preparations,6.7990072351079e-32,TRUE,TRUE,1.75946044111343e-13,TRUE
050205,0502050C0,Terbinafine hydrochloride,2.7612857321158e-14,negbin,NB-LRT,56.0318954732339,3.52875490317163e-08,0.0976245682443185,,,765.136252652239,-0.0569927304252942,-0.0738712680014854,0.0026709229041134,-0.0123549576440602,TRUE,,2.74437990110285e-13,TRUE,secondary_exploratory,all_eligible_drugs,Other antifungals,1.64563226144604e-13,TRUE,TRUE,1.89263126222104e-13,TRUE
090101,0901011P0,Ferrous sulfate,3.18120277280955e-14,poisson,HAC-Wald,207.828216945997,2.02377538578457e-07,0.000514234832543092,7.48420330853722,FALSE,,-0.00816343386038626,-0.0104758329698419,-0.00215326481867142,0.000422509586242835,TRUE,,3.12978939466313e-13,TRUE,secondary_exploratory,all_eligible_drugs,Iron-deficiency anaemias,4.30049447409871e-15,TRUE,TRUE,2.1579705407306e-13,TRUE
040201,0402010L0,Levomepromazine hydrochloride,5.22196824490383e-14,poisson,HAC-Wald,20.2779688833134,3.4175373719743e-08,0.00142066298675936,2.10184392707023,FALSE,,0.0481070754097514,0.0698813894748951,0.0120320954312952,0.023957722555948,TRUE,,5.08619707053633e-13,TRUE,secondary_exploratory,all_eligible_drugs,Antipsychotic drugs,0.00313994020549551,TRUE,TRUE,3.50617867872114e-13,TRUE
050101,0501012G0,Flucloxacillin sodium,6.06577181325567e-14,negbin,NB-LRT,636.769851254561,5.12222982823837e-05,0.0525364069165289,,,608.095801946802,-0.0581293684880058,-0.0761479181741165,0.0311856176008318,-0.0113099676324177,TRUE,,5.84956608525844e-13,TRUE,secondary_exploratory,all_eligible_drugs,Penicillins,5.41228415339323e-21,TRUE,TRUE,4.03159379103256e-13,TRUE
030200,0302000U0,Ciclesonide,9.40725108049063e-14,poisson,HAC-Wald,3.64669074318352,3.66741319184209e-05,0.00250852245990374,2.76317793440644,FALSE,,0.00197428102861698,0.0167073065692773,-0.00113773416792839,0.0105912560015742,TRUE,,8.98300250235086e-13,TRUE,secondary_exploratory,all_eligible_drugs,Corticosteroids (respiratory),5.7573277320653e-30,TRUE,TRUE,6.18997121096284e-13,TRUE
041100,0411000D0,Donepezil hydrochloride,9.63637331331945e-14,poisson,HAC-Wald,97.6809103341234,6.35082574625268e-09,3.55407561011267e-05,11.8760591217741,FALSE,,-0.00601922721423225,0.00548973500031981,-0.00205504134813279,0.00330485181283105,TRUE,,9.11245398754674e-13,TRUE,secondary_exploratory,all_eligible_drugs,Dementia,3.28476791770192e-10,TRUE,TRUE,6.27795409917247e-13,TRUE
050112,0501120X0,Levofloxacin,1.06815764171535e-13,negbin,NB-LRT,4.63813274783325,2.85113984916993e-05,0.217981690676426,,,803.74436083232,0.0528375868861235,0.0820823345714302,0.00255080172835632,0.0253072811438695,TRUE,,1.00037071445265e-12,TRUE,secondary_exploratory,all_eligible_drugs,Quinolones,4.12469936146296e-10,TRUE,TRUE,6.89066400243826e-13,TRUE
130503,1305030C0,Tacrolimus,2.77665498970589e-13,poisson,HAC-Wald,40.0195914066865,5.07390434098123e-08,0.00709713532884881,4.31384367570094,FALSE,,0.0425242983806954,-0.00288737235770804,-0.00176185636908335,0.00586856629718116,TRUE,,2.57567805711765e-12,TRUE,secondary_exploratory,all_eligible_drugs,Drugs affecting the immune response,3.37494744913336e-14,TRUE,TRUE,1.77382425555968e-12,TRUE
040201,0402010J0,Haloperidol,8.28555710001598e-13,poisson,HAC-Wald,18.0663452017284,1.74347597345815e-06,0.000129666070903256,7.33086945675955,FALSE,,0.0017274765224858,0.0171739494208376,-0.00288932777195239,0.00682910757779405,TRUE,,7.61333265605242e-12,TRUE,secondary_exploratory,all_eligible_drugs,Antipsychotic drugs,0.00313994020549551,TRUE,TRUE,5.2422082421255e-12,TRUE
050101,0501011P0,Phenoxymethylpenicillin (Penicillin V),9.0389961381055e-13,poisson,HAC-Wald,4017.14336056287,0.0110818772645712,0.00137757660198545,1.35805981636052,FALSE,,0.165952917853094,0.140777651972434,-0.00201396620974264,0.0758277606640494,TRUE,,8.22802078365865e-12,TRUE,secondary_exploratory,all_eligible_drugs,Penicillins,5.41228415339323e-21,TRUE,TRUE,5.66443757987944e-12,TRUE
120101,1201010AC,Ciprofloxacin,1.11708213112436e-12,negbin,NB-LRT,8.10570143993819,1.81021503410053e-07,0.70889860436468,,,642.225280140951,-0.0621057347516739,0.0550191044817049,0.0325712850207258,-0.0457733103210105,TRUE,,1.00744258862511e-11,TRUE,secondary_exploratory,all_eligible_drugs,Otitis externa,4.03048405132221e-10,TRUE,TRUE,6.9343400215078e-12,TRUE
130503,1305030B0,Pimecrolimus,1.57438117957598e-12,poisson,HAC-Wald,20.5586302498716,8.15014453730188e-09,0.0116391765358135,2.46143514200815,FALSE,,0.0685099695074091,-0.00187223767598475,-0.0143813600230565,0.0172850619215313,TRUE,,1.40683235679542e-11,TRUE,secondary_exploratory,all_eligible_drugs,Drugs affecting the immune response,3.37494744913336e-14,TRUE,TRUE,9.68170856225229e-12,TRUE
060104,0601040H0,Glucagon,1.90916352593218e-12,negbin,NB-LRT,13.1709608298908,8.14516174353407e-07,0.144580028488155,,,751.392793787418,-0.0412081779385271,-0.0667119906033555,0.0348868967496619,-0.00775795013117617,TRUE,,1.69047752205268e-11,TRUE,secondary_exploratory,all_eligible_drugs,Treatment of hypoglycaemia,7.73581751734925e-32,TRUE,TRUE,1.16317555561424e-11,TRUE
030700,0307000Q0,Erdosteine,2.10489500713642e-12,negbin,NB-LRT,2.06088532096462,0.0200740952098322,0.227804200617274,,,918.911038809003,0.0526849939858211,0.0929505645061002,-0.00526308309171547,0.0353791491530472,TRUE,,1.846997961217e-11,TRUE,secondary_exploratory,all_eligible_drugs,Mucolytics,3.00197132384098e-16,TRUE,TRUE,1.27066138962914e-11,TRUE
021100,0211000P0,Tranexamic acid,2.21190484733682e-12,poisson,HAC-Wald,93.6324329672781,7.97834913684571e-08,7.18322409332117e-08,12,TRUE,,-0.00540681779295429,-0.0157014460711946,0.0034210638819416,-0.0090406564339701,TRUE,,1.92356725116613e-11,TRUE,secondary_exploratory,all_eligible_drugs,Antifibrinolytic drugs and haemostatics,1.08614266312091e-11,TRUE,TRUE,1.32312126322512e-11,TRUE
120301,1203010M0,Hydrocortisone (Sodium succinate),2.28732458210846e-12,poisson,HAC-Wald,18.3329207774224,4.05600054943717e-07,0.00685415897262087,2.46309526110458,FALSE,,0.0735847292422141,-0.26730477609649,-0.0649490906424733,0.0215637576670753,TRUE,,1.97155233891472e-11,TRUE,secondary_exploratory,all_eligible_drugs,Drugs for oral ulceration and inflammation,2.42048686581937e-22,TRUE,TRUE,1.35590952705168e-11,TRUE
100202,1002020J0,Dantrolene sodium,3.05326541545041e-12,poisson,HAC-Wald,2.12767926205573,0.014976702916762,0.00522088673388532,7.77799953412375,FALSE,,-0.00299090740832985,0.00517078659862107,-0.00344236499587644,0.0117948474569601,TRUE,,2.6086671181129e-11,TRUE,secondary_exploratory,all_eligible_drugs,Skeletal muscle relaxants,0.108400217093321,FALSE,FALSE,,FALSE
030401,0304010AC,Levocetirizine,3.13999582683423e-12,negbin,NB-LRT,14.6021143549868,0.0024082473683684,0.719937209980921,,,426.736946049841,0.00423236448093153,-0.10613694151044,-0.0238225644732785,0.0255764600253781,TRUE,,2.65943994377091e-11,TRUE,secondary_exploratory,all_eligible_drugs,Antihistamines,1.95040709693529e-226,TRUE,TRUE,1.84474754826511e-11,TRUE
060401,0604012M0,Medroxyprogesterone acetate,5.50700498055242e-12,poisson,HAC-Wald,256.434384260073,6.74438798995385e-05,0.0385420807030801,7.59908561277549,FALSE,,-0.0638215115960221,-0.19935848397516,0.0658916924458001,0.0209657167500377,TRUE,,4.62398521642936e-11,TRUE,secondary_exploratory,all_eligible_drugs,Female sex hormones and their modulators,0.000113754559464022,TRUE,TRUE,3.20673387363141e-11,TRUE
020201,0202010P0,Indapamide,9.82097069327626e-12,poisson,HAC-Wald,291.680556347543,7.1424837552132e-07,3.43448114770162e-06,7.04856010337822,FALSE,,0.00410454216553859,-0.00706683176848052,-0.00296952321829066,0.00249508889837277,TRUE,,8.17574825235135e-11,TRUE,secondary_exploratory,all_eligible_drugs,Thiazides and related diuretics,0.00190095196630072,TRUE,TRUE,5.66859536506647e-11,TRUE
131400,1314000H0,Heparinoid,9.93016311493267e-12,negbin,NB-LRT,10.4010567429405,2.28719699028944e-06,0.169754423263814,,,826.212507733636,-0.035995750835292,-0.0657901541862425,0.0257807339647837,-0.00153874373457008,TRUE,,8.1965922660546e-11,TRUE,secondary_exploratory,all_eligible_drugs,Topical circulatory preparations,4.53290816890594e-11,TRUE,TRUE,5.68178028663104e-11,TRUE
031000,0310000N0,Pseudoephedrine hydrochloride,1.03558461175258e-11,negbin,NB-LRT,18.0080372465305,0.00619135451406644,0.0504633579158179,,,110.066037318863,0.071619952743326,0.197590439135839,-0.0243813698675021,0.0276799156510324,TRUE,,8.47612951131942e-11,TRUE,secondary_exploratory,all_eligible_drugs,Systemic nasal decongestants,7.51632472383658e-11,TRUE,TRUE,5.874264435631e-11,TRUE
050108,0501080D0,Co-trimoxazole(Trimethoprim/sulfamethoxazole),4.33361055917415e-11,poisson,HAC-Wald,13.4498187569064,1.52301994578105e-06,0.000276782586201896,0.484202738597279,FALSE,,0.00448979489837417,0.0182423178612712,1.27620668511933e-06,0.009188459449845,TRUE,,3.51744723719635e-10,TRUE,secondary_exploratory,all_eligible_drugs,Sulfonamides and trimethoprim,0.000378108884704967,TRUE,TRUE,2.43719294695435e-10,TRUE
030302,0303020G0,Montelukast,6.30051574223025e-11,poisson,HAC-Wald,255.627799261462,4.11636232700713e-08,5.03376920691911e-05,6.69648005788147,FALSE,,0.00492026423304308,0.00178752923349258,-0.00279745947752148,0.00918374722890282,TRUE,,5.07165482060518e-10,TRUE,secondary_exploratory,all_eligible_drugs,Leukotriene receptor antagonists,2.73709047581924e-10,TRUE,TRUE,3.51333843931144e-10,TRUE
131004,1310040M0,Malathion,6.79068694664679e-11,poisson,HAC-Wald,162.67381580075,5.38047408781866e-05,2.11168644020932e-05,7.97930778539486,FALSE,,0.269726676203636,0.0564909654490901,-0.018672631567451,-0.111661033406453,TRUE,,5.42141728363441e-10,TRUE,secondary_exploratory,all_eligible_drugs,Parasiticidal preparations,6.7990072351079e-32,TRUE,TRUE,3.75485042932234e-10,TRUE
140400,1404000F0,Diphtheria,7.53564915565846e-11,poisson,HAC-Wald,204.675220400109,1.81133047553702e-06,0.000414711538589185,12,TRUE,,0.00384950258757491,0.0651865298741801,0.0728040178241505,-0.0232421415453506,TRUE,,5.96725388423686e-10,TRUE,secondary_exploratory,all_eligible_drugs,Vaccines and antisera,5.01709265504371e-74,TRUE,TRUE,4.13204762035272e-10,TRUE
050112,0501120L0,Ciprofloxacin,1.06589031548397e-10,negbin,NB-LRT,24.8707506827737,5.2937386022122e-08,0.188386854634159,,,1423.25539645494,-0.0117839377452751,0.0529244255990996,0.00362224255750743,-0.00592935634943215,TRUE,,8.37239651033377e-10,TRUE,secondary_exploratory,all_eligible_drugs,Quinolones,4.12469936146296e-10,TRUE,TRUE,5.79632915362358e-10,TRUE
040301,0403010B0,Amitriptyline hydrochloride,1.61591351820569e-10,poisson,HAC-Wald,825.688098215868,1.93660720142738e-09,1.38413722406971e-05,12,TRUE,,0.00372440434034949,0.00545027275338972,-0.00339296615248015,0.000226807986876414,TRUE,,1.25911981338587e-09,TRUE,secondary_exploratory,all_eligible_drugs,Tricyclic and related antidepressant drugs,5.81617035616975e-09,TRUE,TRUE,8.71533684409297e-10,TRUE
100101,1001010J0,Ibuprofen,1.77028707223328e-10,poisson,HAC-Wald,73.1295722373684,1.38316338800988e-07,0.0010867893163975,3.03902405212043,FALSE,,0.00678938644996248,0.0194787342863711,-0.0100302770859411,0.00774464085434504,TRUE,,1.36846000663113e-09,TRUE,secondary_exploratory,all_eligible_drugs,Non-steroidal anti-inflammatory drugs,5.27206392050756e-10,TRUE,TRUE,9.47031620755691e-10,TRUE
040704,0407042Q0,Pizotifen malate,2.09045414109081e-10,poisson,HAC-Wald,27.7006278466501,4.5311117812651e-08,0.000200965729900471,6.29309344780909,FALSE,,0.00629777779340801,0.00108847465991001,-0.0036667578649918,0.00326075466418992,TRUE,,1.60323018379721e-09,TRUE,secondary_exploratory,all_eligible_drugs,Antimigraine drugs,0.745226127019671,FALSE,FALSE,,FALSE
010102,0101021B0,Alginic acid compound preparations,2.58583610962564e-10,poisson,HAC-Wald,298.559182081073,9.35538473868293e-09,0.0416981856103673,2.64498163554009,FALSE,,0.0116709253478359,0.0246782606880515,-0.00331424613553025,0.00364246280637957,TRUE,,1.96765966466826e-09,TRUE,secondary_exploratory,all_eligible_drugs,Compound alginates and proprietary indigestion preparations,9.844932030669e-10,TRUE,TRUE,1.37216141946264e-09,TRUE
100202,1002020Y0,Dronabinol/cannabidiol,2.80893415749023e-10,poisson,HAC-Wald,0.636409703942233,0.999999921562837,0.0114128649376449,6.35893834036657,FALSE,,0.0169328620088873,0.0208048171211118,-0.0139144618532297,0.00875152409902794,TRUE,,2.12085416232208e-09,TRUE,secondary_exploratory,all_eligible_drugs,Skeletal muscle relaxants,0.108400217093321,FALSE,FALSE,,FALSE
041002,0410020B0,Nicotine,2.9490018582401e-10,poisson,HAC-Wald,62.9591834196211,7.89025754175035e-06,0.00174224881723961,3.03886566725642,FALSE,,0.0633427871091379,-0.0144302770949693,0.00949122307203393,-0.0200567771754016,TRUE,,2.2094829307122e-09,TRUE,secondary_exploratory,all_eligible_drugs,Nicotine dependence,3.44007179729206e-08,TRUE,TRUE,1.55235457817759e-09,TRUE
120201,1202010T0,Triamcinolone acetonide,5.39178717471451e-10,poisson,HAC-Wald,60.7590695457444,3.23999297818619e-11,0,1.89700033356381,FALSE,,0.00152079796574219,-0.173813526100265,0.0231629894573366,0.00626561011093556,TRUE,,4.00885550242132e-09,TRUE,secondary_exploratory,all_eligible_drugs,Drugs used in nasal allergy,4.93335033400967e-52,TRUE,TRUE,2.81571108012869e-09,TRUE
120101,1201010G0,Hydrocortisone acetate,9.104061649536e-10,negbin,NB-LRT,13.1821623552196,1.92740090826404e-07,0.333081504172962,,,286.059865193475,-0.0908147493464631,0.0473012692576234,0.0209127493506778,-0.0536194764821019,TRUE,,6.71769397473338e-09,TRUE,secondary_exploratory,all_eligible_drugs,Otitis externa,4.03048405132221e-10,TRUE,TRUE,4.71690753180684e-09,TRUE
090102,0901020D0,Cyanocobalamin,9.38414441295008e-10,poisson,HAC-Wald,108.880110362494,5.57180532603103e-08,0.000698899299543143,12,TRUE,,-0.0136488927384864,-0.000588922426830931,-0.000869511210414982,-0.00111293643790227,TRUE,,6.87229823925818e-09,TRUE,secondary_exploratory,all_eligible_drugs,Drugs used in megaloblastic anaemias,0.368742866068691,FALSE,FALSE,,FALSE
040600,0406000P0,Metoclopramide hydrochloride,1.06291923166054e-09,poisson,HAC-Wald,35.4942588061119,6.09106031529834e-10,0.000686435187061685,5.89130669197223,FALSE,,-0.00555033496286835,0.0119636765519094,0.000188366615756858,-0.00157915155179921,TRUE,,7.72599501221913e-09,TRUE,secondary_exploratory,all_eligible_drugs,Drugs used in nausea and vertigo,4.48078666131178e-09,TRUE,TRUE,5.46406917525495e-09,TRUE
131002,1310020T0,Tioconazole,1.09592239952718e-09,negbin,NB-LRT,2.73878891916472,0.0014739839481031,0.0549716174589693,,,609.146133988668,-0.00722730966557605,-0.0980545352795625,0.015949253694026,-0.0172741295520003,TRUE,,7.90687716399608e-09,TRUE,secondary_exploratory,all_eligible_drugs,Antifungal preparations,0.000226648496068398,TRUE,TRUE,5.5900537898363e-09,TRUE
050106,0501060D0,Clindamycin hydrochloride,1.22594663488667e-09,negbin,NB-LRT,6.30014404167799,3.48309096080213e-07,0.550086302949401,,,1322.41989550999,-0.0266445050374421,-0.0466263935785437,0.0135264075377231,-0.00934916277061501,TRUE,,8.77994134102658e-09,TRUE,secondary_exploratory,all_eligible_drugs,Clindamycin and lincomycin,4.48078666131178e-09,TRUE,TRUE,6.20517604427252e-09,TRUE
050105,0501050A0,Azithromycin,1.80045636365615e-09,negbin,NB-LRT,125.753243710046,0.0108917783832744,0.0575347466851964,,,727.314806891818,0.0244151780047082,0.0601084411937745,-0.00697282548295897,0.0172439916803392,TRUE,,1.28003248043875e-08,TRUE,secondary_exploratory,all_eligible_drugs,Macrolides,6.83004773135963e-17,TRUE,TRUE,9.04351364340264e-09,TRUE
090102,0901020N0,Hydroxocobalamin,1.92798821694637e-09,poisson,HAC-Wald,273.188513159529,2.6575718495335e-06,9.26411039693376e-05,10.1673457459123,FALSE,,-0.00811104682551664,-0.0137115687519162,0.0175001220835284,-0.00190096537587089,TRUE,,1.36076849514911e-08,TRUE,secondary_exploratory,all_eligible_drugs,Drugs used in megaloblastic anaemias,0.368742866068691,FALSE,FALSE,,FALSE
040600,0406000G0,Cyclizine lactate,2.37061660516814e-09,poisson,HAC-Wald,15.2303930081645,2.51322104081395e-08,6.25333311798926e-08,4.05030098968017,FALSE,,0.00521504908043948,0.0471490992214786,0.000157927748124777,0.0201451733320776,TRUE,,1.66113710318976e-08,TRUE,secondary_exploratory,all_eligible_drugs,Drugs used in nausea and vertigo,4.48078666131178e-09,TRUE,TRUE,1.18171645924291e-08,TRUE
060301,0603010I0,Fludrocortisone acetate,2.76736407632453e-09,poisson,HAC-Wald,34.4264962173639,4.18470028663753e-07,2.20377283504103e-05,7.94020967234257,FALSE,,-0.00486369819530118,0.00866841730093974,0.00113519089303933,0.00271524979069296,TRUE,,1.9252947216715e-08,TRUE,secondary_exploratory,all_eligible_drugs,Replacement therapy,9.66381106018091e-09,TRUE,TRUE,1.36911696407635e-08,TRUE
050105,0501050H0,Erythromycin ethylsuccinate,3.05073794560427e-09,negbin,NB-LRT,1194.41270878878,0.0343616413819459,0.163589621717818,,,25.1881570996969,0.183781681522353,0.246409360851493,-0.0678783267560461,0.161485411304651,TRUE,,2.10738919079331e-08,TRUE,secondary_exploratory,all_eligible_drugs,Macrolides,6.83004773135963e-17,TRUE,TRUE,1.49804893149822e-08,TRUE
040600,0406000T0,Prochlorperazine maleate,3.14940920449235e-09,poisson,HAC-Wald,119.198883053092,1.05437900715657e-09,0.00338487550605449,12,TRUE,,-0.00632469493411173,0.00845888840591971,0.00388718680806977,-0.00919609289489511,TRUE,,2.16022856702504e-08,TRUE,secondary_exploratory,all_eligible_drugs,Drugs used in nausea and vertigo,4.48078666131178e-09,TRUE,TRUE,1.53504537522664e-08,TRUE
131106,1311060Q0,Potassium permanganate,4.67738848023664e-09,negbin,NB-LRT,2.44550372132691,0.00526167150524517,0.212651665455776,,,486.091508365715,-0.0802989094732532,-0.0731037220146372,0.0166489990657077,-0.0123233882694406,TRUE,,3.18585760821712e-08,TRUE,secondary_exploratory,all_eligible_drugs,Oxidisers and dyes,2.67982021171216e-09,TRUE,TRUE,2.26303060293802e-08,TRUE
040702,0407020Q0,Morphine sulfate,5.13473013468365e-09,poisson,HAC-Wald,261.083786661569,1.65968699634528e-09,9.42689466598701e-07,9.34412109899299,FALSE,,0.00156988562220387,0.00370040442872859,-0.00436247247766645,0.0035856778178918,TRUE,,3.47307441054297e-08,TRUE,secondary_exploratory,all_eligible_drugs,Opioid analgesics,0.272633294918465,FALSE,FALSE,,FALSE
120103,1201030N0,Urea hydrogen peroxide,5.27583026975379e-09,poisson,HAC-Wald,5.35572075861434,2.59603447589551e-05,6.5871702648046e-08,9.75699708713942,FALSE,,0.0249127629116655,-0.00532119616024084,0.0162621222007832,-0.0339263888271435,TRUE,,3.54390253982082e-08,TRUE,secondary_exploratory,all_eligible_drugs,Removal of ear wax and other substances,1.47066738370915e-17,TRUE,TRUE,2.53393891788175e-08,TRUE
110801,1108010D0,Carmellose sodium,5.38534506359405e-09,poisson,HAC-Wald,29.4827117304474,1.10366518596819e-09,5.51368905001848e-05,2.41673614656306,FALSE,,-0.00999121242745216,-0.0116909670982717,0.000913014403354158,0.00412374545295375,TRUE,,3.5926891040689e-08,TRUE,secondary_exploratory,all_eligible_drugs,"Tear deficiency, eye lubricant and astringent",0.402879512529337,FALSE,FALSE,,FALSE
050101,0501013K0,Co-amoxiclav (Amoxicillin/clavulanic acid),5.70396996453895e-09,poisson,HAC-Wald,159.513350094075,0.000467083334139038,0.00899137108653103,0.39059655576201,FALSE,,0.0329291740165736,0.0453313668690141,0.0117933193781129,0.0138055197718051,TRUE,,3.77936513296662e-08,TRUE,secondary_exploratory,all_eligible_drugs,Penicillins,5.41228415339323e-21,TRUE,TRUE,2.71971901207727e-08,TRUE
110301,1103010B0,Ciprofloxacin,6.91402043810935e-09,negbin,NB-LRT,6.49302017278329,7.07643489890084e-06,0.422903222499941,,,939.883845118649,-0.0168442902563935,0.030451858495843,0.0423561929760663,-0.0304600272362666,TRUE,,4.55017290994494e-08,TRUE,secondary_exploratory,all_eligible_drugs,Antibacterials,9.40936355817698e-11,TRUE,TRUE,3.27296794839996e-08,TRUE
020505,0205051W0,Imidapril hydrochloride,7.33884611123221e-09,poisson,HAC-Wald,0.675765355756689,0.999934580600174,0.00723034641235354,8.98594618188134,FALSE,,0.00116300277875561,0.00732089590311732,0.0153958248166662,0.0170092893935204,TRUE,,4.79733967271153e-08,TRUE,secondary_exploratory,all_eligible_drugs,Renin-angiotensin system drugs,0.0166702504942612,TRUE,TRUE,3.44925767227914e-08,TRUE
070401,0704010U0,Tamsulosin hydrochloride,8.04820289363649e-09,poisson,HAC-Wald,464.257173955886,5.85431894024188e-10,1.4697657080287e-06,12,TRUE,,-3.1705986392332e-06,0.00520821502635446,-0.00347330763297792,0.00209772260750186,TRUE,,5.22596641226796e-08,TRUE,secondary_exploratory,all_eligible_drugs,Drugs for urinary retention,4.29924047279809e-07,TRUE,TRUE,3.75582801703036e-08,TRUE
050113,0501130R0,Nitrofurantoin,1.63263612973883e-08,negbin,NB-LRT,409.145820748611,4.62278815208944e-10,0.123833162289516,,,974.895541213589,-0.0434063101365318,0.0294302059874111,0.00823780549142245,-0.0148106102463272,TRUE,,1.05310436448055e-07,TRUE,secondary_exploratory,all_eligible_drugs,Urinary-tract infections,2.05997052646044e-07,TRUE,TRUE,7.56531389695882e-08,TRUE
130201,1302011M0,Liquid paraffin,2.5647771260445e-08,negbin,NB-LRT,2.39116346626362,0.0129466989183427,0.111384312834127,,,1824.91805700299,0.0484362712171086,-0.0241280040445401,-0.0120874329727448,0.00897334057518089,TRUE,,1.64348218471536e-07,TRUE,secondary_exploratory,all_eligible_drugs,Emollients,4.56697434699239e-18,TRUE,TRUE,1.18015618806803e-07,TRUE
010702,0107020J0,Hydrocortisone,4.08821028370864e-08,poisson,HAC-Wald,126.835391441488,6.50027745054474e-07,0.0225361113398372,6.12366105091483,FALSE,,0.0385853479086417,0.0320636350463246,-0.00118743567838433,-0.00709460999895253,TRUE,,2.60256001067465e-07,TRUE,secondary_exploratory,all_eligible_drugs,Compound haemorrhoidal preparations with corticosteroid,3.54049245952409e-17,TRUE,TRUE,1.86808497686131e-07,TRUE
120203,1202030R0,Mupirocin,1.28363897019324e-07,poisson,HAC-Wald,25.305473665607,4.78931619383784e-05,0.00224544175639974,1.00386194118714,FALSE,,0.0859718364106892,-0.0197434548189727,0.00327731684538007,0.0200752289801035,TRUE,,8.11859972057286e-07,TRUE,secondary_exploratory,all_eligible_drugs,Nasal preparations for infection,1.53124033203395e-34,TRUE,TRUE,5.82506511991141e-07,TRUE
050112,0501120Y0,Moxifloxacin,1.75774698703642e-07,poisson,Poisson-LRT,1.74592733690351,0.120922301775867,0.396020819466258,,,,0.0284837712101308,0.066047122449963,0.0116876012064528,0.0193303701696537,TRUE,,1.1045455260474e-06,TRUE,secondary_exploratory,all_eligible_drugs,Quinolones,4.12469936146296e-10,TRUE,TRUE,7.92190080458878e-07,TRUE
050205,0502050B0,Griseofulvin,2.63877370863147e-07,poisson,HAC-Wald,4.6058999046767,4.4958620842716e-05,2.24152918448794e-11,3.11613956451411,FALSE,,0.0406206379002759,-0.131891664254887,0.019103563447052,-0.0346188273351545,TRUE,,1.64754204628657e-06,TRUE,secondary_exploratory,all_eligible_drugs,Other antifungals,1.64563226144604e-13,TRUE,TRUE,1.1811653743398e-06,TRUE
050201,0502010C0,Itraconazole,2.90932339314669e-07,negbin,NB-LRT,29.9518941383767,9.76173455704734e-06,0.761153332872304,,,271.448153700271,-0.0548032757061634,-0.0743027927660555,0.00611123473257252,0.00796236608455897,TRUE,,1.80489234708591e-06,TRUE,secondary_exploratory,all_eligible_drugs,Triazole antifungals,0.045794299931884,TRUE,TRUE,1.29346945452062e-06,TRUE
110401,1104010K0,Fluorometholone,3.80524357085956e-07,poisson,HAC-Wald,4.10439181790018,1.53174090768042e-05,0.0179823251171034,1.75451801492722,FALSE,,-0.00667553529226435,-0.0148625619458995,-0.00442878272254122,0.0109677823634288,TRUE,,2.34576407469444e-06,TRUE,secondary_exploratory,all_eligible_drugs,Corticosteroids,0.940393434747381,FALSE,FALSE,,FALSE
140400,1404000S0,Typhoid,4.58721192725929e-07,poisson,HAC-Wald,555.238940701655,5.44096209115888e-05,3.22371138672395e-08,1.28652248866781,FALSE,,0.0241498512037397,0.0478237213862875,0.0991747932299041,0.0261788054237797,TRUE,,2.81002793531481e-06,TRUE,secondary_exploratory,all_eligible_drugs,Vaccines and antisera,5.01709265504371e-74,TRUE,TRUE,2.02576204572927e-06,TRUE
050105,0501050C0,Erythromycin,5.33004692824695e-07,negbin,NB-LRT,194.331509901856,0.0335036863912481,0.11805103762433,,,190.193877113346,0.068699774189519,0.0747092936675527,0.0138615168257529,0.0284854122692902,TRUE,,3.24466606757033e-06,TRUE,secondary_exploratory,all_eligible_drugs,Macrolides,6.83004773135963e-17,TRUE,TRUE,2.338113919191e-06,TRUE
060101,0601011L0,Insulin Lispro,7.21264034783127e-07,poisson,HAC-Wald,28.7325043897581,6.68486651316065e-07,0.00158352214938917,0.851070577544348,FALSE,,0.00531157628541334,8.16430974176536e-05,-0.00324467691776957,0.0130973654333024,TRUE,,4.36342341539606e-06,TRUE,secondary_exploratory,all_eligible_drugs,Insulin,0.0233801524823976,TRUE,TRUE,3.14299162177018e-06,TRUE
030101,0301011V0,Terbutaline sulphate,7.30376523618985e-07,poisson,HAC-Wald,23.9671880312365,8.834303238134e-09,0.00299048174121674,1.56705685908013,FALSE,,-0.000454872563816052,0.0146773892462036,-0.00531021399275124,0.0201859191892858,TRUE,,4.39127613583266e-06,TRUE,secondary_exploratory,all_eligible_drugs,Adrenoceptor agonists,2.96694404817216e-20,TRUE,TRUE,3.16176152987692e-06,TRUE
120101,120101050,Dexamethasone,8.03102480314141e-07,negbin,NB-LRT,250.963958797161,4.3377857780028e-07,0.853122273475401,,,513.709743421846,-0.0371890565608683,0.0359584195126685,0.0361975034113286,-0.0117503272322154,TRUE,,4.79890684555812e-06,TRUE,secondary_exploratory,all_eligible_drugs,Otitis externa,4.03048405132221e-10,TRUE,TRUE,3.45386556893271e-06,TRUE
130700,1307000Q0,Silver nitrate,9.51017873794937e-07,poisson,HAC-Wald,2.79588132709533,0.00187069412313179,0.0024741314809964,1.04866819744895,FALSE,,-0.0348019140225161,-0.0295320490487253,-0.00597390743941345,-0.0356985023751307,TRUE,,5.64811834802603e-06,TRUE,secondary_exploratory,all_eligible_drugs,Preparations for warts and calluses,8.58535976194372e-32,TRUE,TRUE,4.06344000621473e-06,TRUE
040301,0403010X0,Trazodone hydrochloride,1.15950395308717e-06,poisson,HAC-Wald,74.3282511679865,2.75996638757446e-09,1.93725480979179e-06,12,TRUE,,0.00156717333851454,0.00538215409510819,-0.00201113940312242,0.00179925518449706,TRUE,,6.84458697155699e-06,TRUE,secondary_exploratory,all_eligible_drugs,Tricyclic and related antidepressant drugs,5.81617035616975e-09,TRUE,TRUE,4.92228129762167e-06,TRUE
050102,0501021L0,Cefalexin,1.27238717268367e-06,negbin,NB-LRT,91.6221170881292,0.000669502258550881,0.0980244862204472,,,1015.07906433338,-0.00986262140308741,0.0426254147786485,0.00785537827630219,0.0044276886723587,TRUE,,7.46569341080661e-06,TRUE,secondary_exploratory,all_eligible_drugs,Cephalosporins and other beta-lactams,4.30504844194276e-06,TRUE,TRUE,5.36686384375549e-06,TRUE
040203,0402030K0,Lithium carbonate,1.35769824818742e-06,poisson,HAC-Wald,40.4228453617212,2.28543261376433e-09,4.38955493142768e-06,10.1161369380347,FALSE,,-1.79690677046692e-05,0.00476027716761692,-0.000786921302606794,0.00428893217717316,TRUE,,7.9185514594883e-06,TRUE,secondary_exploratory,all_eligible_drugs,Drugs used for mania and hypomania,0.0342362206094809,TRUE,TRUE,5.69022577902753e-06,TRUE
040701,0407010P0,Nefopam hydrochloride,1.36725721838883e-06,poisson,HAC-Wald,37.9395297674889,2.62834908976709e-09,0.0256018912000713,2.82971913109119,FALSE,,-0.00141689459326956,-0.0138396605093598,-0.00154641344553304,-0.00276308421988004,TRUE,,7.92683649232569e-06,TRUE,secondary_exploratory,all_eligible_drugs,Non-opioid analgesics and compound preparations,8.43977774190808e-06,TRUE,TRUE,5.69402056772055e-06,TRUE
010402,0104020L0,Loperamide hydrochloride,1.44684931339016e-06,poisson,HAC-Wald,92.555902888007,2.77685782946179e-08,0.000274871291177758,5.00391307058668,FALSE,,-0.0102223163438588,-0.00411170981617842,0.00023971955375284,0.00275497830400163,TRUE,,8.33864633871018e-06,TRUE,secondary_exploratory,all_eligible_drugs,Antimotility drugs,2.18265840235112e-06,TRUE,TRUE,5.98759024031905e-06,TRUE
050101,0501015P0,Pivmecillinam hydrochloride,1.88002117227621e-06,negbin,NB-LRT,27.4720251176741,5.47800605162364e-10,0.35926296730212,,,1254.91031518983,-0.0275422108770513,0.0222285321524301,0.00753340995453507,-0.0179374752999824,TRUE,,1.07714154223354e-05,TRUE,secondary_exploratory,all_eligible_drugs,Penicillins,5.41228415339323e-21,TRUE,TRUE,7.7315870709859e-06,TRUE
020802,0208020V0,Warfarin sodium,1.91881821704354e-06,poisson,HAC-Wald,193.525871919222,1.7970828219405e-09,1.59565016488727e-06,5.1243539439924,FALSE,,-0.00465094652100243,0.00577016585055178,-0.00459592203863174,0.00585806825752368,TRUE,,1.09294090257334e-05,TRUE,secondary_exploratory,all_eligible_drugs,Oral anticoagulants,0.00531800462558879,TRUE,TRUE,7.84212662617795e-06,TRUE
050107,0501070AE,Fosfomycin trometamol,2.52667117590692e-06,negbin,NB-LRT,14.5728116496303,1.16327812573496e-08,0.278106889631182,,,1205.30179648516,-0.0329647381696392,0.017340260066701,0.0121541887038363,-0.0143304258049271,TRUE,,1.43080100310078e-05,TRUE,secondary_exploratory,all_eligible_drugs,Some other antibacterials,0.00188469676334775,TRUE,TRUE,1.02626520601651e-05,TRUE
140400,140400070,Hepatitis A/hepatitis B,2.90050231463272e-06,poisson,HAC-Wald,37.3156089007147,4.45197792885206e-05,0.0499579755071672,1.27385389511077,FALSE,,0.0761163223826463,-0.020441314127734,0.0488791064548134,0.0713112825528388,TRUE,,1.63299956904756e-05,TRUE,secondary_exploratory,all_eligible_drugs,Vaccines and antisera,5.01709265504371e-74,TRUE,TRUE,1.17087762148977e-05,TRUE
020603,0206030Z0,Ranolazine,3.16909405658473e-06,poisson,HAC-Wald,49.9239405619288,6.52681503658956e-08,8.56699827289642e-06,6.90983043841373,FALSE,,-0.00290584908414332,0.00531342969645203,-0.00147175079169048,0.00390618237124439,TRUE,,1.77141074206485e-05,TRUE,secondary_exploratory,all_eligible_drugs,Other antianginal drugs,0.0321300338119129,TRUE,TRUE,1.26922996048017e-05,TRUE
060302,0603020J0,Hydrocortisone,3.18271950576334e-06,poisson,HAC-Wald,26.3804706415556,4.63409070257852e-07,0.000314049672033301,6.21236717639392,FALSE,,-0.00441724834425871,0.00690708550094915,-0.00156852152193126,0.0066947335314138,TRUE,,1.77141074206485e-05,TRUE,secondary_exploratory,all_eligible_drugs,Glucocorticoid therapy,7.99962161406946e-42,TRUE,TRUE,1.26922996048017e-05,TRUE
100302,100302010,Ketoprofen,3.87024911630252e-06,poisson,HAC-Wald,10.2791278356866,8.06788872674543e-05,0.00546571980518573,4.77232669503275,FALSE,,0.00131732473988836,-0.012911139172062,-0.00602028210377656,-0.00461304789044006,TRUE,,2.14183104504469e-05,TRUE,secondary_exploratory,all_eligible_drugs,"Rubefacients, topical NSAIDs, capsaicin and poultices",1.55919199584476e-59,TRUE,TRUE,1.53411079429341e-05,TRUE
010604,0106040N0,Phosphates (Rectal),4.08274929094182e-06,poisson,HAC-Wald,5.96382096781695,1.82527530943465e-05,0.0363923789989764,6.31542804073943,FALSE,,-0.0114348970085599,-0.00904283983423737,0.00864387603726157,0.000690593608888322,TRUE,,2.24666542902674e-05,TRUE,secondary_exploratory,all_eligible_drugs,Osmotic laxatives,0.411692559020789,FALSE,FALSE,,FALSE
010701,0107010N0,Lidocaine hydrochloride,4.21318285506836e-06,poisson,HAC-Wald,2.50508346196037,0.00269158701972446,0.00167359377780707,12,TRUE,,0.00306037977237555,0.00887309637434979,-0.00371145638350701,-0.0170598636395723,TRUE,,2.30541578698684e-05,TRUE,secondary_exploratory,all_eligible_drugs,Soothing haemorrhoidal preparations,3.88567411103636e-20,TRUE,TRUE,1.66004450217663e-05,TRUE
041100,0411000G0,Memantine hydrochloride,4.53295428298739e-06,poisson,HAC-Wald,109.28569046129,7.37149532146132e-09,2.60350204472903e-05,10.1905184232348,FALSE,,-0.00585455192213179,0.00826674957793701,-0.00136834946308778,0.00598005558244712,TRUE,,2.4665349003518e-05,TRUE,secondary_exploratory,all_eligible_drugs,Dementia,3.28476791770192e-10,TRUE,TRUE,1.77540709417006e-05,TRUE
010200,0102000T0,Peppermint oil,5.68797605694206e-06,poisson,HAC-Wald,32.5567775992711,1.35451919207551e-09,0.000682244782299613,6.53005913803348,FALSE,,-0.0075008845012176,-0.00303260995854866,0.000468466595490857,-0.00301023712039066,TRUE,,3.04400476893492e-05,TRUE,secondary_exploratory,all_eligible_drugs,Antispasmodics and other drugs altering gut motility,0.0936735611860228,FALSE,FALSE,,FALSE
020602,0206020F0,Felodipine,5.64508934547949e-06,poisson,HAC-Wald,189.067980651052,2.75830582267556e-09,1.37771199160142e-06,6.86951862250461,FALSE,,0.00501226060886847,-3.15193957075479e-05,-0.00268309251886993,0.0017204951418203,TRUE,,3.04400476893492e-05,TRUE,secondary_exploratory,all_eligible_drugs,Calcium-channel blockers,3.20982104870482e-14,TRUE,TRUE,2.19033650065506e-05,TRUE
060402,0604020C0,Finasteride,5.6589240898383e-06,poisson,HAC-Wald,221.403184475009,6.74724830930306e-10,2.62284439089822e-06,12,TRUE,,-0.00201490478311463,0.00522479119005405,-0.00384731954469599,0.00183125426940433,TRUE,,3.04400476893492e-05,TRUE,secondary_exploratory,all_eligible_drugs,Male sex hormones and antagonists,6.44078395714296e-07,TRUE,TRUE,2.19033650065506e-05,TRUE
030200,0302000N0,Fluticasone propionate (Inhalation),6.09957366856223e-06,poisson,HAC-Wald,164.998231449006,3.07899496990345e-08,0.000173839468396997,1.04406060904932,FALSE,,0.00358186197475959,0.0144922948825659,-0.00645915858838248,0.00981999392924228,TRUE,,3.24643975583586e-05,TRUE,secondary_exploratory,all_eligible_drugs,Corticosteroids (respiratory),5.7573277320653e-30,TRUE,TRUE,2.34708741164559e-05,TRUE
100104,1001040C0,Allopurinol,6.6531915187918e-06,poisson,HAC-Wald,339.683974576408,1.01638699315813e-09,7.55288319220782e-06,11.0395650177262,FALSE,,-0.00623102246448494,0.00131698346798769,-0.00114826822719112,0.00212920907945995,TRUE,,3.52185246701262e-05,TRUE,secondary_exploratory,all_eligible_drugs,Gout and cytotoxic induced hyperuicaemia,1.06784116477649e-16,TRUE,TRUE,2.54523256939826e-05,TRUE
040202,0402020Z0,Zuclopenthixol decanoate,7.41667907553298e-06,poisson,HAC-Wald,2.80815432805455,0.000802912206850442,0.00443001405650922,9.09092650692772,FALSE,,0.0105935362863413,0.0113592925781322,0.00419416979315094,0.00609507888086499,TRUE,,3.8837878599834e-05,TRUE,secondary_exploratory,all_eligible_drugs,Antipsychotic depot injections,0.000230107269456129,TRUE,TRUE,2.82091030734145e-05,TRUE
131005,1310050D0,Cetrimide,7.41150639067163e-06,poisson,Poisson-LRT,1.27444038392325,0.388851211145493,0.875585876776386,,,,-0.0266601346310866,-0.0567176596289906,-0.0101887934774335,-0.000128121325574405,TRUE,,3.8837878599834e-05,TRUE,secondary_exploratory,all_eligible_drugs,Preparations for minor cuts and abrasions,0.169535003759075,FALSE,FALSE,,FALSE
060101,0601012S0,Isophane insulin,7.73466746330578e-06,poisson,HAC-Wald,37.3177072830769,2.74832085910389e-08,0.000113297124709089,12,TRUE,,-0.000641424468357121,0.00298866137874132,-0.00375611359689363,0.00764807005591465,TRUE,,4.02864497821381e-05,TRUE,secondary_exploratory,all_eligible_drugs,Insulin,0.0233801524823976,TRUE,TRUE,2.92494896026161e-05,TRUE
020702,0207020Y0,Midodrine hydrochloride,7.92710405020976e-06,poisson,HAC-Wald,13.9984128495786,5.11490589901861e-08,0.000442917718123437,4.78201977218068,FALSE,,-0.0112003547418954,0.00864987261866719,0.000771862574332279,0.00431941552861651,TRUE,,4.10691454516186e-05,TRUE,secondary_exploratory,all_eligible_drugs,Vasoconstrictor sympathomimetics,2.31390842922359e-05,TRUE,TRUE,2.98059112287887e-05,TRUE
040303,0403030X0,Escitalopram,8.5798099172915e-06,poisson,HAC-Wald,89.2704835191525,3.67366166114771e-08,0.000531070760151686,9.87679576656651,FALSE,,0.00161517627977887,0.00259988521193298,-0.00246770788593871,0.00261809561138934,TRUE,,4.42155283568355e-05,TRUE,secondary_exploratory,all_eligible_drugs,Selective serotonin re-uptake inhibitors,0.000373686698569591,TRUE,TRUE,3.20767893498739e-05,TRUE
040303,0403030Q0,Sertraline hydrochloride,8.86313004465153e-06,poisson,HAC-Wald,1272.44914008026,3.27083627117305e-09,4.67599925924045e-05,12,TRUE,,0.00296319616773631,0.00312983956311072,-0.00156767195481374,0.00101876228894425,TRUE,,4.54352034920557e-05,TRUE,secondary_exploratory,all_eligible_drugs,Selective serotonin re-uptake inhibitors,0.000373686698569591,TRUE,TRUE,3.29488111264447e-05,TRUE
080304,0803042S0,Triptorelin embonate,1.02087446262691e-05,poisson,HAC-Wald,1.67427504825086,0.0945220729884324,1.55020548212592e-05,12,TRUE,,0.00758960173512052,0.00560078351256449,-0.0175811114585574,0.0203134141257178,TRUE,,5.2059252701498e-05,TRUE,secondary_exploratory,all_eligible_drugs,Hormone antagonists,0.00341395403142288,TRUE,TRUE,3.77379436184555e-05,TRUE
120201,1202010Z0,Mometasone furoate/olopatadine hydrochloride,1.36074313298495e-05,negbin,NB-LRT,15.1595975240746,0.00011985320176346,0.144100822680776,,,58.2971522958572,0.0351186447403749,-0.159181803624473,-0.0375922431912343,0.0557116797834462,TRUE,,6.90293651837158e-05,TRUE,secondary_exploratory,all_eligible_drugs,Drugs used in nasal allergy,4.93335033400967e-52,TRUE,TRUE,5.00206134918491e-05,TRUE
040801,0408010H0,Lamotrigine,1.62692567093888e-05,poisson,HAC-Wald,195.636460130551,3.39439271678514e-08,6.12399621124915e-06,8.81250898571782,FALSE,,-0.00114898006233791,0.00364486621591052,-0.00164833829980988,0.00603979782557592,TRUE,,8.2104953548936e-05,TRUE,secondary_exploratory,all_eligible_drugs,Control of epilepsy,0.0462428934317855,TRUE,TRUE,5.94731717487656e-05,TRUE
080304,0803042W0,Triptorelin,1.7920767030636e-05,poisson,HAC-Wald,6.78797595078022,1.27687718044995e-06,3.72783013347089e-07,5.03240546376641,FALSE,,0.0127802656518045,-0.000892049326003097,0.00643915015788141,-0.000631099462874975,TRUE,,8.99733355043271e-05,TRUE,secondary_exploratory,all_eligible_drugs,Hormone antagonists,0.00341395403142288,TRUE,TRUE,6.51484237909309e-05,TRUE
120303,1203030B0,Benzocaine,2.11462101726218e-05,poisson,HAC-Wald,1.29605227377313,0.347642502603687,0.0356355350660527,1.52236822075133,FALSE,,0.0651962085833958,0.0975902458306558,0.0196612118604408,-0.0199018522222602,TRUE,,0.00010562260875966,TRUE,secondary_exploratory,all_eligible_drugs,Lozenges and sprays,1.58784569297935e-10,TRUE,TRUE,7.64516829317866e-05,TRUE
040304,0403040U0,Reboxetine,2.30178472148816e-05,poisson,HAC-Wald,1.80842808583025,0.0265584451128392,1.13237386911713e-07,10.3248825284448,FALSE,,0.00434254368845158,0.00243214025592023,-0.00680888308934778,0.00232736452589154,TRUE,,0.000114384608098442,TRUE,secondary_exploratory,all_eligible_drugs,Other antidepressant drugs,3.16743876105447e-08,TRUE,TRUE,8.27636255048748e-05,TRUE
010301,0103010H0,Famotidine,2.4170492956248e-05,poisson,HAC-Wald,158.035563481579,8.00348783561192e-07,5.19030509821272e-05,6.03714359741845,FALSE,,-0.00545105377272546,0.00905172581749894,-0.00147815302195719,0.00398372537817275,TRUE,,0.000119502843347135,TRUE,secondary_exploratory,all_eligible_drugs,H2-receptor antagonists,5.45997117848395e-06,TRUE,TRUE,8.6435784593539e-05,TRUE
040301,0403010R0,Lofepramine hydrochloride,2.95917294211115e-05,poisson,HAC-Wald,6.86880006543119,7.12606546546371e-07,0.000144752901997114,6.52354823175076,FALSE,,8.26551797703809e-05,0.00559308892912045,-0.00548636070974763,0.00128712140373795,TRUE,,0.000145567396243245,TRUE,secondary_exploratory,all_eligible_drugs,Tricyclic and related antidepressant drugs,5.81617035616975e-09,TRUE,TRUE,0.000105250583562656,TRUE
040901,0409010N0,Co-careldopa (Carbidopa/levodopa),3.21748605160241e-05,poisson,HAC-Wald,66.2889084170678,1.28389075684996e-08,7.82255223275019e-06,11.0868766181995,FALSE,,-0.00421085477531218,0.00460086030463635,-0.00298738954318963,0.00370494961554485,TRUE,,0.000157478965540741,TRUE,secondary_exploratory,all_eligible_drugs,Dopaminergic drugs used in parkinsonism,0.000377505620594641,TRUE,TRUE,0.000113822893653462,TRUE
040303,0403030Z0,Citalopram hydrochloride,3.4110337234129e-05,poisson,HAC-Wald,3.75146167853734,3.40921408529887e-05,1.40230947348607e-05,4.26146676751573,FALSE,,-0.00878688364408537,0.00766380121486019,5.90259845467553e-05,0.00286524382139994,TRUE,,0.000166117342330208,TRUE,secondary_exploratory,all_eligible_drugs,Selective serotonin re-uptake inhibitors,0.000373686698569591,TRUE,TRUE,0.000120024609091213,TRUE
120101,1201010Q0,Hydrocortisone,3.5929377583494e-05,poisson,HAC-Wald,70.7632357816507,1.88102016726287e-08,0,0.65590742423663,FALSE,,-0.1268548601399,0.227937824517218,0.0625307164324131,0.102835733531811,TRUE,,0.000174105541125986,TRUE,secondary_exploratory,all_eligible_drugs,Otitis externa,4.03048405132221e-10,TRUE,TRUE,0.000125752821542229,TRUE
130602,1306020J0,Isotretinoin,3.81170779031118e-05,poisson,HAC-Wald,11.1557941098137,5.63126085047134e-06,0.000114006163976943,5.9495841657384,FALSE,,0.0817955223294735,-0.00358160367418184,-0.00270672686318569,-0.0125039507230605,TRUE,,0.000183792246918965,TRUE,secondary_exploratory,all_eligible_drugs,Oral preparations for acne,0.000920222435304135,TRUE,TRUE,0.000132703900847871,TRUE
130201,1302010U0,Urea,4.2972214302922e-05,negbin,NB-LRT,46.0352011581084,6.45775996638523e-06,0.145556591708333,,,1005.1736004313,0.0120855010256883,-0.0361343581479112,0.00395227217496348,-0.00238934625768786,TRUE,,0.000206181954340128,TRUE,secondary_exploratory,all_eligible_drugs,Emollients,4.56697434699239e-18,TRUE,TRUE,0.000148819563217488,TRUE
070402,0704020AB,Solifenacin,4.3969078778945e-05,poisson,HAC-Wald,165.186330568821,2.51305347389863e-09,2.81536891552081e-05,12,TRUE,,0.000841894846242792,0.00260738614517691,-0.00315270159032883,0.00371093837298899,TRUE,,0.000209930797699473,TRUE,secondary_exploratory,all_eligible_drugs,Drugs for urinary frequency enuresis and incontinence,0.102138015457376,FALSE,FALSE,,FALSE
050112,0501120P0,Ofloxacin,5.30996477537977e-05,negbin,NB-LRT,12.9023827471409,3.14324688546029e-05,0.0678105219979821,,,379.497037349657,0.0266522318844265,0.0515153709622627,-0.00430673104230965,-0.0240641972253773,TRUE,,0.000252288082498531,TRUE,secondary_exploratory,all_eligible_drugs,Quinolones,4.12469936146296e-10,TRUE,TRUE,0.000182929676554968,TRUE
020505,0205051F0,Captopril,5.7432311176384e-05,poisson,HAC-Wald,3.19586971358389,3.74090741123116e-05,0.028506825481147,2.27169962842456,FALSE,,-0.000414649392201951,0.00674181671199291,-0.00715076403656456,0.00293800063865707,TRUE,,0.00027154888876601,TRUE,secondary_exploratory,all_eligible_drugs,Renin-angiotensin system drugs,0.0166702504942612,TRUE,TRUE,0.000196825316427399,TRUE
050108,0501080W0,Trimethoprim,8.66203854209759e-05,negbin,NB-LRT,138.827929425808,4.36893315151784e-12,0.0782225984168888,,,1117.4346920529,-0.00828153263085368,0.0314247052614476,0.00329986294270225,-0.0103796391742673,TRUE,,0.000407576113043626,TRUE,secondary_exploratory,all_eligible_drugs,Sulfonamides and trimethoprim,0.000378108884704967,TRUE,TRUE,0.000295317168948198,TRUE
130400,1304000V0,Hydrocortisone,8.84950526437401e-05,negbin,NB-LRT,822.114409237967,4.67039276122325e-09,0.231309286874977,,,444.168348969845,0.0554293539051978,-0.0112011980523255,0.00263895883701658,0.000631357981853887,TRUE,,0.000414395102283668,TRUE,secondary_exploratory,all_eligible_drugs,Topical corticosteroids,0.000772676262857242,TRUE,TRUE,0.000300153322884438,TRUE
020400,0204000AB,Nebivolol,0.000114974465265783,poisson,HAC-Wald,35.780321804642,9.80945107502174e-08,0.000121877608582843,10.1504320340637,FALSE,,0.00161403169652158,0.00367707828854456,-0.00226761820204196,0.00120265518167096,TRUE,,0.000535814015162068,TRUE,secondary_exploratory,all_eligible_drugs,Beta-adrenoceptor blocking drugs,0.0081054061707156,TRUE,TRUE,0.000387965118691717,TRUE
021200,0212000P0,Fenofibrate,0.000116435099846103,poisson,HAC-Wald,30.6633238553963,3.23278936117295e-07,0.000701887468781526,3.34185699934276,FALSE,,-0.000838857013523163,0.00606052238578813,-0.00228898784529635,0.00373911744631761,TRUE,,0.000540037082143353,TRUE,secondary_exploratory,all_eligible_drugs,Lipid-regulating drugs,0.0304008061863522,TRUE,TRUE,0.00039088926376906,TRUE
020900,0209000Y0,Prasugrel,0.000130111147073068,poisson,HAC-Wald,7.46699303480255,4.08125490547967e-07,0.000806705802219088,12,TRUE,,-9.43530349257484e-06,0.000348781269694773,-0.00282344891774777,0.00591711828446735,TRUE,,0.00060060785426146,TRUE,secondary_exploratory,all_eligible_drugs,Antiplatelet drugs,0.000402533574512188,TRUE,TRUE,0.000434584440477557,TRUE
131004,1310040V0,Dimeticone (Parasiticidal),0.000131832967090549,negbin,NB-LRT,6.44760867470258,0.000250683024496827,0.189658280293672,,,88.3396744812112,-0.0825705848847882,0.102705326525054,0.00260978870442762,-0.0260474339452214,TRUE,,0.000605685424274504,TRUE,secondary_exploratory,all_eligible_drugs,Parasiticidal preparations,6.7990072351079e-32,TRUE,TRUE,0.000438111577502936,TRUE
040901,0409010Z0,Rotigotine,0.000152734298691697,poisson,HAC-Wald,7.51434748327678,1.90827066924325e-06,2.7868210772386e-07,12,TRUE,,-0.00813351471737789,0.00314413164168671,-0.00393381598904634,0.00313992522640197,TRUE,,0.000698418811857806,TRUE,secondary_exploratory,all_eligible_drugs,Dopaminergic drugs used in parkinsonism,0.000377505620594641,TRUE,TRUE,0.000505020947432847,TRUE
040301,0403010F0,Clomipramine hydrochloride,0.000153667576206089,poisson,HAC-Wald,11.6161465722187,6.80137407304904e-08,0.000144179705685032,4.82663052529238,FALSE,,-0.000537188677125247,0.00559495317615021,-0.00382203078120783,0.00272389669821929,TRUE,,0.00069940289357351,TRUE,secondary_exploratory,all_eligible_drugs,Tricyclic and related antidepressant drugs,5.81617035616975e-09,TRUE,TRUE,0.000505566325718034,TRUE
090502,090502100,Other phosphate supplement preparations,0.000158019742933812,negbin,NB-LRT,8.8954891061738,0.000243965668397155,0.0734273722531577,,,265.164093084987,-0.0576398937729875,-0.0420391573544765,-0.00221753113133362,-0.0167095476207651,TRUE,,0.000715866184267594,TRUE,secondary_exploratory,all_eligible_drugs,Phosphorus,0.016540956368645,TRUE,TRUE,0.000517298461942528,TRUE
020802,0208020W0,INR blood testing reagents,0.00016522468382397,negbin,NB-LRT,6.73541811798029,0.000797013370962022,0.579372574277705,,,556.682697174196,-0.0260596801233313,0.035731761568411,0.0180859359243878,0.0205326114633062,TRUE,,0.00074504093539142,TRUE,secondary_exploratory,all_eligible_drugs,Oral anticoagulants,0.00531800462558879,TRUE,TRUE,0.000538207138396892,TRUE
060102,0601023Z0,Metformin hydrochloride/vildagliptin,0.000187018330231977,poisson,HAC-Wald,2.07712147636409,0.0107049961386125,0.0311749139418647,4.90645035179272,FALSE,,-0.00590600259826538,0.0098266675944327,0.00220417280114651,0.00691857943752704,TRUE,,0.000839427896985927,TRUE,secondary_exploratory,all_eligible_drugs,Antidiabetic drugs,0.870182495394554,FALSE,FALSE,,FALSE
060302,0603020M0,Hydrocortisone sodium succinate,0.000188351930758061,poisson,HAC-Wald,10.8485099175879,6.06088234241483e-08,0.00452548738710545,2.28463848812936,FALSE,,-0.0102651378663333,-0.133849290973013,0.03453874980466,-0.0258688395781933,TRUE,,0.000841535690634641,TRUE,secondary_exploratory,all_eligible_drugs,Glucocorticoid therapy,7.99962161406946e-42,TRUE,TRUE,0.000610520051422682,TRUE
020900,0209000C0,Clopidogrel,0.000206661643508492,poisson,HAC-Wald,571.821354506363,2.93827040665602e-09,1.21070702274739e-06,12,TRUE,,-0.00229073875926191,0.00327952753273099,-0.00240468243140162,0.00205542391724185,TRUE,,0.000919125300352836,TRUE,secondary_exploratory,all_eligible_drugs,Antiplatelet drugs,0.000402533574512188,TRUE,TRUE,0.000666585105042096,TRUE
040400,0404000M0,Methylphenidate hydrochloride,0.000209687115929184,poisson,HAC-Wald,259.935814184211,7.81949191082574e-09,0.00284687192681254,4.58119946577115,FALSE,,0.0225363258827368,0.00985420626110784,-0.0137860511993173,0.00473865477897716,TRUE,,0.00092834204961375,TRUE,secondary_exploratory,all_eligible_drugs,CNS stimulants and drugs used for ADHD,0.0251947058398018,TRUE,TRUE,0.000673044498933673,TRUE
090607,090607000,Other multivitamin preparations,0.000217115225599472,poisson,HAC-Wald,61.3578707268666,2.71604208343506e-06,0.000237375869248879,12,TRUE,,0.000603559695718474,0.00812392696269192,-0.00120566732570193,0.00248390447517795,TRUE,,0.000956878867574145,TRUE,secondary_exploratory,all_eligible_drugs,Multivitamin preparations,0.00214384731978948,TRUE,TRUE,0.000693503973031325,TRUE
040600,0406000U0,Prochlorperazine mesilate,0.000226987478784426,poisson,HAC-Wald,8.49851056495375,2.87820401877185e-06,5.5402432729279e-06,1.59572453186026,FALSE,,-0.141560520279542,-0.183883526676573,-0.00908913697911744,-0.0319225167055111,TRUE,,0.000995882001513652,TRUE,secondary_exploratory,all_eligible_drugs,Drugs used in nausea and vertigo,4.48078666131178e-09,TRUE,TRUE,0.000721535077488658,TRUE
060101,0601011P0,Insulin glulisine,0.000245347029923484,poisson,HAC-Wald,4.96842123237475,1.15212327920941e-06,9.0669267923893e-05,1.20742721527735,FALSE,,0.00726370832083463,0.00400413850576225,-0.00519349466443168,0.00790024678106822,TRUE,,0.0010716054132084,TRUE,secondary_exploratory,all_eligible_drugs,Insulin,0.0233801524823976,TRUE,TRUE,0.000776145892738713,TRUE
020505,0205052AB,Olmesartan medoxomil/amlodipine,0.000249859980124353,poisson,HAC-Wald,1.53693879618519,0.128648948641062,0.00994144218654391,4.21665445730241,FALSE,,0.0115305987586394,-0.0024904915683717,-0.00146771804489616,0.00651868537032301,TRUE,,0.001086444735005,TRUE,secondary_exploratory,all_eligible_drugs,Renin-angiotensin system drugs,0.0166702504942612,TRUE,TRUE,0.000786640511587676,TRUE
130400,1304000F0,Betamethasone valerate,0.000251224766898519,negbin,NB-LRT,682.339645265535,0.000557974683256507,0.201380621474298,,,451.67803199148,0.0402550560715805,-0.0314803190976992,0.00906740119007807,0.00541225863019925,TRUE,,0.0010875241020407,TRUE,secondary_exploratory,all_eligible_drugs,Topical corticosteroids,0.000772676262857242,TRUE,TRUE,0.000787170936282027,TRUE
040801,0408010W0,Sodium valproate,0.000258285718022395,poisson,HAC-Wald,107.226765707461,9.70987635196615e-09,5.8741755043501e-05,11.7402213784239,FALSE,,-0.000632764505292594,0.00372970801071928,-0.000105224788050206,0.00425880081314824,TRUE,,0.00111314287324696,TRUE,secondary_exploratory,all_eligible_drugs,Control of epilepsy,0.0462428934317855,TRUE,TRUE,0.000805459727292586,TRUE
120101,1201010AF,Ciprofloxacin/fluocinolone,0.000270482761510187,negbin,NB-LRT,5.96080924092788,0.000430530276512006,0.153403154957909,,,148.474089976247,-0.0164635339597742,0.0649070622207555,0.00786613308147502,-0.0726582432250548,TRUE,,0.00116057361106133,TRUE,secondary_exploratory,all_eligible_drugs,Otitis externa,4.03048405132221e-10,TRUE,TRUE,0.000839517250347655,TRUE
120101,1201010B0,Acetic acid,0.000282337448508535,poisson,HAC-Wald,38.5050490352327,1.70413401521299e-07,1.37611291251005e-08,2.32368904767364,FALSE,,-0.01790917182558,0.0689251664645604,0.0174980547089918,-0.016639797078665,TRUE,,0.00120612576687418,TRUE,secondary_exploratory,all_eligible_drugs,Otitis externa,4.03048405132221e-10,TRUE,TRUE,0.000872197376143738,TRUE
020400,0204000H0,Bisoprolol fumarate,0.000290288585464349,poisson,HAC-Wald,1405.05374223782,2.0033176083216e-09,1.1264489662155e-06,11.4379842655361,FALSE,,-0.000738003076067135,0.00248646676566074,-0.00255987635048436,0.00221442744611282,TRUE,,0.00123467721503177,TRUE,secondary_exploratory,all_eligible_drugs,Beta-adrenoceptor blocking drugs,0.0081054061707156,TRUE,TRUE,0.000892569575867018,TRUE
020101,0201010F0,Digoxin,0.000313377938621427,poisson,HAC-Wald,135.959680294218,2.46298232616701e-09,1.20448498509562e-05,12,TRUE,,-0.00182929731612994,0.00300996581653765,-0.00269740592196724,0.00296965434860702,TRUE,,0.00132708744442291,TRUE,secondary_exploratory,all_eligible_drugs,Cardiac glycosides,0.000783444846553568,TRUE,TRUE,0.000959082249362321,TRUE
040901,0409010U0,Cabergoline,0.000329982342529661,poisson,HAC-Wald,1.31595405646149,0.311740186514073,0.00920222487806344,3.48917453491929,FALSE,,0.00669663642119946,0.0184978953953343,0.0123661719893316,-0.00238246921559243,TRUE,,0.00138660609197036,TRUE,secondary_exploratory,all_eligible_drugs,Dopaminergic drugs used in parkinsonism,0.000377505620594641,TRUE,TRUE,0.00100149386148538,TRUE
050103,0501030L0,Lymecycline,0.00033027989048986,poisson,HAC-Wald,82.642010843797,3.45672716926195e-10,0.00917239947483495,4.7885594376827,FALSE,,0.0228213638164225,-0.0078819148581387,-0.00794396230468465,-0.0103986433596908,TRUE,,0.00138660609197036,TRUE,secondary_exploratory,all_eligible_drugs,Tetracyclines,3.22372888099791e-88,TRUE,TRUE,0.00100149386148538,TRUE
030401,0304010J0,Hydroxyzine hydrochloride,0.000333997641173671,poisson,HAC-Wald,23.0098592132393,6.09871456380942e-09,0.00123885032828341,5.18832310423138,FALSE,,0.00924594296901946,0.00504590455150415,0.000547042231425743,0.00213901095800304,TRUE,,0.00139619614808221,TRUE,secondary_exploratory,all_eligible_drugs,Antihistamines,1.95040709693529e-226,TRUE,TRUE,0.00100812132060677,TRUE
060102,0601023AB,Liraglutide,0.000353523978611451,poisson,HAC-Wald,799.705817803074,9.76246390242563e-06,0,3.59667558353445,FALSE,,0.028568711707583,-0.0972125782230669,0.0493219837429434,-0.0196897753239166,TRUE,,0.00147150579131433,TRUE,secondary_exploratory,all_eligible_drugs,Antidiabetic drugs,0.870182495394554,FALSE,FALSE,,FALSE
010604,0106040G0,Lactulose,0.000355661506238888,poisson,HAC-Wald,175.790004326559,5.39654864731178e-11,0.00250598352887421,3.8380120224277,FALSE,,0.00157923801073422,0.0100384863984443,0.000264019979004273,-0.0014089320937692,TRUE,,0.00147410343436884,TRUE,secondary_exploratory,all_eligible_drugs,Osmotic laxatives,0.411692559020789,FALSE,FALSE,,FALSE
060101,0601011A0,Insulin aspart,0.000370214908853266,poisson,HAC-Wald,146.27176631313,3.9473117265794e-07,0.000949338887830331,2.24287320146907,FALSE,,0.00319062821628669,-0.0026704800910048,-0.000829028342652977,0.0134652003525846,TRUE,,0.00152792085264017,TRUE,secondary_exploratory,all_eligible_drugs,Insulin,0.0233801524823976,TRUE,TRUE,0.00111233520559566,TRUE
030101,0301011E0,Formoterol fumarate,0.000390127328567577,poisson,HAC-Wald,4.57010506369045,4.91995547350095e-05,0.00533435521302517,1.64269781027286,FALSE,,0.000354754046417545,0.0116396724623695,-0.00513701168753678,0.00704934939175009,TRUE,,0.00160330809293173,TRUE,secondary_exploratory,all_eligible_drugs,Adrenoceptor agonists,2.96694404817216e-20,TRUE,TRUE,0.00116683537362484,TRUE
131103,1311030A0,Alkyl sulphate,0.000455444447466486,poisson,HAC-Wald,2.5396214278662,0.00792738076354129,0.0240416335213516,5.08599176336631,FALSE,,0.00870278371157186,-0.0179916716623208,-0.0115812363195088,-0.00432179821092003,TRUE,,0.00186387769677461,TRUE,secondary_exploratory,all_eligible_drugs,Cationic surfactants and soaps,0.00112297682680614,TRUE,TRUE,0.00135602916937986,TRUE
100102,1001022K0,Methylprednisolone acetate,0.000460789704169883,poisson,HAC-Wald,193.252861263071,3.72836704237068e-10,0.00172606228782801,9.01268609992798,FALSE,,-0.0245009996223314,-0.0399252656756142,-0.00572341905978423,-0.000834936035078759,TRUE,,0.00187786264377182,TRUE,secondary_exploratory,all_eligible_drugs,Corticosteroids,1.34640025024188e-11,TRUE,TRUE,0.00136576407812515,TRUE
020802,0208020H0,Acenocoumarol,0.00047059860140297,poisson,HAC-Wald,1.22609811529469,0.46217241677669,0.0192760533238541,0.425670116001212,FALSE,,-0.000603596395297351,0.0109650443430818,0.00454194599975941,0.00471522020649523,TRUE,,0.00190963299394851,TRUE,secondary_exploratory,all_eligible_drugs,Oral anticoagulants,0.00531800462558879,TRUE,TRUE,0.00138798850888442,TRUE
040304,0403040Y0,Duloxetine hydrochloride,0.000472506726428738,poisson,HAC-Wald,223.525151824257,3.23573990834985e-09,1.29428736156401e-05,12,TRUE,,-0.000774124278783038,0.00237944367415058,-0.00272977683364787,0.00228111811982014,TRUE,,0.00190963299394851,TRUE,secondary_exploratory,all_eligible_drugs,Other antidepressant drugs,3.16743876105447e-08,TRUE,TRUE,0.00138798850888442,TRUE
090101,0901011F0,Ferrous fumarate,0.000533672367551949,poisson,HAC-Wald,310.850264944497,1.39956381052068e-08,0.00364385753646213,3.92234009715533,FALSE,,-0.0066666004742841,-0.0082675662909968,-0.00159161676296893,0.00149441295298895,TRUE,,0.00214792101651074,TRUE,secondary_exploratory,all_eligible_drugs,Iron-deficiency anaemias,4.30049447409871e-15,TRUE,TRUE,0.00156069519044081,TRUE
030401,0304010N0,Diphenhydramine hydrochloride,0.000549628855438867,negbin,NB-LRT,5.27031205066859,0.000154782633072181,0.17435659054476,,,768.855694527729,-0.0135676715255417,0.0382270544094567,0.000172126580794479,-0.0108880160344822,TRUE,,0.00219401026720269,TRUE,secondary_exploratory,all_eligible_drugs,Antihistamines,1.95040709693529e-226,TRUE,TRUE,0.00159319729902544,TRUE
080304,0803042P0,Triptorelin acetate,0.000548294524314552,poisson,HAC-Wald,2.73018779802427,0.000878259468423734,0.00565934001010338,11.0504166221422,FALSE,,0.00955197183829942,0.0188247017969626,0.0109327164130261,-0.00146046906536345,TRUE,,0.00219401026720269,TRUE,secondary_exploratory,all_eligible_drugs,Hormone antagonists,0.00341395403142288,TRUE,TRUE,0.00159319729902544,TRUE
020504,0205040D0,Doxazosin mesilate,0.000565722489288719,poisson,HAC-Wald,358.543778269375,1.74037346548163e-08,1.08979911361828e-06,6.40213143720014,FALSE,,0.00507503240793791,-0.000427875318762648,-0.00329519966655883,0.00141191743907919,TRUE,,0.00224903552884576,TRUE,secondary_exploratory,all_eligible_drugs,Alpha-adrenoceptor blocking drugs,0.00111675606659756,TRUE,TRUE,0.00163265525417534,TRUE
020302,0203020I0,Flecainide acetate,0.00062912926499806,poisson,HAC-Wald,21.4755300253074,4.78103056125742e-09,5.36730489437698e-05,3.68282557281577,FALSE,,-0.000468703995982668,0.00300314985141023,-0.00222591655869824,0.00572126898595048,TRUE,,0.00249094269962647,TRUE,secondary_exploratory,all_eligible_drugs,Drugs for arrhythmias,0.145276570341784,FALSE,FALSE,,FALSE
040201,040201030,Risperidone,0.000634364579737881,poisson,HAC-Wald,84.2925487725933,1.80946844794841e-08,5.13756745054161e-05,12,TRUE,,-0.00296758927573698,0.00518201747137542,-0.00157556396714952,0.00344205906644974,TRUE,,0.00249647851789927,TRUE,secondary_exploratory,all_eligible_drugs,Antipsychotic drugs,0.00313994020549551,TRUE,TRUE,0.00181852223223317,TRUE
080304,0803043N0,Octreotide acetate,0.000635653667801866,poisson,HAC-Wald,1.24795813050818,0.431658698421326,0.00202225050491034,5.03537619867405,FALSE,,0.0166952858417704,-0.00249787641685103,0.00357615824177144,0.00733666702990092,TRUE,,0.00249647851789927,TRUE,secondary_exploratory,all_eligible_drugs,Hormone antagonists,0.00341395403142288,TRUE,TRUE,0.00181852223223317,TRUE
040903,0409030C0,Tetrabenazine,0.000654564649811387,poisson,HAC-Wald,2.19859967948812,0.00977787863089553,0.0283788042477424,3.72300722989327,FALSE,,-0.00492429015808851,0.010484583947181,0.00164106157922223,0.00382134402211234,TRUE,,0.00256042557797707,TRUE,secondary_exploratory,all_eligible_drugs,"Essential tremor,chorea,tics and related disorders",0.289865436190808,FALSE,FALSE,,FALSE
130300,1303000AA,Menthol,0.000665565209183482,negbin,NB-LRT,20.604902168445,3.44860866757831e-06,0.134739352329405,,,852.098784888364,0.00146696986187751,-0.0329703753016235,0.0121871992769992,-0.00529432556508798,TRUE,,0.00259304205497885,TRUE,secondary_exploratory,all_eligible_drugs,Topical local anaesthetics and antipruritics,0.0257285967380165,TRUE,TRUE,0.0018958524140378,TRUE
070201,0702010F0,Estriol,0.00067105855473401,poisson,HAC-Wald,139.679186024378,5.36979192843068e-08,0.0289016985754779,6.49451884044364,FALSE,,-0.0101889238014905,0.00777951386283112,-0.00377198144192818,4.00802828725153e-07,TRUE,,0.00259636613873336,TRUE,secondary_exploratory,all_eligible_drugs,Preparations for vaginal and vulval changes,0.380896625937797,FALSE,FALSE,,FALSE
110803,1108030AA,Carbomer,0.000671749760740049,poisson,HAC-Wald,16.0090534925158,0.00198007771811041,0.0160957845958979,12,TRUE,,-0.0411291031990005,-0.0232228272343187,-0.0481645166052349,0.0651109690962518,TRUE,,0.00259636613873336,TRUE,secondary_exploratory,all_eligible_drugs,Other eye preparations,0.00149959155530954,TRUE,TRUE,0.0019052213041679,TRUE
090501,090501300,Other magnesium preparations,0.000689556010929918,poisson,Poisson-LRT,1.33978706330201,0.344011068394922,0.449182655524042,,,,-0.0611086652902116,0.0699736668285314,0.0257153106168257,0.00949102239229323,TRUE,,0.0026546543661887,TRUE,secondary_exploratory,all_eligible_drugs,Calcium and magnesium,0.507072588053869,FALSE,FALSE,,FALSE
030401,0304010Y0,Alimemazine tartrate,0.000739195117792304,poisson,HAC-Wald,1.65875456047425,0.0313535816255899,0.00644956934856922,8.10809046741146,FALSE,,0.00776650735731065,0.00372268474252644,-0.00197143227798901,0.00732135057361901,TRUE,,0.00283455135720356,TRUE,secondary_exploratory,all_eligible_drugs,Antihistamines,1.95040709693529e-226,TRUE,TRUE,0.00208751239273535,TRUE
050111,0501110C0,Metronidazole,0.000750172403346536,poisson,HAC-Wald,63.9104390877028,2.13314134614762e-09,0.000105655161123042,6.45196021790013,FALSE,,-0.00679715970734078,0.0127381981153416,0.00643238738479536,-0.0218364222982784,TRUE,,0.00286536439552755,TRUE,secondary_exploratory,all_eligible_drugs,"Metronidazole, tinidazole and ornidazole",0.00172848088230961,TRUE,TRUE,0.00210945915129069,TRUE
040801,0408010Q0,Phenytoin sodium,0.000808401392744476,poisson,HAC-Wald,23.0179770723752,9.8176787950944e-08,1.39114465602663e-06,8.05823516151231,FALSE,,-0.00104418875581221,0.00311046391860361,-0.00234956268181382,0.00407363538336067,TRUE,,0.0030757146739575,TRUE,secondary_exploratory,all_eligible_drugs,Control of epilepsy,0.0462428934317855,TRUE,TRUE,0.00226352389968453,TRUE
050113,0501130H0,Methenamine hippurate,0.000830985275830528,poisson,HAC-Wald,25.8555600435011,4.54848896183425e-05,9.80728994126601e-07,5.03802927370253,FALSE,,-0.00282467744355057,0.0069409446024066,2.56938601949526e-05,0.00503335664052286,TRUE,,0.00313713045991835,TRUE,secondary_exploratory,all_eligible_drugs,Urinary-tract infections,2.05997052646044e-07,TRUE,TRUE,0.00230712367720037,TRUE
131002,1310020N0,Miconazole nitrate,0.000828848860594372,poisson,HAC-Wald,159.401782006259,2.83161621717589e-08,6.28680737668752e-06,1.86463586697821,FALSE,,-0.00429453852637587,-0.043903694546304,0.00114542247412966,-0.015114744790562,TRUE,,0.00313713045991835,TRUE,secondary_exploratory,all_eligible_drugs,Antifungal preparations,0.000226648496068398,TRUE,TRUE,0.00230712367720037,TRUE
020603,0206030N0,Nicorandil,0.000898131372174787,poisson,HAC-Wald,49.0862917328274,5.15129316514509e-09,6.72591252359744e-06,5.34047386663751,FALSE,,-0.00332239890879279,0.0029801793867218,-0.00387279231812686,0.00162733242803401,TRUE,,0.0033775287895685,TRUE,secondary_exploratory,all_eligible_drugs,Other antianginal drugs,0.0321300338119129,TRUE,TRUE,0.00248306908777735,TRUE
120101,1201010F0,Flumetasone pivalate,0.000906080870570089,poisson,HAC-Wald,38.3633725919846,2.84224082507863e-08,0.014609216416414,3.29742112566046,FALSE,,-0.241900547205089,0.137362217309016,0.0226453801283515,0.032594207572032,TRUE,,0.00339431833821256,TRUE,secondary_exploratory,all_eligible_drugs,Otitis externa,4.03048405132221e-10,TRUE,TRUE,0.00249456574407999,TRUE
020900,0209000A0,Aspirin,0.000931416879524322,poisson,HAC-Wald,954.639664402372,1.29123377376104e-09,1.39212579264303e-06,11.0661823224946,FALSE,,-0.00141944461414842,0.0023093138810954,-0.00290457687230346,0.00104129898435445,TRUE,,0.00347586222473827,TRUE,secondary_exploratory,all_eligible_drugs,Antiplatelet drugs,0.000402533574512188,TRUE,TRUE,0.00255363461136252,TRUE
100101,1001010AH,Celecoxib,0.000970731065782763,poisson,HAC-Wald,22.4388220398297,1.19746094566843e-07,3.86438866728511e-05,12,TRUE,,-0.000301042460773148,-0.0048448643193302,-0.00454853140759901,-0.000236173610418338,TRUE,,0.00360874831325348,TRUE,secondary_exploratory,all_eligible_drugs,Non-steroidal anti-inflammatory drugs,5.27206392050756e-10,TRUE,TRUE,0.00265037776466829,TRUE
100202,1002020C0,Baclofen,0.00102399049428797,poisson,HAC-Wald,72.8362965130899,2.8989000198729e-09,4.61300757281791e-06,12,TRUE,,0.000215464036370337,0.00257474808782646,-0.00109233121515061,0.00529544954002797,TRUE,,0.00379226897884593,TRUE,secondary_exploratory,all_eligible_drugs,Skeletal muscle relaxants,0.108400217093321,FALSE,FALSE,,FALSE
110801,1108010C0,Acetylcysteine,0.00136412282695139,poisson,HAC-Wald,2.21585543068569,0.0251816715971578,0.00177206015800613,2.2171530061508,FALSE,,-0.00840631106349585,-0.00643747733125051,0.00401466322959171,-0.000652396988036822,TRUE,,0.0050327864903434,TRUE,secondary_exploratory,all_eligible_drugs,"Tear deficiency, eye lubricant and astringent",0.402879512529337,FALSE,FALSE,,FALSE
010402,0104020P0,Loperamide hydrochloride and simeticone,0.00143438734615623,poisson,Poisson-LRT,1.27296153891048,0.386623246225561,0.167859511204587,,,,-0.0592531075072656,-0.0156144881621277,0.0243046707314733,-0.0036016493851154,TRUE,,0.00523255908298189,TRUE,secondary_exploratory,all_eligible_drugs,Antimotility drugs,2.18265840235112e-06,TRUE,TRUE,0.00386814292529015,TRUE
020203,0202030X0,Eplerenone,0.00142540496319613,poisson,HAC-Wald,72.2069264255165,1.62964401746202e-08,3.31711809630209e-05,9.20500043447045,FALSE,,-0.00334756670672024,0.00281605050803521,-0.00158405049597942,0.00239905331336471,TRUE,,0.00523255908298189,TRUE,secondary_exploratory,all_eligible_drugs,Potassium-sparing diuretics and aldosterone antagonists,0.0219910094935298,TRUE,TRUE,0.00386814292529015,TRUE
090201,0902013S0,Sodium bicarbonate,0.00143322896856245,poisson,HAC-Wald,24.2937120722421,1.02833261189852e-07,7.99861064604279e-07,4.91525445970769,FALSE,,-0.00741524977818805,0.00281546706280144,0.00114075453694719,0.00103244852841214,TRUE,,0.00523255908298189,TRUE,secondary_exploratory,all_eligible_drugs,Oral preparation for fluid and electrolyte imbalance,8.65885960246975e-07,TRUE,TRUE,0.00386814292529015,TRUE
130400,1304000S0,Fluticasone propionate (Topical),0.00148163829918289,negbin,NB-LRT,2.73743580120567,0.00165030872823485,0.295326285847383,,,197.458805601298,0.0890839718759951,-0.029461071051654,0.00296104129543046,0.0172755521907641,TRUE,,0.00538476008732886,TRUE,secondary_exploratory,all_eligible_drugs,Topical corticosteroids,0.000772676262857242,TRUE,TRUE,0.0039792571463769,TRUE
041003,0410030C0,Methadone hydrochloride,0.00169607940299842,poisson,HAC-Wald,120.495022172411,1.0189075357914e-06,1.16313959145353e-05,5.02760001383782,FALSE,,0.00393412489957204,0.000133627966824725,-0.00311939965143315,0.00771859985864567,TRUE,,0.00614119456699056,TRUE,secondary_exploratory,all_eligible_drugs,Opioid dependence,0.00172848088230961,TRUE,TRUE,0.0045366676714348,TRUE
030102,0301020Q0,Tiotropium bromide,0.00177107254112018,poisson,HAC-Wald,124.63610702107,1.90922496852127e-09,1.98464430491985e-05,5.12345979260229,FALSE,,-0.000272320228240377,0.00542265456918815,-0.0033688063124606,0.00490636263720398,TRUE,,0.0063889802038928,TRUE,secondary_exploratory,all_eligible_drugs,Antimuscarinic bronchodilators,8.45914240039922e-05,TRUE,TRUE,0.00471807988687076,TRUE
110802,110802070,Ketorolac trometamol,0.00179033742522073,negbin,NB-LRT,10.6504740375592,0.00242152110668483,0.165079876423195,,,437.165544293009,-0.0480779868762231,-0.00173118016388424,-0.00899673352739514,0.00901353732754955,TRUE,,0.00643464447293353,TRUE,secondary_exploratory,all_eligible_drugs,Ocular diagnostic & peri-operative prepn & photodynamic tt,0.436913075381646,FALSE,FALSE,,FALSE
040303,0403030D0,Citalopram hydrobromide,0.00183263151920133,poisson,HAC-Wald,672.815763426332,8.10118043318628e-10,1.32303317503801e-05,11.2156264964859,FALSE,,0.00140478578326172,0.00316928575307089,-0.00113380099445171,0.000518499746844365,TRUE,,0.00656100884286513,TRUE,secondary_exploratory,all_eligible_drugs,Selective serotonin re-uptake inhibitors,0.000373686698569591,TRUE,TRUE,0.00485960376404689,TRUE
041003,0410030A0,Buprenorphine hydrochloride,0.00183896859764084,poisson,HAC-Wald,67.9311352229845,2.2047358003173e-06,0.000148553543016794,4.08584137844741,FALSE,,0.00203072226224462,0.000608680686341834,-0.00680112965708159,0.00792493400074019,TRUE,,0.00656100884286513,TRUE,secondary_exploratory,all_eligible_drugs,Opioid dependence,0.00172848088230961,TRUE,TRUE,0.00485960376404689,TRUE
040701,0407010N0,Co-dydramol (Dihydrocodeine/paracetamol),0.00185311793627035,poisson,HAC-Wald,65.8752869436003,1.14616659286494e-09,6.57491318944992e-06,12,TRUE,,-0.000260399002571139,0.000333148715500781,-0.00606384610583591,-0.00166987926249696,TRUE,,0.00658736083915081,TRUE,secondary_exploratory,all_eligible_drugs,Non-opioid analgesics and compound preparations,8.43977774190808e-06,TRUE,TRUE,0.00487740640826357,TRUE
080304,0803042N0,Leuprorelin acetate,0.00192702306527457,poisson,HAC-Wald,16.8630660268359,1.03008834637531e-07,0.000626816550150955,4.85380751885493,FALSE,,0.0142476329799673,0.0014118838709719,0.00932778674314592,0.000782655662616391,TRUE,,0.00682516532937249,TRUE,secondary_exploratory,all_eligible_drugs,Hormone antagonists,0.00341395403142288,TRUE,TRUE,0.00505171783645685,TRUE
050103,0501030P0,Minocycline hydrochloride,0.0019631460909633,poisson,HAC-Wald,1.65106475096226,0.086888934777205,0.00426927371318286,5.61438025709581,FALSE,,0.00193410530655681,0.032265173448052,0.00583372717399615,-0.00119174538246322,TRUE,,0.00692791410361686,TRUE,secondary_exploratory,all_eligible_drugs,Tetracyclines,3.22372888099791e-88,TRUE,TRUE,0.00512599257084861,TRUE
010602,0106020M0,Senna,0.00204741449076709,poisson,HAC-Wald,244.325318744943,3.01645098789707e-09,1.37677810507775e-05,8.30795796988562,FALSE,,-0.00842732926881034,0.00282103494989094,-0.00183483297336472,0.00249247679976607,TRUE,,0.00719473290750707,TRUE,secondary_exploratory,all_eligible_drugs,Stimulant laxatives,0.0429708493171327,TRUE,TRUE,0.00531976799290539,TRUE
080304,0803041L0,Letrozole,0.00205352746230695,poisson,HAC-Wald,57.6491682496983,1.42590309346948e-07,1.6077930230507e-05,9.50936963469674,FALSE,,-0.00379306771826843,0.00254646008801196,-0.00304872095189344,0.0033720971215196,TRUE,,0.00719473290750707,TRUE,secondary_exploratory,all_eligible_drugs,Hormone antagonists,0.00341395403142288,TRUE,TRUE,0.00531976799290539,TRUE
130400,1304000X0,Hydrocortisone acetate,0.0021436967064229,negbin,NB-LRT,104.600194005685,5.15891691797898e-08,0.0787457241136735,,,456.984978589946,0.013904795426452,-0.0344115140593455,0.0175814803705935,-0.0169842060905319,TRUE,,0.00748372972063048,TRUE,secondary_exploratory,all_eligible_drugs,Topical corticosteroids,0.000772676262857242,TRUE,TRUE,0.00553157816794615,TRUE
020204,0202040B0,Co-amilofruse (Amiloride hydrochloride/frusemide),0.00222951077784489,poisson,HAC-Wald,11.2267756007803,4.99364497911872e-08,0.0029297701074138,3.39491224389509,FALSE,,-0.0127916663898027,-0.000407658087706112,-0.00449773862437405,0.00268248191596933,TRUE,,0.0077555124915033,TRUE,secondary_exploratory,all_eligible_drugs,Potassium sparing diuretics and compounds,0.0115413382112734,TRUE,TRUE,0.00573053942117944,TRUE
010305,0103050E0,Esomeprazole,0.00232996923051203,poisson,HAC-Wald,146.967388307655,2.29547139268533e-07,3.45907513260579e-05,7.67814924019632,FALSE,,-2.74701828445195e-05,0.00389487511057115,-0.00196393341283293,0.00292460261047888,TRUE,,0.00807612110504883,TRUE,secondary_exploratory,all_eligible_drugs,Proton pump inhibitors,0.16948873915267,FALSE,FALSE,,FALSE
060102,0601023AL,Dapagliflozin/metformin,0.00242638041075484,poisson,HAC-Wald,4.90466393634527,0.000544070233744026,3.5485557961179e-05,7.68897113063868,FALSE,,-0.00293573272849657,0.00405011339572445,0.000102722181669724,0.00257665993658582,TRUE,,0.00838047702154332,TRUE,secondary_exploratory,all_eligible_drugs,Antidiabetic drugs,0.870182495394554,FALSE,FALSE,,FALSE
140400,140400030,Hepatitis A,0.00244328787490574,poisson,HAC-Wald,412.742490865726,4.44650211576963e-06,8.25187282949003e-08,1.54138342580486,FALSE,,0.0501797802729187,-0.0131130006863349,0.0893421957620975,0.0260489967286875,TRUE,,0.00840905438218441,TRUE,secondary_exploratory,all_eligible_drugs,Vaccines and antisera,5.01709265504371e-74,TRUE,TRUE,0.00625557751629562,TRUE
041002,0410020D0,Nicotine bitartrate,0.00262700218021599,poisson,Poisson-LRT,0.693283553401047,0.999991072775994,0.612002778814408,,,,0.0468243775815874,-0.0316541727683332,0.0113805514941983,-0.016734821257849,TRUE,,0.00899572923950646,TRUE,secondary_exploratory,all_eligible_drugs,Nicotine dependence,3.44007179729206e-08,TRUE,TRUE,0.00669987377745008,TRUE
060102,0601023AU,Ins degludec/liraglutide,0.00263222056802807,poisson,HAC-Wald,1.65364914969949,0.113433410378633,0.0225656076377392,4.23884337484151,FALSE,,0.00300826479089699,-0.00457669627572046,-0.00638701510870667,0.00799642182737899,TRUE,,0.00899572923950646,TRUE,secondary_exploratory,all_eligible_drugs,Antidiabetic drugs,0.870182495394554,FALSE,FALSE,,FALSE
040801,0408010AF,Rufinamide,0.00265937661746892,poisson,HAC-Wald,1.60203895016764,0.068891320477506,0.0187093950869258,7.48636706289205,FALSE,,-0.00259144461563067,0.00597987891212487,-0.00122773214056675,0.00765398050662602,TRUE,,0.00905675813082074,TRUE,secondary_exploratory,all_eligible_drugs,Control of epilepsy,0.0462428934317855,TRUE,TRUE,0.00675625410924538,TRUE
110301,1103010H0,Fusidic acid,0.00275117835200077,poisson,HAC-Wald,107.247608041796,1.39311793144942e-08,0,2.77924759343129,FALSE,,0.214341684953762,-0.00389826410882763,0.0639800629505963,-0.00528101627727497,TRUE,,0.00933675161968205,TRUE,secondary_exploratory,all_eligible_drugs,Antibacterials,9.40936355817698e-11,TRUE,TRUE,0.00696259752160194,TRUE
020505,0205052C0,Candesartan cilexetil,0.00280795382587155,poisson,HAC-Wald,379.450959275608,1.0017679447797e-08,6.15104970802527e-06,8.68836803463106,FALSE,,0.00200134351191923,0.00121290259195217,-0.0027844055637688,0.00271356133158967,TRUE,,0.00948326275203713,TRUE,secondary_exploratory,all_eligible_drugs,Renin-angiotensin system drugs,0.0166702504942612,TRUE,TRUE,0.00706579513451305,TRUE
140400,1404000E0,Cholera,0.00281382231554284,poisson,HAC-Wald,27.186835971243,1.32045450678751e-07,1.5492151723806e-05,2.06454677405704,FALSE,,-0.157337315596728,-0.174294451202872,-0.0194571494138439,0.0805564921270574,TRUE,,0.00948326275203713,TRUE,secondary_exploratory,all_eligible_drugs,Vaccines and antisera,5.01709265504371e-74,TRUE,TRUE,0.00706579513451305,TRUE
060101,0601012D0,Biphasic isophane insulin,0.00282417039570962,poisson,HAC-Wald,41.4742353555982,3.72492275470742e-09,5.75081157627722e-06,11.4768346181561,FALSE,,-0.00265362193960708,0.00255692531354192,-0.00443072711758562,0.0059810643529436,TRUE,,0.00948531712214197,TRUE,secondary_exploratory,all_eligible_drugs,Insulin,0.0233801524823976,TRUE,TRUE,0.00706579513451305,TRUE
010305,0103050L0,Lansoprazole,0.00285794214515567,poisson,HAC-Wald,1762.49042225131,4.87569015423112e-09,2.75035239771793e-06,10.170967072837,FALSE,,1.66230810401387e-05,0.0035400777762779,-0.00138447609645624,0.00162427547740947,TRUE,,0.00950046296717277,TRUE,secondary_exploratory,all_eligible_drugs,Proton pump inhibitors,0.16948873915267,FALSE,FALSE,,FALSE
040400,0404000R0,Modafinil,0.00284892817577268,poisson,HAC-Wald,4.49302505865957,2.35381862851025e-05,1.07258406029098e-05,8.44412716453924,FALSE,,-0.0057818936594569,-0.00245566512226691,-0.000434806853471859,0.00541939208521772,TRUE,,0.00950046296717277,TRUE,secondary_exploratory,all_eligible_drugs,CNS stimulants and drugs used for ADHD,0.0251947058398018,TRUE,TRUE,0.00707411165449423,TRUE
070202,0702020F0,Clotrimazole,0.00284899633501667,poisson,HAC-Wald,134.174623085116,3.23988481283718e-09,0.0042030806662573,1.18130017318745,FALSE,,-0.0242838085219794,0.0151536836490447,0.00780886164955425,-0.0184460519338103,TRUE,,0.00950046296717277,TRUE,secondary_exploratory,all_eligible_drugs,Vaginal and vulval infections,0.00509117132759724,TRUE,TRUE,0.00707411165449423,TRUE
080202,0802020T0,Tacrolimus,0.00287829992967552,poisson,HAC-Wald,4.33039402582878,0.00029046308304437,0.00706716384681227,2.05552490287977,FALSE,,-0.00199507758518721,0.00717305028767889,0.00026533538283805,0.00425846146539157,TRUE,,0.00953559228402705,TRUE,secondary_exploratory,all_eligible_drugs,Corticosteroids and other immunosuppressants,0.189539192211055,FALSE,FALSE,,FALSE
020505,0205051R0,Ramipril,0.00291440302464605,poisson,HAC-Wald,1589.53902513904,5.98386045485787e-09,1.669796405257e-06,8.53510327607955,FALSE,,0.00285763314729584,-0.000110019431044267,-0.0025212601438467,0.00208656035003624,TRUE,,0.00962246964747543,TRUE,secondary_exploratory,all_eligible_drugs,Renin-angiotensin system drugs,0.0166702504942612,TRUE,TRUE,0.00720931274517707,TRUE
070301,0703010E0,Combined ethinylestradiol 20mcg,0.00301092979495031,poisson,HAC-Wald,39.6211962606736,1.98485016812674e-07,0.000106436179870273,1.50838147019126,FALSE,,-0.000763813076576819,-0.0144028483867023,0.00750964308444487,0.000758701223077458,TRUE,,0.00990103055666749,TRUE,secondary_exploratory,all_eligible_drugs,Combined hormonal contraceptives and systems,9.91433051466992e-09,TRUE,TRUE,0.00741257316178592,TRUE
080304,0803041B0,Anastrozole,0.00301910274674563,poisson,HAC-Wald,24.9869538903089,7.02186809882577e-09,2.78455435749336e-05,4.81526205395693,FALSE,,-0.00377429689464785,0.00369083386592529,-0.00280082107193372,0.002265118646583,TRUE,,0.00990103055666749,TRUE,secondary_exploratory,all_eligible_drugs,Hormone antagonists,0.00341395403142288,TRUE,TRUE,0.00741257316178592,TRUE
060101,0601012F0,Biphasic insulin lispro,0.00319390677121523,poisson,HAC-Wald,14.298821738177,3.15984854878228e-09,6.98258054976364e-06,6.9810595585247,FALSE,,0.000320751669054447,0.00444952516883552,-0.0044708696816773,0.00233230031860185,TRUE,,0.0104391449502136,TRUE,secondary_exploratory,all_eligible_drugs,Insulin,0.0233801524823976,TRUE,TRUE,0.00781260466713615,TRUE
010501,0105010C0,Olsalazine sodium,0.00324300090232987,poisson,HAC-Wald,1.89304105550848,0.126804224505462,0.00840904917927832,4.51469728143299,FALSE,,-0.00633801082670649,-0.00641825883571915,0.00466873957054741,0.0110993731453156,TRUE,,0.010564156785516,TRUE,secondary_exploratory,all_eligible_drugs,Aminosalicylates,0.351348375932707,FALSE,FALSE,,FALSE
090201,0902012L0,Sodium chloride,0.00332584153582806,negbin,NB-LRT,11.1098681218805,4.47610332432889e-06,0.203660880917901,,,1199.83868210169,-0.0161857803130931,-0.01884318843077,0.0104575643696554,-0.00157453071749472,TRUE,,0.0107978988529884,TRUE,secondary_exploratory,all_eligible_drugs,Oral preparation for fluid and electrolyte imbalance,8.65885960246975e-07,TRUE,TRUE,0.00810519900212913,TRUE
040801,0408010Z0,Phenytoin,0.00338482273645912,poisson,HAC-Wald,1.44484471794521,0.166774815777582,0.0024372656106546,12,TRUE,,0.000601363565980176,0.00870670795562491,-0.00383674519809021,0.00652291119691611,TRUE,,0.0109528815458843,TRUE,secondary_exploratory,all_eligible_drugs,Control of epilepsy,0.0462428934317855,TRUE,TRUE,0.00821849948557233,TRUE
131005,1310050H0,Hydrogen peroxide,0.00347859697050346,poisson,HAC-Wald,11.9500812409527,9.30124685141732e-09,0.0124698792771467,0.23663405630531,FALSE,,-0.0318430167292338,0.0903665043830142,-0.0224567438155561,-0.00407472709671997,TRUE,,0.0112190511565244,TRUE,secondary_exploratory,all_eligible_drugs,Preparations for minor cuts and abrasions,0.169535003759075,FALSE,FALSE,,FALSE
030104,0301040W0,Umeclidinium bromide/vilanterol,0.00349528850437811,poisson,HAC-Wald,62.4014367637605,3.89455137245154e-09,3.92104206159427e-06,8.97446692034269,FALSE,,0.00356505743418113,0.000865939606856344,-0.00120397727817798,0.00166881855154497,TRUE,,0.01123567987876,TRUE,secondary_exploratory,all_eligible_drugs,Compound bronchodilator preparations,0.00181984286017451,TRUE,TRUE,0.00845551410250292,TRUE
040102,0401020P0,Lorazepam,0.00353151598532316,poisson,HAC-Wald,56.0554792083995,1.62600503110619e-09,5.16569237185571e-06,7.87080019699378,FALSE,,-0.00297705635679444,0.00726715163934995,-0.00214154181338569,0.00265256038017837,TRUE,,0.0112776936711631,TRUE,secondary_exploratory,all_eligible_drugs,Anxiolytics,0.411692559020789,FALSE,FALSE,,FALSE
090101,090101100,Other oral iron preparations,0.00352115157329051,poisson,Poisson-LRT,1.41885206330076,0.223322591142032,0.719829595068276,,,,-0.0218284112521546,-0.00698432146438861,-0.00309059932919234,0.000741701166318913,TRUE,,0.0112776936711631,TRUE,secondary_exploratory,all_eligible_drugs,Iron-deficiency anaemias,4.30049447409871e-15,TRUE,TRUE,0.00848687815100788,TRUE
050103,0501030F0,Demeclocycline hydrochloride,0.0037626375194306,poisson,Poisson-LRT,1.6198093119679,0.0706586115771075,0.443829904469868,,,,-0.0412108043185105,0.00214043860161801,-0.00284252526994295,-0.00445355104815714,TRUE,,0.0119764998167497,TRUE,secondary_exploratory,all_eligible_drugs,Tetracyclines,3.22372888099791e-88,TRUE,TRUE,0.00903582294812166,TRUE
100101,1001010K0,Indometacin,0.00428707226083638,negbin,NB-LRT,5.59584943806613,3.25696498648971e-05,0.0593914537956987,,,1962.82525276813,-0.00401164761025717,-0.0207607799579841,0.00540163344145986,0.00303488785184847,TRUE,,0.0136013302347057,TRUE,secondary_exploratory,all_eligible_drugs,Non-steroidal anti-inflammatory drugs,5.27206392050756e-10,TRUE,TRUE,0.0102577947186558,TRUE
070405,0704050R0,Tadalafil,0.00431849275810792,poisson,HAC-Wald,62.0547660662752,1.51323000597684e-10,0.00318069301546586,7.96754381549151,FALSE,,-0.00266245741315336,0.00526761140347488,0.00260908998360957,0.00318325599498834,TRUE,,0.0136565322934971,TRUE,secondary_exploratory,all_eligible_drugs,Drugs for erectile dysfunction,0.31408709366056,FALSE,FALSE,,FALSE
120301,1203010K0,Choline salicylate,0.00433836376546854,poisson,HAC-Wald,2.98906358325001,0.000195524655459992,0.0304841454424071,5.63337174592566,FALSE,,-0.0142124480919176,-0.0052509007175665,0.00345116397423672,-0.00642281932986644,TRUE,,0.0136749718691468,TRUE,secondary_exploratory,all_eligible_drugs,Drugs for oral ulceration and inflammation,2.42048686581937e-22,TRUE,TRUE,0.0103429107162257,TRUE
100302,1003020I0,Diethylamine salicylate,0.00442702137486723,poisson,HAC-Wald,10.0079662417707,4.09969798488835e-05,0.025410141071469,1.04576799472833,FALSE,,-0.00451649706139954,-0.0124964667635326,-0.00705131954776727,-0.00611789223259598,TRUE,,0.0139094155455506,TRUE,secondary_exploratory,all_eligible_drugs,"Rubefacients, topical NSAIDs, capsaicin and poultices",1.55919199584476e-59,TRUE,TRUE,0.0105161735186377,TRUE
040201,0402010R0,Pimozide,0.0046261084428293,poisson,HAC-Wald,5.76805948527898,2.20680947516039e-05,6.43929354282591e-15,4.74649819956813,FALSE,,0.0260839912932859,0.044518681475045,-0.0345703469503044,0.0165380229565644,TRUE,,0.0144745649297401,TRUE,secondary_exploratory,all_eligible_drugs,Antipsychotic drugs,0.00313994020549551,TRUE,TRUE,0.0109309714928854,TRUE
090604,0906040B0,Alfacalcidol,0.00464660105484672,poisson,HAC-Wald,34.3366323191429,3.14406124069491e-07,4.81318093283889e-05,10.7689496090306,FALSE,,-0.00306010676722342,0.00147435917297093,-0.00159496715896782,0.00384922654194631,TRUE,,0.0144745649297401,TRUE,secondary_exploratory,all_eligible_drugs,Vitamin D,7.68734419904648e-19,TRUE,TRUE,0.0109309714928854,TRUE
120101,1201010H0,Chloramphenicol,0.00465147723101506,poisson,HAC-Wald,5.52042499815323,0.00140029482756922,0.0001385582446356,2.58833592247583,FALSE,,0.103982242494408,0.114017058267744,0.0660916437192821,-0.0390695042423963,TRUE,,0.0144745649297401,TRUE,secondary_exploratory,all_eligible_drugs,Otitis externa,4.03048405132221e-10,TRUE,TRUE,0.0109309714928854,TRUE
021200,0212000B0,Atorvastatin,0.00470764902172725,poisson,HAC-Wald,3227.1310108005,3.64143295588972e-09,5.19175374802394e-07,12,TRUE,,0.0016970244874454,0.00159273356192137,-0.00161700541100256,0.000989838492875559,TRUE,,0.0146027074750393,TRUE,secondary_exploratory,all_eligible_drugs,Lipid-regulating drugs,0.0304008061863522,TRUE,TRUE,0.0110236051825499,TRUE
090101,0901011H0,Ferrous gluconate,0.00474379434956034,poisson,HAC-Wald,14.6756194417501,4.76288073805979e-07,0.00196111235876184,0.460411474745853,FALSE,,-0.0067008414365246,-0.00716170772488008,-0.00172084235516985,-0.000488632669160828,TRUE,,0.0146681133221326,TRUE,secondary_exploratory,all_eligible_drugs,Iron-deficiency anaemias,4.30049447409871e-15,TRUE,TRUE,0.0110688534823075,TRUE
010605,0106050B0,Bowel cleansing solutions,0.00485324800835574,negbin,NB-LRT,5.11177651593606,0.00209000224869438,0.911904762498036,,,58.0192993580612,0.00650537997987533,0.041154086208174,-0.0117893879021275,0.124022739712803,TRUE,,0.0149590618991724,TRUE,secondary_exploratory,all_eligible_drugs,Bowel cleansing preparations,0.169064721999555,FALSE,FALSE,,FALSE
040303,0403030P0,Paroxetine hydrochloride,0.00492426320848716,poisson,HAC-Wald,63.6018529451637,1.5608430799072e-08,1.79941315376908e-05,9.88166766490352,FALSE,,0.000320872173142428,0.00320976918167008,-0.00253252300357947,0.00116665743957747,TRUE,,0.0151300705522602,TRUE,secondary_exploratory,all_eligible_drugs,Selective serotonin re-uptake inhibitors,0.000373686698569591,TRUE,TRUE,0.0114493469653164,TRUE
040600,0406000B0,Betahistine hydrochloride,0.00508028263869172,poisson,HAC-Wald,94.8953165990518,4.29100881650377e-10,1.81135726158299e-05,5.7498449593854,FALSE,,-0.00540891302234802,0.000472849698487326,-0.00139214420763122,-0.000426860413564013,TRUE,,0.0155603625474394,TRUE,secondary_exploratory,all_eligible_drugs,Drugs used in nausea and vertigo,4.48078666131178e-09,TRUE,TRUE,0.0117705140009125,TRUE
040702,0407020B0,Buprenorphine,0.00514075955251444,poisson,HAC-Wald,147.394885758637,3.40800200666666e-09,2.50209404006885e-06,6.85272235517776,FALSE,,-0.0044498621774921,-0.00344084462122983,-0.00419276898459348,0.00208758104717476,TRUE,,0.0156962376305613,TRUE,secondary_exploratory,all_eligible_drugs,Opioid analgesics,0.272633294918465,FALSE,FALSE,,FALSE
140400,1404000AD,Hepatitis A/typhoid vaccine,0.00522243001784648,poisson,HAC-Wald,269.861436479429,0.000145006827828259,6.99440505513849e-15,1.67543898860401,FALSE,,-0.279196300689547,-0.010811193547034,-0.0077494289818006,-0.00680934194945037,TRUE,,0.0158957713668202,TRUE,secondary_exploratory,all_eligible_drugs,Vaccines and antisera,5.01709265504371e-74,TRUE,TRUE,0.0120573998306771,TRUE
070202,0702020E0,Clindamycin phosphate,0.00526421367021854,poisson,HAC-Wald,4.00910989068642,0.00216008782487087,0.0273282276343587,2.24954284839495,FALSE,,0.00452258164423675,0.0317697662597604,0.00416944760446546,-0.000618799218939594,TRUE,,0.0159730346255229,TRUE,secondary_exploratory,all_eligible_drugs,Vaginal and vulval infections,0.00509117132759724,TRUE,TRUE,0.0121113727098035,TRUE
050301,0503010Q0,Lamivudine,0.00549985340123661,negbin,NB-LRT,2.08092062523917,0.0239411950047298,0.103604513423054,,,206.27460349314,-0.0773259889555194,0.0266249001760777,-0.0102572659804271,0.049655359657265,TRUE,,0.0165846972532646,TRUE,secondary_exploratory,all_eligible_drugs,HIV infection,0.61254833111613,FALSE,FALSE,,FALSE
130201,130201100,Emollient bath and shower preparations,0.00548478674978424,negbin,NB-LRT,43.936073804815,8.09772208415015e-07,0.0699187563224983,,,1092.50869087106,0.0253341102039486,-0.00977088790597625,0.000866300114234526,-2.077235761589e-05,TRUE,,0.0165846972532646,TRUE,secondary_exploratory,all_eligible_drugs,Emollients,4.56697434699239e-18,TRUE,TRUE,0.0125748769385297,TRUE
120101,1201010E0,Betamethasone sodium phosphate,0.0058338966668327,poisson,HAC-Wald,45.0145557971562,2.51863036207013e-07,1.34643668625589e-06,5.2788507732481,FALSE,,-0.0314346333071635,0.0901920903927185,0.0337376765421252,-0.0103040988058973,TRUE,,0.0174341421624137,TRUE,secondary_exploratory,all_eligible_drugs,Otitis externa,4.03048405132221e-10,TRUE,TRUE,0.0132399736846812,TRUE
130400,1304000Y0,Mometasone furoate,0.00582507932880178,negbin,NB-LRT,167.59335742119,2.26119497501709e-06,0.170791279496671,,,537.624660791574,0.0322529019545475,-0.0104360200209953,-0.000455884717845606,0.0159722695908072,TRUE,,0.0174341421624137,TRUE,secondary_exploratory,all_eligible_drugs,Topical corticosteroids,0.000772676262857242,TRUE,TRUE,0.0132399736846812,TRUE
130601,1306010B0,Azelaic acid,0.00583524676072574,negbin,NB-LRT,47.5235376146015,3.48339776181789e-06,0.231156113360284,,,263.99585962698,0.0282639551564611,-0.0428542547903206,0.00396283692578669,-0.0167801533169003,TRUE,,0.0174341421624137,TRUE,secondary_exploratory,all_eligible_drugs,Topical preparations for acne,0.0462428934317855,TRUE,TRUE,0.0132399736846812,TRUE
020505,0205052I0,Irbesartan,0.00589612173410962,poisson,HAC-Wald,74.4425761753353,3.44918704774063e-08,4.37442482748018e-06,9.81608425867748,FALSE,,-0.000461173725418873,0.0027886038000096,-0.00264794957623753,0.00157313425064741,TRUE,,0.0175251805135193,TRUE,secondary_exploratory,all_eligible_drugs,Renin-angiotensin system drugs,0.0166702504942612,TRUE,TRUE,0.0132990441870474,TRUE
130601,1306010Z0,Adapalene and benzoyl peroxide,0.00590170349941923,poisson,HAC-Wald,104.505448407915,3.27696710509466e-09,0.0353731347835218,1.30668163614534,FALSE,,-0.0162584831365652,0.00500171952834281,-0.00772824467900153,-0.0265976064848797,TRUE,,0.0175251805135193,TRUE,secondary_exploratory,all_eligible_drugs,Topical preparations for acne,0.0462428934317855,TRUE,TRUE,0.0132990441870474,TRUE
010305,0103050R0,Pantoprazole,0.00605822707037093,poisson,HAC-Wald,89.900850102965,3.36698782778419e-08,1.86488951611219e-05,4.422992263571,FALSE,,-0.00109031421429987,0.0062141216234395,-0.00144404333089379,0.00183322603658744,TRUE,,0.0179352983785449,TRUE,secondary_exploratory,all_eligible_drugs,Proton pump inhibitors,0.16948873915267,FALSE,FALSE,,FALSE
120303,1203030Y0,Benzydamine hydrochloride,0.00618602617583042,poisson,Poisson-LRT,1.29594068228606,0.361757140186447,0.0853717866763369,,,,0.0107837608463357,0.0697863816547692,-0.0189504073526035,0.008207930320392,TRUE,,0.0182581499856328,TRUE,secondary_exploratory,all_eligible_drugs,Lozenges and sprays,1.58784569297935e-10,TRUE,TRUE,0.0138921679989639,TRUE
060401,0604011G0,Estradiol,0.00623702370892091,negbin,NB-LRT,434.262459229909,1.29812544522215e-07,0.727756212761826,,,1052.77103125622,-0.0184211586201051,-0.017708304762009,-0.00532610129311091,0.00183829114816735,TRUE,,0.0183530546600875,TRUE,secondary_exploratory,all_eligible_drugs,Female sex hormones and their modulators,0.000113754559464022,TRUE,TRUE,0.013959053062823,TRUE
010101,0101010Q0,Magnesium hydroxide,0.00644633379261597,poisson,HAC-Wald,2.72936903105109,0.00512631005978276,0.0349529313399252,3.00013459638709,FALSE,,-0.0528449974967385,-0.0429152879673036,0.00174978607021475,-0.0183364338991258,TRUE,,0.0189118346807468,TRUE,secondary_exploratory,all_eligible_drugs,Antacids and simeticone,0.0849006183105911,FALSE,FALSE,,FALSE
140400,1404000G0,Hepatitis B,0.00670216850091968,poisson,HAC-Wald,15.7082921846524,1.18910388167154e-07,0.0198546048115666,0.59696471707162,FALSE,,0.0141562004927753,0.0131730890574995,0.0344821301969523,0.00822302280427524,TRUE,,0.0196033396993867,TRUE,secondary_exploratory,all_eligible_drugs,Vaccines and antisera,5.01709265504371e-74,TRUE,TRUE,0.0149492436393395,TRUE
020505,0205052V0,Valsartan,0.00682359802705769,poisson,HAC-Wald,26.537775804098,6.57912425926796e-06,0.000909300988352957,4.53744033383438,FALSE,,-0.0068454992694144,0.000319269339323813,-0.00450043362922476,0.00433305253255391,TRUE,,0.0198987559232161,TRUE,secondary_exploratory,all_eligible_drugs,Renin-angiotensin system drugs,0.0166702504942612,TRUE,TRUE,0.0151686739925809,TRUE
070401,0704010V0,Tamsulosin and dutasteride hydrochloride,0.00693136522721675,poisson,HAC-Wald,7.26030537689221,7.50062884575291e-07,0.00114915070404908,7.46025741248875,FALSE,,-0.00336014624275589,0.000379960718627245,-0.00572671241479968,0.00316401785384561,TRUE,,0.0201526857651018,TRUE,secondary_exploratory,all_eligible_drugs,Drugs for urinary retention,4.29924047279809e-07,TRUE,TRUE,0.0153563579781435,TRUE
040301,0403010J0,Dosulepin hydrochloride,0.0071496151809027,poisson,HAC-Wald,15.6777131622738,1.55467810993088e-08,3.75851653073855e-05,5.08266705304478,FALSE,,-0.000254790723180079,0.00468932118064976,-0.00241233724457589,0.00330379720617765,TRUE,,0.0207253725779739,TRUE,secondary_exploratory,all_eligible_drugs,Tricyclic and related antidepressant drugs,5.81617035616975e-09,TRUE,TRUE,0.0157867341913892,TRUE
040801,0408010F0,Clonazepam,0.00719758160089536,poisson,HAC-Wald,50.7258857842996,5.81088883745169e-09,5.15770057563092e-06,10.697608931018,FALSE,,0.000391244190181803,0.00435192705734607,-0.00124654806042853,0.00234936663253087,TRUE,,0.0208025058732109,TRUE,secondary_exploratory,all_eligible_drugs,Control of epilepsy,0.0462428934317855,TRUE,TRUE,0.0158394939578232,TRUE
130400,1304000P0,Fluocinonide,0.00729118398491247,negbin,NB-LRT,3.32066942009138,0.00107322014622663,0.14060100241602,,,315.338863750655,0.0201987951761705,-0.0492767027816,-0.0124710268512418,-0.0216984662751912,TRUE,,0.0210106899446886,TRUE,secondary_exploratory,all_eligible_drugs,Topical corticosteroids,0.000772676262857242,TRUE,TRUE,0.0159919968735747,TRUE
030102,0301020S0,Glycopyrronium bromide,0.00748506267773064,poisson,HAC-Wald,9.79527447985342,8.5448601931538e-07,0.000214341632713277,3.08137873817746,FALSE,,-0.00261494201773515,0.00750029212905138,-6.02336511657778e-05,0.00410710366239894,TRUE,,0.0215057553041582,TRUE,secondary_exploratory,all_eligible_drugs,Antimuscarinic bronchodilators,8.45914240039922e-05,TRUE,TRUE,0.0163626951559693,TRUE
040702,0407020A0,Fentanyl,0.00763334369440555,poisson,HAC-Wald,34.0505306837646,9.17055457451023e-11,3.24535728246644e-06,5.0047774922001,FALSE,,-0.0065806648976566,-0.00432732191358143,5.89958487881242e-05,0.00332229749434998,TRUE,,0.0218031576491232,TRUE,secondary_exploratory,all_eligible_drugs,Opioid analgesics,0.272633294918465,FALSE,FALSE,,FALSE
060102,0601023AE,Linagliptin,0.00763128703041565,poisson,HAC-Wald,136.890790786595,1.24445399230584e-09,4.25357782285474e-06,8.09877577937483,FALSE,,-0.00557804194427544,0.00293468602301418,-0.00149288253437286,0.00202666892576834,TRUE,,0.0218031576491232,TRUE,secondary_exploratory,all_eligible_drugs,Antidiabetic drugs,0.870182495394554,FALSE,FALSE,,FALSE
120201,1202010W0,Fluticasone furoate,0.00783604060626059,poisson,HAC-Wald,909.036220923458,1.47459966270218e-06,0,2.50683783896518,FALSE,,0.0355834277538716,-0.0748879823634341,-0.01694834186903,0.00241152787763091,TRUE,,0.0223166770482392,TRUE,secondary_exploratory,all_eligible_drugs,Drugs used in nasal allergy,4.93335033400967e-52,TRUE,TRUE,0.017073227546091,TRUE
080304,0803041C0,Exemestane,0.00789310958718996,poisson,HAC-Wald,9.11520317779508,4.73960232686728e-09,0.00299975361031279,2.90168865368367,FALSE,,-0.00326383630968868,0.00567021976444282,-0.00104788775688032,0.00575374537309758,TRUE,,0.022413669789863,TRUE,secondary_exploratory,all_eligible_drugs,Hormone antagonists,0.00341395403142288,TRUE,TRUE,0.0171408122388482,TRUE
020602,0206020L0,Lercanidipine hydrochloride,0.0080647732504282,poisson,HAC-Wald,189.84979234285,1.55762109798709e-08,6.11583350962341e-07,10.2725508843377,FALSE,,0.00149896357371493,-0.00320012539385895,-0.00263460086970518,0.00276235894397287,TRUE,,0.0228345614706892,TRUE,secondary_exploratory,all_eligible_drugs,Calcium-channel blockers,3.20982104870482e-14,TRUE,TRUE,0.0174559894696768,TRUE
060501,0605010G0,Clomifene citrate,0.00894121200044636,poisson,Poisson-LRT,1.1100912438962,0.713510274744142,0.201940592078622,,,,-0.0270336335446001,0.0548419295661069,-0.0289927481848466,0.0268764604917377,TRUE,,0.0252427260534341,TRUE,secondary_exploratory,all_eligible_drugs,Hypothalamic & anterior pituitary hormone & antioestrogens,0.545517828547879,FALSE,FALSE,,FALSE
030102,0301020T0,Umeclidinium bromide,0.00923603227457324,poisson,HAC-Wald,18.5630035193594,1.26148188225678e-08,5.08331230109071e-07,11.8932737250342,FALSE,,0.000582247756000525,0.001986084663379,-0.00230228004878036,0.00237796540664139,TRUE,,0.0259247707073036,TRUE,secondary_exploratory,all_eligible_drugs,Antimuscarinic bronchodilators,8.45914240039922e-05,TRUE,TRUE,0.0199256040546531,TRUE
050302,0503021A0,Valaciclovir,0.00923284902704987,poisson,HAC-Wald,4.84873263559517,1.01695662006441e-05,0.00122404468501869,7.13656672321384,FALSE,,-0.00365857534424685,0.00296305372790371,-0.00477525095947585,0.0124294863210746,TRUE,,0.0259247707073036,TRUE,secondary_exploratory,all_eligible_drugs,Herpesvirus infections,0.0771200863996355,FALSE,FALSE,,FALSE
130502,1305020W0,Calcitriol,0.00928055313741633,negbin,NB-LRT,2.56759157783349,0.00485446970229912,0.0550324511186203,,,1325.03344269876,0.0226535862424103,-0.0184466076800263,-0.0101915164967472,0.00131188025346414,TRUE,,0.0259748814823089,TRUE,secondary_exploratory,all_eligible_drugs,Preparations for psoriasis,2.00974064079059e-55,TRUE,TRUE,0.0199562221059475,TRUE
040901,0409010W0,Pramipexole,0.00933916578978723,poisson,HAC-Wald,31.2373917452342,1.5334289189053e-08,2.02402825755232e-06,6.37608255098921,FALSE,,-0.00642018775954747,0.00326514731126985,-0.000870540634822643,0.00244929133246721,TRUE,,0.0260640328918417,TRUE,secondary_exploratory,all_eligible_drugs,Dopaminergic drugs used in parkinsonism,0.000377505620594641,TRUE,TRUE,0.0200168439403257,TRUE
040901,0409010V0,Entacapone,0.00960758664139043,poisson,HAC-Wald,2.78355665857223,0.000989901070770156,0.00259931831368576,4.2328375697789,FALSE,,-0.00063809174041878,0.00225032601328532,0.00171707033361936,0.00861302763634611,TRUE,,0.0267365411106122,TRUE,secondary_exploratory,all_eligible_drugs,Dopaminergic drugs used in parkinsonism,0.000377505620594641,TRUE,TRUE,0.0205252987338796,TRUE
130801,1308010Y0,Fluorouracil (Sunscreen),0.00968849983274488,poisson,HAC-Wald,202.455835210067,5.51536668035243e-06,0.000782556783925803,2.14204385294055,FALSE,,-0.0553769632921377,-0.0208634615981494,-0.0056050127122532,-0.0402712771711127,TRUE,,0.0268848969717764,TRUE,secondary_exploratory,all_eligible_drugs,Sunscreening preparations,3.30769565126227e-31,TRUE,TRUE,0.0206311744011202,TRUE
060602,0606020Y0,Alendronic acid/colecalciferol,0.0102745420405605,poisson,HAC-Wald,3.21033861559082,0.00256641199949623,0.000130636946910845,6.50050162594056,FALSE,,0.0188269360208399,0.0221353101138783,-0.0686626972759291,0.0044237959171274,TRUE,,0.0284301248508692,TRUE,secondary_exploratory,all_eligible_drugs,Bisphosphonates and other drugs,0.0694650838455479,FALSE,FALSE,,FALSE
070302,0703021Q0,Desogestrel,0.0103729421317674,poisson,HAC-Wald,273.846997465982,1.03725496728149e-07,9.10930582743719e-05,11.4641958579012,FALSE,,0.0016039917547548,-0.00286372397878525,0.00603763192095792,0.00257332492118831,TRUE,,0.028621092454225,TRUE,secondary_exploratory,all_eligible_drugs,Progestogen-only contraceptives,0.000388275226870467,TRUE,TRUE,0.0220174062022675,TRUE
080304,0803041S0,Tamoxifen citrate,0.0106202688849299,poisson,HAC-Wald,25.7112135584018,6.6699882113647e-07,0.0022430087201093,9.65629735758291,FALSE,,-0.000727781027014087,0.00238520799143183,-0.00174558402788237,0.00324932467628199,TRUE,,0.0292207398133383,TRUE,secondary_exploratory,all_eligible_drugs,Hormone antagonists,0.00341395403142288,TRUE,TRUE,0.022469893653646,TRUE
070402,0704020AE,Mirabegron,0.0107649120197658,poisson,HAC-Wald,120.634809672184,1.79353573248096e-08,1.0812637196711e-06,6.06202501772862,FALSE,,-0.00136949283252903,0.00279780105497231,-0.00367294301579679,0.00351268588594207,TRUE,,0.0295352797387377,TRUE,secondary_exploratory,all_eligible_drugs,Drugs for urinary frequency enuresis and incontinence,0.102138015457376,FALSE,FALSE,,FALSE
040600,0406000J0,Domperidone,0.0108393487904145,poisson,HAC-Wald,13.1751388311552,2.61495567701331e-08,0.0135738350067774,3.08802332091153,FALSE,,0.000701547485841337,0.00831248251797892,-0.00036144770810161,0.00399620691744327,TRUE,,0.0296559711288308,TRUE,secondary_exploratory,all_eligible_drugs,Drugs used in nausea and vertigo,4.48078666131178e-09,TRUE,TRUE,0.022859908666964,TRUE
030200,0302000AA,BeclometDiprop/Formoterol/Glycopyrronium (Corticosteroids),0.0109966104215166,poisson,HAC-Wald,155.178886438263,1.21665059821661e-07,7.01496720156847e-07,5.83946724383004,FALSE,,0.000558476378215706,0.00236016586764714,-0.00111702275855139,0.00476925878127107,TRUE,,0.0300019567242497,TRUE,secondary_exploratory,all_eligible_drugs,Corticosteroids (respiratory),5.7573277320653e-30,TRUE,TRUE,0.0231174749436355,TRUE
100302,1003020AA,Capsaicin,0.0111446172130627,poisson,HAC-Wald,289.047989046919,1.28299079517406e-10,3.49439255309392e-09,3.71330304394783,FALSE,,-0.000496294741197005,0.0401618694136496,-0.114627616360084,0.110429878433266,TRUE,,0.0303208300712934,TRUE,secondary_exploratory,all_eligible_drugs,"Rubefacients, topical NSAIDs, capsaicin and poultices",1.55919199584476e-59,TRUE,TRUE,0.0233540067713224,TRUE
040101,0401010AC,Sodium oxybate,0.0117407438966761,poisson,HAC-Wald,0.311977353235434,1,0.0050535871972307,1.36814809072493,FALSE,,0.00907676102586478,0.0188045091455207,-0.00238992934355458,-0.00962385247641844,TRUE,,0.0317663729038972,TRUE,secondary_exploratory,all_eligible_drugs,Hypnotics,8.49270687446684e-13,TRUE,TRUE,0.0244483742282743,TRUE
040201,0402010A0,Amisulpride,0.011741164523001,poisson,HAC-Wald,20.2019381215369,2.87913802523983e-07,6.00528515081189e-05,12,TRUE,,-0.000812246050443316,0.00465347859540338,-0.00319049779130862,0.00160630219255285,TRUE,,0.0317663729038972,TRUE,secondary_exploratory,all_eligible_drugs,Antipsychotic drugs,0.00313994020549551,TRUE,TRUE,0.0244483742282743,TRUE
110401,1104010I0,Dexamethasone,0.0121307894644761,poisson,HAC-Wald,30.3878265549543,1.94333377567994e-08,0.0023216981649522,0.754973373646627,FALSE,,-0.0103256746611923,-0.00799275471063406,-0.000925894586153522,-0.00361898170509849,TRUE,,0.0327296092476448,TRUE,secondary_exploratory,all_eligible_drugs,Corticosteroids,0.940393434747381,FALSE,FALSE,,FALSE
120301,1203010U0,Doxycycline hyclate,0.012237994289949,poisson,Poisson-LRT,1.48524190872917,0.216131943874384,0.921720164467481,,,,0.0452407479851892,-0.0490400829535025,-0.0070701803187749,-0.0115207159127972,TRUE,,0.0329276420950562,TRUE,secondary_exploratory,all_eligible_drugs,Drugs for oral ulceration and inflammation,2.42048686581937e-22,TRUE,TRUE,0.0254025244251938,TRUE
020504,0205040S0,Prazosin hydrochloride,0.0125309700453087,poisson,HAC-Wald,2.60606507007907,0.00105118674688692,0.00142387652018472,1.85709008852458,FALSE,,0.0125840100567815,0.00746765057126302,-0.0021712824606433,0.00332932714163275,TRUE,,0.0336230435926465,TRUE,secondary_exploratory,all_eligible_drugs,Alpha-adrenoceptor blocking drugs,0.00111675606659756,TRUE,TRUE,0.0259288625465822,TRUE
040600,0406000AA,Doxylamine succinate/pyridoxine hydrochloride,0.0126035277157791,negbin,NB-LRT,12.8608098299215,0.0101388100580664,0.0564514686544799,,,63.5667030726604,0.00226554164496037,0.0789299808405512,0.033304682567307,-0.055071218601505,TRUE,,0.0337248241625517,TRUE,secondary_exploratory,all_eligible_drugs,Drugs used in nausea and vertigo,4.48078666131178e-09,TRUE,TRUE,0.0259972452569988,TRUE
010200,0102000Y0,Propantheline bromide,0.0127275065368679,poisson,HAC-Wald,139.887576118131,3.43828178969097e-07,0,5.52965978208836,FALSE,,-0.118958687724484,-0.123643851661313,0.00895329807261289,-0.0301526532676664,TRUE,,0.0339632640189297,TRUE,secondary_exploratory,all_eligible_drugs,Antispasmodics and other drugs altering gut motility,0.0936735611860228,FALSE,FALSE,,FALSE
020505,0205052Q0,Telmisartan,0.0127952280544959,poisson,HAC-Wald,16.09569093338,2.50550136944526e-07,1.69070348721156e-05,2.92705025572454,FALSE,,-0.00693035814365453,0.00365316837936649,-0.00201475131296116,-5.12616689749279e-05,TRUE,,0.0340506888663361,TRUE,secondary_exploratory,all_eligible_drugs,Renin-angiotensin system drugs,0.0166702504942612,TRUE,TRUE,0.0263101876870572,TRUE
050102,0501021K0,Cefuroxime axetil,0.0128548028579247,negbin,NB-LRT,1.88580018529386,0.0226237050365821,0.14922919128059,,,303.191423179933,0.0735597662653814,0.00400320794557205,0.0237998909772875,-0.0134123728340642,TRUE,,0.0341160163041381,TRUE,secondary_exploratory,all_eligible_drugs,Cephalosporins and other beta-lactams,4.30504844194276e-06,TRUE,TRUE,0.0263503435530046,TRUE
130400,1304000D0,Betamethasone esters,0.0131530520110166,negbin,NB-LRT,50.8089414564922,3.29575803029065e-09,0.11685674499697,,,812.567886215895,0.0130716720386311,-0.0233168231094618,0.00908711327254676,-0.00352361411649848,TRUE,,0.0348126974422016,TRUE,secondary_exploratory,all_eligible_drugs,Topical corticosteroids,0.000772676262857242,TRUE,TRUE,0.0268779758485992,TRUE
110802,1108020A0,Diclofenac sodium,0.0132101777833584,poisson,HAC-Wald,7.66465123456916,4.84607210989315e-06,0,1.74898515895404,FALSE,,0.070345234123017,-0.111841050991851,-0.000872000348577477,0.0228057781917268,TRUE,,0.0348691413576994,TRUE,secondary_exploratory,all_eligible_drugs,Ocular diagnostic & peri-operative prepn & photodynamic tt,0.436913075381646,FALSE,FALSE,,FALSE
070402,0704020G0,Flavoxate hydrochloride,0.0135528540194581,poisson,HAC-Wald,1.48667090070667,0.118632010049023,0.0249439428975748,2.88679487085005,FALSE,,-0.00945755253846554,0.00877252359871548,-0.00520625183579179,0.00649782387255484,TRUE,,0.0356769724728439,TRUE,secondary_exploratory,all_eligible_drugs,Drugs for urinary frequency enuresis and incontinence,0.102138015457376,FALSE,FALSE,,FALSE
090602,0906026M0,Thiamine hydrochloride,0.0136002310145707,poisson,HAC-Wald,177.648876782269,1.50841556134748e-08,3.2625799688546e-06,12,TRUE,,-0.00294158698360321,0.00355827405274241,-0.000655423422740861,0.000710208191792332,TRUE,,0.0357051887013257,TRUE,secondary_exploratory,all_eligible_drugs,Vitamin B group,0.0224467549907545,TRUE,TRUE,0.0277057337696207,TRUE
090101,0901011W0,Sodium feredetate,0.0137690021918587,poisson,HAC-Wald,35.4499028417852,5.7691189080804e-07,0.00086160965021298,3.95211289340378,FALSE,,-0.000399866657912037,-0.0266821341050196,0.00384850677231064,-0.00268791487760631,TRUE,,0.0360510971367482,TRUE,secondary_exploratory,all_eligible_drugs,Iron-deficiency anaemias,4.30049447409871e-15,TRUE,TRUE,0.0279629735871698,TRUE
060101,0601012W0,Biphasic insulin aspart,0.0147676291120079,poisson,HAC-Wald,40.2125733335099,2.78694005576198e-09,9.46837100601616e-06,7.97428143570438,FALSE,,-0.00212910702368896,0.00286826967604914,-0.00359311409406834,0.00545167774703785,TRUE,,0.0385621199868518,TRUE,secondary_exploratory,all_eligible_drugs,Insulin,0.0233801524823976,TRUE,TRUE,0.0298987690944653,TRUE
110301,1103010Y0,Ofloxacin,0.0149499173037076,negbin,NB-LRT,7.64441277151617,0.00300192271275814,0.0562706325169931,,,185.564835418255,0.012029700234453,-0.0383021784372288,0.0424085432107147,-0.0249526903133934,TRUE,,0.0389337418551103,TRUE,secondary_exploratory,all_eligible_drugs,Antibacterials,9.40936355817698e-11,TRUE,TRUE,0.0301749864596308,TRUE
120101,120101040,Dexamethasone sodium metasulphobenzoate,0.0151016236504812,poisson,HAC-Wald,543.299158256036,9.87114188880718e-09,0,2.33402691149558,FALSE,,-0.00685081111667113,0.15716192686652,0.0456861952035755,-0.000651106511978173,TRUE,,0.0392239504948498,TRUE,secondary_exploratory,all_eligible_drugs,Otitis externa,4.03048405132221e-10,TRUE,TRUE,0.0303879766422526,TRUE
140400,1404000AL,Shingles (H/Z),0.0154387877824263,negbin,NB-LRT,32.3799193973342,3.08608177064991e-05,0.4820397867631,,,20.3049875466836,-0.0601715555559486,0.136478767374931,-0.0803961389459828,-0.0510798326702043,TRUE,,0.0399930300534129,TRUE,secondary_exploratory,all_eligible_drugs,Vaccines and antisera,5.01709265504371e-74,TRUE,TRUE,0.0309717145147455,TRUE
020202,0202020D0,Bumetanide,0.0155441466512052,poisson,HAC-Wald,106.524253305163,1.3614715395961e-07,0.00211661428426324,1.85547599284428,FALSE,,-0.00920658823262711,-0.00863111182100339,-0.00236482802580699,0.00372382030954052,TRUE,,0.0400529069795604,TRUE,secondary_exploratory,all_eligible_drugs,Loop diuretics,1.23408769764989e-38,TRUE,TRUE,0.0310882933024103,TRUE
080103,0801030P0,Methotrexate,0.0155230867842064,poisson,HAC-Wald,2.24236857414423,0.00284781638627408,5.08658688547214e-06,2.9591353996577,FALSE,,-0.00756967279905078,-0.00341527847109629,-0.00281573757427662,0.00547511821156628,TRUE,,0.0400529069795604,TRUE,secondary_exploratory,all_eligible_drugs,Antimetabolites,0.769739487426067,FALSE,FALSE,,FALSE
130502,1305020R0,Tacalcitol,0.0157949733542608,poisson,HAC-Wald,4.83683945301542,2.23987643987123e-06,0.0129542620220157,1.10173924797989,FALSE,,0.0638672736549004,-0.0692804200591968,0.00774935901421396,0.0107995936239737,TRUE,,0.0405918312587073,TRUE,secondary_exploratory,all_eligible_drugs,Preparations for psoriasis,2.00974064079059e-55,TRUE,TRUE,0.0314942195972837,TRUE
050107,0501070W0,Linezolid,0.0161765254748217,poisson,HAC-Wald,1.3315317209598,0.289254164908687,0.00932539943566624,1.95089288491412,FALSE,,-0.0610838256647923,-0.0023490711458611,-0.0112354924328539,0.00413624787338933,TRUE,,0.0414629889802008,TRUE,secondary_exploratory,all_eligible_drugs,Some other antibacterials,0.00188469676334775,TRUE,TRUE,0.0321575642369567,TRUE
040303,0403030E0,Fluoxetine hydrochloride,0.016818794190068,poisson,HAC-Wald,381.67131016062,2.88009422999834e-09,0.000188056903667855,9.31930156128523,FALSE,,0.0021508366829047,0.00267038557500387,-0.001294972193055,0.00131134347963338,TRUE,,0.0428835223589691,TRUE,secondary_exploratory,all_eligible_drugs,Selective serotonin re-uptake inhibitors,0.000373686698569591,TRUE,TRUE,0.0332335332644586,TRUE
040600,0406000S0,Ondansetron hydrochloride,0.0167895469678392,poisson,HAC-Wald,22.4463611002496,1.68758550384306e-09,0.0231156823473516,0.960876105984647,FALSE,,-0.00565820430686735,0.0125250777258047,0.0059225834681533,0.0042378945071276,TRUE,,0.0428835223589691,TRUE,secondary_exploratory,all_eligible_drugs,Drugs used in nausea and vertigo,4.48078666131178e-09,TRUE,TRUE,0.0332335332644586,TRUE
050107,0501070I0,Colistimethate sodium,0.0172468909459516,negbin,NB-LRT,6.92865544636093,0.00337667775940622,0.511137481074518,,,499.574063551967,-0.0137181086919752,0.0237117109802622,-0.0014363704383324,0.0260600773427202,TRUE,,0.0438602396380074,TRUE,secondary_exploratory,all_eligible_drugs,Some other antibacterials,0.00188469676334775,TRUE,TRUE,0.0339774079114854,TRUE
050301,0503010H0,Tenofovir disoproxil,0.0176969905776306,poisson,Poisson-LRT,0.959134939524895,0.91991363415871,0.317022727592336,,,,0.0156691996889358,0.0450074224464789,-0.000270822831020487,-0.0481819547432711,TRUE,,0.0448876792255527,TRUE,secondary_exploratory,all_eligible_drugs,HIV infection,0.61254833111613,FALSE,FALSE,,FALSE
060401,0604011Y0,Tibolone,0.0188981763187005,poisson,HAC-Wald,9.41542858164371,2.50378619758441e-07,0.0036593502336767,8.32783330504434,FALSE,,-0.00182345704007737,-0.00340443587848892,-0.000295739808330888,0.00196244090465962,TRUE,,0.0478099317776994,TRUE,secondary_exploratory,all_eligible_drugs,Female sex hormones and their modulators,0.000113754559464022,TRUE,TRUE,0.0371194030379251,TRUE
040702,0407020AD,Oxycodone hydrochloride,0.0191010132602675,poisson,HAC-Wald,96.7795914046542,9.12013294449525e-09,1.10385615004205e-06,2.56232669183824,FALSE,,-0.00347424803716972,0.00442833094793572,-0.00201325644188725,0.00333947420474975,TRUE,,0.048197893563473,TRUE,secondary_exploratory,all_eligible_drugs,Opioid analgesics,0.272633294918465,FALSE,FALSE,,FALSE
060102,0601021X0,Tolbutamide,0.0192113562576347,poisson,HAC-Wald,11.3608508804363,2.13393772058413e-05,2.45137243837235e-13,0.578941702347111,FALSE,,0.120204713143601,0.0248122996886469,-0.0634005057635343,-0.0611203300459242,TRUE,,0.048351062002419,TRUE,secondary_exploratory,all_eligible_drugs,Antidiabetic drugs,0.870182495394554,FALSE,FALSE,,FALSE
040101,0401010Y0,Zolpidem tartrate,0.0194385470171745,poisson,HAC-Wald,51.8283384228439,5.36511337760142e-06,0.00494425690650069,2.25230938323219,FALSE,,0.0200192578477493,0.0140470592816776,0.00562634766262535,-0.00103945183525251,TRUE,,0.0487967649348659,TRUE,secondary_exploratory,all_eligible_drugs,Hypnotics,8.49270687446684e-13,TRUE,TRUE,0.0380671545753001,TRUE
010502,0105020D0,Prednisolone sodium metasulphobenzoate,0.0196943342189241,poisson,Poisson-LRT,2.8391341928886,0.0812167512164065,0.530593554682082,,,,-0.00464586990536007,-0.00572753019072663,0.0129290913141871,-0.0177562251352092,TRUE,,0.049212350534617,TRUE,secondary_exploratory,all_eligible_drugs,Corticosteroids,0.188917301871277,FALSE,FALSE,,FALSE
060102,0601023AG,Dapagliflozin,0.019705150624744,poisson,HAC-Wald,313.420557372434,6.52772205128929e-08,1.03618615558965e-05,6.43762252533669,FALSE,,-0.00573651478315589,0.00233559241597154,0.000227015714039611,0.00432305005515098,TRUE,,0.049212350534617,TRUE,secondary_exploratory,all_eligible_drugs,Antidiabetic drugs,0.870182495394554,FALSE,FALSE,,FALSE
010602,0106020P0,Sodium picosulfate,0.0198502035342948,negbin,NB-LRT,23.3728077237647,9.3008256581902e-10,0.124817178048305,,,1011.99506070675,0.0247489286935976,0.00126178834916462,0.00398860923606547,-0.00112673856342819,TRUE,,0.0494478215918239,TRUE,secondary_exploratory,all_eligible_drugs,Stimulant laxatives,0.0429708493171327,TRUE,TRUE,0.038757964170819,TRUE
100101,1001010AA,Meloxicam,0.0201791267938265,poisson,HAC-Wald,18.6759818453513,5.18838484672284e-09,0.00558491519438087,5.37494246371519,FALSE,,-0.000599724689849407,-0.00403817016729671,-0.00221420303635853,-0.00160420377658109,TRUE,,0.0501389527989463,FALSE,secondary_exploratory,all_eligible_drugs,Non-steroidal anti-inflammatory drugs,5.27206392050756e-10,TRUE,TRUE,0.0392836255335438,TRUE
040903,0409030P0,Piracetam,0.020958039379575,poisson,Poisson-LRT,1.33608272238447,0.300960486904738,0.624218635788553,,,,0.000135696346629949,0.0218879936028318,-0.016043927783317,0.00968275000417599,TRUE,,0.0519418075208805,FALSE,secondary_exploratory,all_eligible_drugs,"Essential tremor,chorea,tics and related disorders",0.289865436190808,FALSE,FALSE,,FALSE
040201,040201060,Olanzapine,0.0214561383773391,poisson,HAC-Wald,135.335855863902,7.3118854963264e-09,1.37956274753881e-05,12,TRUE,,-0.00149506224257252,0.00418436149045598,-0.000930651972931652,0.00230118940566437,TRUE,,0.0530413166993104,FALSE,secondary_exploratory,all_eligible_drugs,Antipsychotic drugs,0.00313994020549551,TRUE,TRUE,0.0416464278828588,TRUE
040801,0408010N0,Phenobarbital,0.0216403564595982,poisson,HAC-Wald,7.28925626617963,3.83120083150102e-06,0.000141748012486564,5.82954234917739,FALSE,,-0.00276396123255853,0.00400810581079329,-0.00267454604640358,0.00258712434538349,TRUE,,0.0533329577126393,FALSE,secondary_exploratory,all_eligible_drugs,Control of epilepsy,0.0462428934317855,TRUE,TRUE,0.0418411307642909,TRUE
120301,1203010Q0,Lidocaine hydrochloride,0.0216836255176644,poisson,Poisson-LRT,1.67000270530916,0.123356492173849,0.462035397738366,,,,-0.0335411544400572,-0.016860866212748,0.0121534268667525,0.00819282627396132,TRUE,,0.0533329577126393,FALSE,secondary_exploratory,all_eligible_drugs,Drugs for oral ulceration and inflammation,2.42048686581937e-22,TRUE,TRUE,0.0418411307642909,TRUE
110600,1106000L0,Latanoprost,0.0219276063146497,poisson,HAC-Wald,141.055389585097,1.92726894285827e-08,3.60142738233815e-05,10.2710348234149,FALSE,,-0.00428697907467992,-0.000294423408877626,-0.00445182812169288,0.00367184334441347,TRUE,,0.0537972003790146,FALSE,secondary_exploratory,all_eligible_drugs,Treatment of glaucoma,0.405750746864685,FALSE,FALSE,,FALSE
040304,0403040AB,Vortioxetine,0.0224386462686069,poisson,HAC-Wald,19.1024870212759,4.96568565131206e-08,1.33549372002273e-05,12,TRUE,,0.000629439618873718,0.00296892305838849,-0.00215585417692463,0.00324387434426724,TRUE,,0.0549126669990531,FALSE,secondary_exploratory,all_eligible_drugs,Other antidepressant drugs,3.16743876105447e-08,TRUE,TRUE,0.0431714305401852,TRUE
020602,0206020T0,Verapamil hydrochloride,0.0226204643916496,poisson,HAC-Wald,27.8134451877331,9.04717013575933e-08,2.94289202097398e-05,5.49269993488209,FALSE,,0.000442890418723868,0.00223350540565902,-0.00200895813930282,0.00222552368846911,TRUE,,0.0550808307936669,FALSE,secondary_exploratory,all_eligible_drugs,Calcium-channel blockers,3.20982104870482e-14,TRUE,TRUE,0.043394360261532,TRUE
120305,120305000,Other treatment of dry mouth preparations,0.0225836825074543,poisson,Poisson-LRT,1.47549398196766,0.160752753622981,0.24595313280127,,,,-0.023136434843887,-0.0150204564773179,0.00273473105573918,-0.000903853859219767,TRUE,,0.0550808307936669,FALSE,secondary_exploratory,all_eligible_drugs,Treatment of dry mouth,0.296686411052451,FALSE,FALSE,,FALSE
091104,091104000,Other digestive aid preparations,0.0227407218648549,poisson,HAC-Wald,23.6634641201687,3.444009460377e-05,6.06456632856744e-06,0.991497675850845,FALSE,,-0.18080362380166,-0.000328077345432437,-0.102665682258656,0.0427607059221902,TRUE,,0.0552355688188745,FALSE,secondary_exploratory,all_eligible_drugs,Digestive aids,0.0413467670270089,TRUE,TRUE,0.0434982412414957,TRUE
060201,0602010M0,Liothyronine sodium,0.0231287584671683,poisson,HAC-Wald,2.81225871970355,0.00166065557634743,9.20042466665549e-05,8.27909945065195,FALSE,,-0.0029801458788506,0.00208444929987358,-0.00177486195020468,0.00431091241637989,TRUE,,0.0558992822506749,FALSE,secondary_exploratory,all_eligible_drugs,Thyroid hormones,0.499494593018627,FALSE,FALSE,,FALSE
120301,1203010C0,Benzocaine,0.0230964939869709,poisson,Poisson-LRT,1.18202959615977,0.5411920316907,0.246736900056954,,,,-0.0555918174122634,0.00314891189796594,-0.00577255986883946,-0.00590278342502913,TRUE,,0.0558992822506749,FALSE,secondary_exploratory,all_eligible_drugs,Drugs for oral ulceration and inflammation,2.42048686581937e-22,TRUE,TRUE,0.044050704473701,TRUE
020505,0205051M0,Perindopril erbumine,0.0234892551820294,poisson,HAC-Wald,165.000934380532,1.66722746229171e-09,4.04421734612193e-06,8.74238884459212,FALSE,,0.000669910039035463,0.00173992473733181,-0.00282751250590966,0.00174594668623086,TRUE,,0.05663003600816,FALSE,secondary_exploratory,all_eligible_drugs,Renin-angiotensin system drugs,0.0166702504942612,TRUE,TRUE,0.0446703176583102,TRUE
110303,1103030C0,Aciclovir,0.0237465982677759,negbin,NB-LRT,5.59065769608091,4.64594245131165e-06,0.341092048945177,,,83.4959454307693,0.0734134720282253,0.00128369284551609,0.0478239813525402,0.030561180012312,TRUE,,0.0571091029946018,FALSE,secondary_exploratory,all_eligible_drugs,Antivirals,1.44223095977901e-09,TRUE,TRUE,0.045029572507771,TRUE
010701,0107010AA,Diltiazem hydrochloride,0.0240324136492328,negbin,NB-LRT,3.69552621470529,1.85349928140123e-05,0.0648023339874225,,,872.077615500949,0.0193658720200096,0.021070191888694,0.00792381827837279,-0.00619936746352026,TRUE,,0.0576541155033318,FALSE,secondary_exploratory,all_eligible_drugs,Soothing haemorrhoidal preparations,3.88567411103636e-20,TRUE,TRUE,0.0454405982218252,TRUE
020400,0204000T0,Sotalol hydrochloride,0.02524072215111,poisson,HAC-Wald,20.0752250883823,3.62124724346336e-08,1.16479791677504e-05,2.68870495448813,FALSE,,-0.00295040953511109,0.00339982990753374,-0.00264348010837296,0.00145939871514128,TRUE,,0.060404086916907,FALSE,secondary_exploratory,all_eligible_drugs,Beta-adrenoceptor blocking drugs,0.0081054061707156,TRUE,TRUE,0.0475885248579667,TRUE
090201,0902011AB,Sodium zirconium cyclosilicate,0.0255609038409334,negbin,NB-LRT,1.97037918846905,0.0251267164868997,0.0943405672847679,,,1638.63917214201,0.0243812414776346,-0.0165372487131698,-0.00390616225139396,-0.00200985116386234,TRUE,,0.0610203929928165,FALSE,secondary_exploratory,all_eligible_drugs,Oral preparation for fluid and electrolyte imbalance,8.65885960246975e-07,TRUE,TRUE,0.0480544992209548,TRUE
110401,1104010S0,Prednisolone sodium phosphate,0.0257494011485064,negbin,NB-LRT,7.85466884562939,1.02667271487577e-05,0.953867530313705,,,844.282253936839,0.0229954254039266,0.0127760847566253,-0.00152435066351587,0.00763451790034842,TRUE,,0.0613200897766387,FALSE,secondary_exploratory,all_eligible_drugs,Corticosteroids,0.940393434747381,FALSE,FALSE,,FALSE
060102,0601023AV,Saxagliptin/dapagliflozin,0.026904840566955,poisson,HAC-Wald,1.15728723797689,0.584279834137432,6.04635131251641e-06,7.73745955435755,FALSE,,-0.0070367301600516,0.0124257726000451,-0.00710101511139405,-0.000781847506648596,TRUE,,0.0639118181019633,FALSE,secondary_exploratory,all_eligible_drugs,Antidiabetic drugs,0.870182495394554,FALSE,FALSE,,FALSE
080304,0803042E0,Cyproterone acetate,0.0269689499383028,negbin,NB-LRT,2.52995621963184,0.00569255157199161,0.643049345464038,,,1955.01282164127,-0.0185539256285981,0.0121857671780161,0.00577500716394153,-0.00131201229291496,TRUE,,0.0639118181019633,FALSE,secondary_exploratory,all_eligible_drugs,Hormone antagonists,0.00341395403142288,TRUE,TRUE,0.0505571768074167,FALSE
120305,1203050P0,Pilocarpine hydrochloride,0.0278624351603279,poisson,Poisson-LRT,1.72272605827513,0.0760493694689732,0.0664737203224145,,,,-0.0034936265706679,0.00218838063790091,-0.0036458479564226,0.015179630087875,TRUE,,0.065868960791649,FALSE,secondary_exploratory,all_eligible_drugs,Treatment of dry mouth,0.296686411052451,FALSE,FALSE,,FALSE
040702,0407020K0,Diamorphine hydrochloride (Systemic),0.0281012805694135,poisson,HAC-Wald,13.9012025046556,6.44640877591818e-07,6.36031016743033e-09,2.06935561017637,FALSE,,0.120511649952253,0.0904044250416381,0.0180321647177088,-0.0219494800425346,TRUE,,0.0662727536915465,FALSE,secondary_exploratory,all_eligible_drugs,Opioid analgesics,0.272633294918465,FALSE,FALSE,,FALSE
080304,0803042K0,Goserelin acetate,0.0284904905737858,poisson,HAC-Wald,19.5972057235985,2.68034927178393e-07,1.17168145230551e-05,7.6451988085596,FALSE,,0.0104924183223695,0.00233862084526319,0.0101905962233681,0.00234837339073339,TRUE,,0.0670283522194864,FALSE,secondary_exploratory,all_eligible_drugs,Hormone antagonists,0.00341395403142288,TRUE,TRUE,0.0532577920384973,FALSE
021200,0212000Y0,Simvastatin,0.0289241862465767,poisson,HAC-Wald,640.035317781878,1.85010971353444e-09,3.85489333865063e-06,7.98171592970039,FALSE,,-0.00196947267227606,0.00254863038112117,-0.00273357233337438,0.000746194059514558,TRUE,,0.0678847166365438,FALSE,secondary_exploratory,all_eligible_drugs,Lipid-regulating drugs,0.0304008061863522,TRUE,TRUE,0.0539153386692563,FALSE
090607,0906070T0,Vitamins caps,0.0290165924394295,poisson,HAC-Wald,13.9909716665358,1.76656353023827e-08,0.000978904961757121,12,TRUE,,-0.00149807435746642,0.00368794619943767,-0.00255935875688547,0.00101507789976278,TRUE,,0.0679378871057797,FALSE,secondary_exploratory,all_eligible_drugs,Multivitamin preparations,0.00214384731978948,TRUE,TRUE,0.0539347961162278,FALSE
020601,0206010I0,Isosorbide dinitrate,0.0300465450032481,poisson,HAC-Wald,3.06418190746287,0.000321854330695327,2.92430451072079e-05,2.10172561068459,FALSE,,0.00640015470740637,-0.00127496648327449,0.00289232795294015,0.00428948688462326,TRUE,,0.070180659072335,FALSE,secondary_exploratory,all_eligible_drugs,Nitrates,0.723508230808036,FALSE,FALSE,,FALSE
040801,0408010A0,Levetiracetam,0.0308450294045096,poisson,HAC-Wald,149.328055891429,9.04346273964674e-08,1.98216214059022e-05,11.3367525794748,FALSE,,-0.00248944414675066,0.00290926879508693,-0.000965305657648062,0.00486740635650484,TRUE,,0.0718269241234755,FALSE,secondary_exploratory,all_eligible_drugs,Control of epilepsy,0.0462428934317855,TRUE,TRUE,0.0571719136568093,FALSE
100103,1001030L0,Leflunomide,0.030898851342645,poisson,HAC-Wald,10.0114380698206,1.92601501730935e-06,0.000734698981773918,7.19092804967935,FALSE,,-0.00483554195878428,0.00130045867622048,-0.00446361759544008,0.00190868141543197,TRUE,,0.0718269241234755,FALSE,secondary_exploratory,all_eligible_drugs,Rheumatic disease suppressant drugs,0.351282739573645,FALSE,FALSE,,FALSE
020505,0205052B0,Olmesartan medoxomil,0.0316508443305685,poisson,HAC-Wald,21.523143265895,1.51914790350772e-09,1.41837009470791e-07,6.48558626646417,FALSE,,-0.000827469700874737,0.00220777317224393,-0.00333173282938486,0.00293807099814913,TRUE,,0.0733706740423434,FALSE,secondary_exploratory,all_eligible_drugs,Renin-angiotensin system drugs,0.0166702504942612,TRUE,TRUE,0.0584525315970467,FALSE
020505,0205052R0,Telmisartan with diuretic,0.0317136075686104,poisson,HAC-Wald,1.56437722303044,0.0717462909285635,0.000369533308445469,3.89896418459089,FALSE,,-0.00336407378730463,-0.00371724623396397,-0.00728306326771215,9.54896402146413e-05,TRUE,,0.0733706740423434,FALSE,secondary_exploratory,all_eligible_drugs,Renin-angiotensin system drugs,0.0166702504942612,TRUE,TRUE,0.0584525315970467,FALSE
060106,0601060W0,Ketone blood testing reagents,0.0322839739544996,negbin,NB-LRT,35.749455485133,1.42099703462682e-06,0.121886579681405,,,1234.58068390099,0.0154744380399994,0.00326066696595964,0.0091302874408826,0.00995364002610206,TRUE,,0.0745132479423758,FALSE,secondary_exploratory,all_eligible_drugs,Diabetic diagnostic and monitoring agents,1.14226798562315e-07,TRUE,TRUE,0.0593375834135774,FALSE
020801,0208010L0,Dalteparin sodium,0.032884275295788,negbin,NB-LRT,4.46721410175772,2.47544358108377e-05,0.883069349833813,,,2062.45195963337,-0.0056682346826572,-0.0157675426473214,0.00656549598989498,-0.00236538381008766,TRUE,,0.0755734908038833,FALSE,secondary_exploratory,all_eligible_drugs,Parenteral anticoagulants,0.249371307594594,FALSE,FALSE,,FALSE
060102,0601023AA,Vildagliptin,0.0328985216641135,poisson,HAC-Wald,2.769822699353,0.00320298753819246,0.00823493160234068,1.96340694481591,FALSE,,-0.0110846957682141,0.0059468503986719,-0.00505268717599681,0.000123737297077173,TRUE,,0.0755734908038833,FALSE,secondary_exploratory,all_eligible_drugs,Antidiabetic drugs,0.870182495394554,FALSE,FALSE,,FALSE
080201,0802010M0,Mycophenolate mofetil,0.0330518988972554,poisson,HAC-Wald,10.8122178814385,1.70283654399884e-06,0.00111865948822976,7.4391222048391,FALSE,,-0.00415231682686167,0.00185937712621996,-0.00148369590067234,0.00445977452313549,TRUE,,0.0757471753551218,FALSE,secondary_exploratory,all_eligible_drugs,Antiproliferative immunosuppressants,0.185313710897741,FALSE,FALSE,,FALSE
040902,0409020S0,Procyclidine hydrochloride,0.0335930459825434,poisson,HAC-Wald,44.1424321888618,3.98783974107058e-09,5.41454330260649e-07,12,TRUE,,-0.00212433893116437,0.0043257352026575,-0.000293923162250639,0.00143811674236154,TRUE,,0.0768066356502282,FALSE,secondary_exploratory,all_eligible_drugs,Antimuscarinic drugs used in parkinsonism,0.164776863506407,FALSE,FALSE,,FALSE
090103,0901030J0,Darbepoetin alfa,0.0339119022982405,poisson,Poisson-LRT,1.10992617547723,0.650285032241262,0.401354216285271,,,,-0.0238388422699417,0.013404723772459,0.0198156097286272,0.0169238071330111,TRUE,,0.0773540815889608,FALSE,secondary_exploratory,all_eligible_drugs,"Hypoplastic,haemolytic and renal anaemias",0.00398497352474364,TRUE,TRUE,0.0621560771928754,FALSE
040102,0401020T0,Oxazepam,0.0351245142501122,negbin,NB-LRT,3.8597254626443,7.79008185535119e-05,0.132937434448365,,,1760.39417032044,0.00755708091993257,0.0184110975669304,-0.00165385880776382,0.00202625960209656,TRUE,,0.0799328899056291,FALSE,secondary_exploratory,all_eligible_drugs,Anxiolytics,0.411692559020789,FALSE,FALSE,,FALSE
130802,130802000,Other camouflage preparations,0.0366237061399269,poisson,HAC-Wald,7.48953978164311,2.58587549079667e-05,0.0075988855395307,0.23804803588201,FALSE,,-0.00349158739063149,-0.0302971793675777,0.00485444520305312,0.0010396199294054,TRUE,,0.0831503258281789,FALSE,secondary_exploratory,all_eligible_drugs,Camouflagers,0.0639461535776501,FALSE,FALSE,,FALSE
120103,1201030F0,Docusate sodium,0.0377107421776388,negbin,NB-LRT,3.55424628505206,0.00281517362214228,0.489444618528369,,,137.634248076157,0.0089019044946797,0.0243610305345701,0.055277177511725,-0.0370616265602662,TRUE,,0.0854192160023726,FALSE,secondary_exploratory,all_eligible_drugs,Removal of ear wax and other substances,1.47066738370915e-17,TRUE,TRUE,0.0689268565357954,FALSE
020201,0202010F0,Chlortalidone,0.0382652904553277,poisson,Poisson-LRT,1.53683670059688,0.143122780086775,0.61337639186099,,,,0.0104412737516145,-0.0109262144806925,-0.00910688270572817,0.00515872803459362,TRUE,,0.0864742294744528,FALSE,secondary_exploratory,all_eligible_drugs,Thiazides and related diuretics,0.00190095196630072,TRUE,TRUE,0.0697467067025086,FALSE
020203,0202030S0,Spironolactone,0.0389914717600135,poisson,HAC-Wald,173.469099984041,1.44904293917592e-08,9.9633238739294e-06,11.80101697429,FALSE,,-0.00560035383439207,0.00139630346327525,-0.00196280177710841,0.00379848810088188,TRUE,,0.0879113275329935,FALSE,secondary_exploratory,all_eligible_drugs,Potassium-sparing diuretics and aldosterone antagonists,0.0219910094935298,TRUE,TRUE,0.0708740011549417,FALSE
020400,0204000E0,Atenolol,0.0395416773857237,poisson,HAC-Wald,234.118841071378,7.36058664467232e-10,3.00825453103393e-06,6.54940527765421,FALSE,,-0.00114999771827367,0.00218550925858631,-0.00356043381782074,1.28796592749567e-05,TRUE,,0.0885369971809077,FALSE,secondary_exploratory,all_eligible_drugs,Beta-adrenoceptor blocking drugs,0.0081054061707156,TRUE,TRUE,0.0712833526570033,FALSE
040101,0401010N0,Loprazolam mesilate,0.0394930206297971,poisson,Poisson-LRT,1.51637010533087,0.183783068305816,0.0630779748968622,,,,0.00212941018322631,0.0192969185223156,-0.00145693395227421,0.00684085381252926,TRUE,,0.0885369971809077,FALSE,secondary_exploratory,all_eligible_drugs,Hypnotics,8.49270687446684e-13,TRUE,TRUE,0.0712833526570033,FALSE
040201,0402010AB,Quetiapine,0.0394620531637745,poisson,HAC-Wald,223.579174254524,2.61493018196163e-08,1.04172758246257e-05,8.9299432211074,FALSE,,-0.000874034464354554,0.00224904096796306,0.00106555666385167,0.00180893857904467,TRUE,,0.0885369971809077,FALSE,secondary_exploratory,all_eligible_drugs,Antipsychotic drugs,0.00313994020549551,TRUE,TRUE,0.0712833526570033,FALSE
040301,0403010N0,Imipramine hydrochloride,0.0396721223412093,poisson,HAC-Wald,5.03430941267429,6.60507773776989e-07,0.0324227335529144,6.89255201858239,FALSE,,0.00128557361060446,0.00250982415687657,-0.00278585923787793,0.00314912270253878,TRUE,,0.0886253375237106,FALSE,secondary_exploratory,all_eligible_drugs,Tricyclic and related antidepressant drugs,5.81617035616975e-09,TRUE,TRUE,0.0713231051926659,FALSE
010200,0102000P0,Mebeverine hydrochloride,0.0397977673400992,poisson,HAC-Wald,144.631027809419,4.82490179022011e-09,0.0285073234841877,4.44829800405677,FALSE,,-0.00829598642511011,-0.0039793697284908,-0.00101256681385832,0.000956772235767278,TRUE,,0.0887025752614567,FALSE,secondary_exploratory,all_eligible_drugs,Antispasmodics and other drugs altering gut motility,0.0936735611860228,FALSE,FALSE,,FALSE
100202,1002020S0,Methocarbamol,0.0407662027721854,poisson,HAC-Wald,15.7003085582468,5.44056571281338e-06,0.00212848054716486,5.38402798809941,FALSE,,-0.00214814532156918,-0.00435609878668009,0.00106417226322003,-0.005408426968953,TRUE,,0.0904978472872944,FALSE,secondary_exploratory,all_eligible_drugs,Skeletal muscle relaxants,0.108400217093321,FALSE,FALSE,,FALSE
130601,1306010I0,Erythromycin,0.0407890707999202,poisson,HAC-Wald,69.0021009796489,3.192833483304e-06,1.19151355448821e-11,4.01847664152308,FALSE,,0.0140328016817151,0.0169437681869569,-0.00120274478200016,-0.0273731670579895,TRUE,,0.0904978472872944,FALSE,secondary_exploratory,all_eligible_drugs,Topical preparations for acne,0.0462428934317855,TRUE,TRUE,0.073131358545906,FALSE
060101,0601012V0,Insulin glargine,0.0411024703254572,poisson,HAC-Wald,105.189914634235,4.73673254622988e-08,0.000935053684944953,1.86528788191338,FALSE,,-0.00188732911415813,0.00297053524296123,-0.00320452558067984,0.00840636332420463,TRUE,,0.0909859229477166,FALSE,secondary_exploratory,all_eligible_drugs,Insulin,0.0233801524823976,TRUE,TRUE,0.0734930040058447,FALSE
110802,1108020AG,Bromfenac,0.0415537078005183,poisson,HAC-Wald,3.34080957173431,0.00234568893201556,0.000481171948101711,2.29770439125611,FALSE,,0.00960600890769494,-0.0134311798333723,0.00123472694022714,-0.0330044580526319,TRUE,,0.0917762163213261,FALSE,secondary_exploratory,all_eligible_drugs,Ocular diagnostic & peri-operative prepn & photodynamic tt,0.436913075381646,FALSE,FALSE,,FALSE
070202,0702020H0,Econazole nitrate,0.041793562394683,poisson,HAC-Wald,9.88343411654357,4.10606377794207e-08,2.44492894907467e-06,2.79541815886069,FALSE,,-0.00592732251286251,-0.0449465293997219,0.0486278238474155,-0.104661089028079,TRUE,,0.0920971261819486,FALSE,secondary_exploratory,all_eligible_drugs,Vaginal and vulval infections,0.00509117132759724,TRUE,TRUE,0.0745261898528494,FALSE
090602,0906027G0,Vitamin B compound,0.0419614683158953,poisson,HAC-Wald,44.5339592750542,8.09388605620632e-09,0.000432272375036402,3.25081470885134,FALSE,,-0.00527791591257187,0.000421663056247903,0.000126713380768306,0.00036564723363319,TRUE,,0.0922583976065057,FALSE,secondary_exploratory,all_eligible_drugs,Vitamin B group,0.0224467549907545,TRUE,TRUE,0.0746233679779976,FALSE
040702,0407020V0,Pethidine hydrochloride,0.0425627506522504,poisson,HAC-Wald,8.50105159722397,6.77392932382016e-08,4.40758540776187e-14,2.4567880934057,FALSE,,-0.180605760733116,-0.0423688722712905,-0.0523791642147197,-0.0494573960315573,TRUE,,0.0933696376920988,FALSE,secondary_exploratory,all_eligible_drugs,Opioid analgesics,0.272633294918465,FALSE,FALSE,,FALSE
060302,0603020AA,Dexamethasone phosphate,0.0440045591477869,negbin,NB-LRT,5.48557375870824,0.00438735327112103,0.499283667865614,,,320.851914289615,-0.039787390845973,-0.00349312338925296,-0.0023754819686855,0.0191100675702358,TRUE,,0.0963155968762797,FALSE,secondary_exploratory,all_eligible_drugs,Glucocorticoid therapy,7.99962161406946e-42,TRUE,TRUE,0.0780458218847542,FALSE
050404,0504040M0,Mepacrine hydrochloride,0.0450023204106706,negbin,NB-LRT,1.87010808607267,0.0277624778733471,0.738630550578359,,,241.821730385499,0.0110658854871417,-0.0687698380052264,-0.0171261798365491,-0.00816140998006361,TRUE,,0.0982786100448277,FALSE,secondary_exploratory,all_eligible_drugs,Antigiardial drugs,0.0771200863996355,FALSE,FALSE,,FALSE
040704,0407041U0,Tolfenamic acid,0.0455806213907345,poisson,HAC-Wald,3.94466483917379,0.00519558392071873,0.000377341368473561,0.520371724682907,FALSE,,-0.0535339531287836,0.0231941411094138,-0.0203159046487309,-0.00215537602470046,TRUE,,0.0993188483994976,FALSE,secondary_exploratory,all_eligible_drugs,Antimigraine drugs,0.745226127019671,FALSE,FALSE,,FALSE
040102,0401020E0,Chlordiazepoxide hydrochloride,0.0459098429973458,poisson,HAC-Wald,10.4777742921545,8.13037542785109e-05,0.00901441501002576,5.35108775375863,FALSE,,-0.0173418448531611,-0.018935947202617,0.00750571787974034,-0.0112925400315704,TRUE,,0.0998129175879795,FALSE,secondary_exploratory,all_eligible_drugs,Anxiolytics,0.411692559020789,FALSE,FALSE,,FALSE
070402,0704020J0,Oxybutynin,0.0460452404852472,poisson,HAC-Wald,103.021827630819,5.16110177355113e-08,0.000296773601925371,4.78825189402009,FALSE,,-0.00393846322837202,-0.00307280351270622,-0.00405615213832324,-0.000418226848794805,TRUE,,0.0998843301394894,FALSE,secondary_exploratory,all_eligible_drugs,Drugs for urinary frequency enuresis and incontinence,0.102138015457376,FALSE,FALSE,,FALSE
040201,0402010AD,Aripiprazole,0.047069507190268,poisson,HAC-Wald,91.1076122123687,8.27687192273326e-11,0.00123611146497227,12,TRUE,,-0.00195932490051953,0.00526484948405823,-0.00365770825373045,0.00157076081704056,TRUE,,0.101879333340713,FALSE,secondary_exploratory,all_eligible_drugs,Antipsychotic drugs,0.00313994020549551,TRUE,TRUE,0.0832573541161193,FALSE
070405,0704050Z0,Sildenafil (Erectile Dysfunction),0.0475514393603351,poisson,HAC-Wald,178.159360331205,2.488830685624e-10,6.01817770231605e-05,12,TRUE,,-0.00481311402906853,0.00219452517643617,0.00319496913523387,-0.000662494720457001,TRUE,,0.102694239328085,FALSE,secondary_exploratory,all_eligible_drugs,Drugs for erectile dysfunction,0.31408709366056,FALSE,FALSE,,FALSE
130400,1304000C0,Beclometasone dipropionate,0.0487096179856026,negbin,NB-LRT,1.86076731088031,0.0363945438907995,0.314868467975634,,,190.060318324496,0.0421292106704758,0.0633778252872005,0.021468544844379,-0.00758980537695912,TRUE,,0.10496276088048,FALSE,secondary_exploratory,all_eligible_drugs,Topical corticosteroids,0.000772676262857242,TRUE,TRUE,0.0859274226126716,FALSE
100102,1001022U0,Triamcinolone acetonide,0.0492323878097876,poisson,HAC-Wald,657.648312948491,3.60265525572545e-06,1.11022302462516e-16,1.2801096347115,FALSE,,0.132370131515549,-0.0661142137763094,-0.0341688068136476,0.0319985518494653,TRUE,,0.105855067829433,FALSE,secondary_exploratory,all_eligible_drugs,Corticosteroids,1.34640025024188e-11,TRUE,TRUE,0.0866174095690915,FALSE
040901,0409010K0,Co-beneldopa (Benserazide/levodopa),0.0507147045192434,poisson,HAC-Wald,55.6720385633001,7.31298039713192e-09,0.00396767650021435,2.91229810652175,FALSE,,-0.00718402280760948,0.00732963193956782,-0.00174775588924922,0.00536529119740904,TRUE,,0.108802031281372,FALSE,secondary_exploratory,all_eligible_drugs,Dopaminergic drugs used in parkinsonism,0.000377505620594641,TRUE,TRUE,0.0889874015297658,FALSE
060401,0604012S0,Progesterone,0.0510173532729884,negbin,NB-LRT,610.103019480812,0.00370393544215735,0.938900779847116,,,352.437740013609,-0.0355449157407781,-0.0046258515203207,-0.00101487071792705,-0.0059558962897234,TRUE,,0.10921077381954,FALSE,secondary_exploratory,all_eligible_drugs,Female sex hormones and their modulators,0.000113754559464022,TRUE,TRUE,0.0892803682277297,FALSE
020400,020400080,Carvedilol,0.0517982396365117,poisson,HAC-Wald,35.551886819291,6.34868737869923e-08,0.000649464906923969,5.55108541739783,FALSE,,-0.00328869347800179,0.00329553397271404,-0.00143007090290009,0.00332947486618653,TRUE,,0.110639222381496,FALSE,secondary_exploratory,all_eligible_drugs,Beta-adrenoceptor blocking drugs,0.0081054061707156,TRUE,TRUE,0.090406476606962,FALSE
050302,0503021C0,Aciclovir,0.0523043400944446,poisson,HAC-Wald,70.78005999225,1.58265764392798e-06,0.00602560260697016,4.24851825886659,FALSE,,-0.00306454318614991,-0.00717937504908987,0.00295533863593003,0.00844895821356214,TRUE,,0.111475770792099,FALSE,secondary_exploratory,all_eligible_drugs,Herpesvirus infections,0.0771200863996355,FALSE,FALSE,,FALSE
060402,0604020B0,Dutasteride,0.0526300416404399,poisson,HAC-Wald,17.9658674242874,9.10865681535933e-07,0.0253475131108489,1.85939506611553,FALSE,,-0.00898703181152463,0.00986400630726438,-0.00248320844859143,-0.000735280665381107,TRUE,,0.11192502305194,FALSE,secondary_exploratory,all_eligible_drugs,Male sex hormones and antagonists,6.44078395714296e-07,TRUE,TRUE,0.0916152576703955,FALSE
130900,1309000C0,Coal tar,0.052796442396067,negbin,NB-LRT,48.9692400265884,5.30182535626584e-05,0.0688586066427646,,,1011.78262853007,0.00900734485615168,-0.0166376738260589,-0.00916932253991406,-0.00131642994275986,TRUE,,0.112034280814312,FALSE,secondary_exploratory,all_eligible_drugs,Shampoo and other preparations for scalp and hair conditions,0.00494846301137637,TRUE,TRUE,0.0916624250570239,FALSE
060401,0604012W0,Dienogest,0.054033311613903,poisson,Poisson-LRT,1.30622278670057,0.331194553711062,0.881097360603747,,,,0.012188020114006,-0.00661294963835022,0.00945472076384294,0.00588406283344601,TRUE,,0.114409664156395,FALSE,secondary_exploratory,all_eligible_drugs,Female sex hormones and their modulators,0.000113754559464022,TRUE,TRUE,0.093562944847232,FALSE
060102,0601023X0,Sitagliptin,0.0555237337212342,poisson,HAC-Wald,113.046789709624,4.77020144529839e-09,0.000162571004578282,3.2407861064627,FALSE,,-0.00286090087736391,0.00492901066180616,-0.00152087692113986,0.000453831925735082,TRUE,,0.117310448252673,FALSE,secondary_exploratory,all_eligible_drugs,Antidiabetic drugs,0.870182495394554,FALSE,FALSE,,FALSE
020302,0203020F0,Disopyramide,0.0559505246985197,poisson,HAC-Wald,19.1318445632786,2.87288350963008e-07,1.08639223728169e-07,3.74079457704814,FALSE,,0.112901463561284,-0.0949414544899224,0.0153348980757629,0.00995056680542604,TRUE,,0.117701535758873,FALSE,secondary_exploratory,all_eligible_drugs,Drugs for arrhythmias,0.145276570341784,FALSE,FALSE,,FALSE
070301,0703010R0,Estradiol valandestradiol valerate with dienogest,0.0558996838696302,negbin,NB-LRT,9.87049377471815,0.000119679969945012,0.53793189591156,,,47.8824695996774,-0.0214498400150951,-0.0251649363359815,-0.0934837888094527,-0.00172393626844029,TRUE,,0.117701535758873,FALSE,secondary_exploratory,all_eligible_drugs,Combined hormonal contraceptives and systems,9.91433051466992e-09,TRUE,TRUE,0.096540661381146,FALSE
090604,0906040C0,Calcitriol,0.0562910807047076,poisson,HAC-Wald,2.50956917347084,0.000262150680005987,1.27797639137839e-08,12,TRUE,,-0.0042246870657506,0.00269324885356813,-0.00375714096147957,0.00244020189228054,TRUE,,0.118162742686175,FALSE,secondary_exploratory,all_eligible_drugs,Vitamin D,7.68734419904648e-19,TRUE,TRUE,0.096962123308109,FALSE
110801,110801000,Other eye tear/lubricant/astringent preparations,0.0565283531115739,poisson,HAC-Wald,3.29832525786381,0.000285691476865369,0.0103356957505837,5.2454672651839,FALSE,,-0.00613208468293224,-0.00734876985220725,0.00134360639449515,-0.00242984628349009,TRUE,,0.118405625657361,FALSE,secondary_exploratory,all_eligible_drugs,"Tear deficiency, eye lubricant and astringent",0.402879512529337,FALSE,FALSE,,FALSE
040304,0403040W0,Venlafaxine,0.0569472290040575,poisson,HAC-Wald,293.906707879896,8.33341879581861e-10,1.2215310167929e-05,12,TRUE,,-0.00137032452832532,0.00173500805525258,-0.00237906995683711,0.002463197524115,TRUE,,0.118772164989191,FALSE,secondary_exploratory,all_eligible_drugs,Other antidepressant drugs,3.16743876105447e-08,TRUE,TRUE,0.0978362315526627,FALSE
131102,1311020L0,Chlorhexidine gluconate,0.0569148400707052,poisson,HAC-Wald,147.728179423542,1.32201839269536e-05,1.95067295649665e-10,2.76632947075461,FALSE,,0.011612230008298,-0.062214356954539,0.00668886407777332,0.0163382374862976,TRUE,,0.118772164989191,FALSE,secondary_exploratory,all_eligible_drugs,Chlorhexidine salts,0.0936735611860228,FALSE,FALSE,,FALSE
030303,0303030B0,Roflumilast,0.058872608750341,poisson,HAC-Wald,1.45923563403042,0.166832123922643,0.00335596123893756,0.219221078766627,FALSE,,-0.00901089367383406,0.00580279435450495,-0.0112198221522258,0.0095643479177617,TRUE,,0.122333796194818,FALSE,secondary_exploratory,all_eligible_drugs,Phosphodiesterase Type-4 inhibitors,0.097383262594549,FALSE,FALSE,,FALSE
030700,0307000C0,Acetylcysteine,0.0589061092560261,poisson,HAC-Wald,52.9236625976038,3.61218683094986e-05,0.00022550825400014,0.99512743824499,FALSE,,-0.00317266145876186,0.0140735113781533,0.00124158387653494,0.013953520678779,TRUE,,0.122333796194818,FALSE,secondary_exploratory,all_eligible_drugs,Mucolytics,3.00197132384098e-16,TRUE,TRUE,0.10093807263142,FALSE
050109,0501090R0,Rifampicin,0.0590359284432368,negbin,NB-LRT,3.09862547704146,0.00480048893096615,0.844204361866333,,,677.880016369883,0.00284178032506973,-0.00162318628969461,-0.0263580091472212,0.0173264704262667,TRUE,,0.122342541071729,FALSE,secondary_exploratory,all_eligible_drugs,Antituberculosis drugs,0.25095865501638,FALSE,FALSE,,FALSE
020204,0202040D0,Amiloride hydrochloride with loop diuretics,0.0594133802212151,poisson,HAC-Wald,0.931631061950735,0.964107280826719,0.0207819565152111,3.75766753494052,FALSE,,-0.00796277374636904,-0.00494897275758489,-0.0107714000293001,-0.00616244703836745,TRUE,,0.122603034609033,FALSE,secondary_exploratory,all_eligible_drugs,Potassium sparing diuretics and compounds,0.0115413382112734,TRUE,TRUE,0.101279803589533,FALSE
040201,0402010S0,Promazine hydrochloride,0.0593332443060119,poisson,HAC-Wald,7.66180522769353,3.58700134445723e-07,3.17110083525307e-07,8.05329759503493,FALSE,,-4.07923981112666e-05,0.00503948681576261,-0.00181123346483477,-0.00168751195956119,TRUE,,0.122603034609033,FALSE,secondary_exploratory,all_eligible_drugs,Antipsychotic drugs,0.00313994020549551,TRUE,TRUE,0.101279803589533,FALSE
010502,0105020G0,Beclometasone dipropionate (Systemic),0.0595903625420112,poisson,Poisson-LRT,0.964641715673555,0.845213298819634,0.72998531326476,,,,-0.0082147506028935,-0.0267337477474348,0.023636529395282,-0.0061384402635095,TRUE,,0.122708272972344,FALSE,secondary_exploratory,all_eligible_drugs,Corticosteroids,0.188917301871277,FALSE,FALSE,,FALSE
030200,0302000Y0,Formoterol/glycopyrronium/budesonide,0.0598009970057756,poisson,HAC-Wald,32.0714812369637,1.74595650743498e-09,0,6.01277161007145,FALSE,,-0.00457153796375527,0.0180268750187699,0.000101249417231829,0.0123571125629577,TRUE,,0.122882217476003,FALSE,secondary_exploratory,all_eligible_drugs,Corticosteroids (respiratory),5.7573277320653e-30,TRUE,TRUE,0.101677147363825,FALSE
090202,0902021S0,Sodium chloride,0.0605722087955749,negbin,NB-LRT,5.54278542255072,0.00165392095077428,0.0987101842979706,,,738.950508122043,-0.0075812794580976,0.0157421209542388,0.0107791569251976,0.0174378110562605,TRUE,,0.124204908140821,FALSE,secondary_exploratory,all_eligible_drugs,Parent prepn for fluid and electrolyte imb,6.15845376198558e-09,TRUE,TRUE,0.102722972648166,FALSE
020505,0205052N0,Losartan potassium,0.0610571943786919,poisson,HAC-Wald,589.529427516489,5.40511836461486e-09,9.34142975306251e-07,12,TRUE,,0.000436053100080514,0.000857725260846565,-0.0029329304314495,0.00223050489205652,TRUE,,0.124936359926147,FALSE,secondary_exploratory,all_eligible_drugs,Renin-angiotensin system drugs,0.0166702504942612,TRUE,TRUE,0.103279264527453,FALSE
020201,0202010L0,Hydrochlorothiazide,0.0612235726455938,negbin,NB-LRT,3.28547961633144,0.00090178040324264,0.431774470818504,,,90.2972127433288,0.013049817654484,-0.0482144128139194,-0.0649584621537911,-0.0251724337833523,TRUE,,0.125014171397921,FALSE,secondary_exploratory,all_eligible_drugs,Thiazides and related diuretics,0.00190095196630072,TRUE,TRUE,0.103295155899489,FALSE
020505,0205052W0,Eprosartan,0.0617100241103907,poisson,HAC-Wald,2.70812433398374,0.000494032027408085,0.0148211794359143,2.77380749027317,FALSE,,-0.0042285429260187,0.012362621619456,-0.00521149412536975,0.000687287782943392,TRUE,,0.125743856660085,FALSE,secondary_exploratory,all_eligible_drugs,Renin-angiotensin system drugs,0.0166702504942612,TRUE,TRUE,0.103849605791911,FALSE
070305,0703050B0,Ulipristal acetate (Emergency Contraceptive),0.0629204043252189,poisson,HAC-Wald,13.4177411226673,1.38818960297182e-06,0.00283519736161875,2.3765220366662,FALSE,,-0.0227372836931816,-0.0454099849133251,0.00360386074050957,-0.0210280496952924,TRUE,,0.127942534055873,FALSE,secondary_exploratory,all_eligible_drugs,Emergency contraception,0.112250212493064,FALSE,FALSE,,FALSE
130502,1305020C0,Tars,0.0632667084777502,poisson,HAC-Wald,31.9692644492427,0.00131566159354951,0.019057708796642,1.95672273263889,FALSE,,0.0172331876765239,0.012186513581723,0.00131095364227298,-0.0413373179192696,TRUE,,0.128378695952768,FALSE,secondary_exploratory,all_eligible_drugs,Preparations for psoriasis,2.00974064079059e-55,TRUE,TRUE,0.106197689230509,FALSE
110600,1106000T0,Levobunolol hydrochloride,0.0645722627972468,poisson,HAC-Wald,3.97667648402697,9.89080998509803e-05,2.40548017615971e-06,8.59644485629366,FALSE,,0.0116115355839041,0.00948341413768619,-0.0186260180738982,0.0326454934438932,TRUE,,0.130484199096511,FALSE,secondary_exploratory,all_eligible_drugs,Treatment of glaucoma,0.405750746864685,FALSE,FALSE,,FALSE
130400,1304000G0,Clobetasol propionate,0.0645499923173269,negbin,NB-LRT,94.3409491279149,3.97915607321918e-07,0.0846480452333578,,,1032.97533882137,0.012911633872069,-0.0155451690221817,0.00421187661610871,-0.00201408763706238,TRUE,,0.130484199096511,FALSE,secondary_exploratory,all_eligible_drugs,Topical corticosteroids,0.000772676262857242,TRUE,TRUE,0.108076068561835,FALSE
021200,0212000AB,Omega-3-acid ethyl esters,0.0651945626903138,poisson,HAC-Wald,4.0814824340422,0.000288069820817369,0.00319024732509687,2.63710226199935,FALSE,,-5.4605374339489e-05,0.00509748182937448,-0.00437431789324165,0.00160705345706056,TRUE,,0.131468952505933,FALSE,secondary_exploratory,all_eligible_drugs,Lipid-regulating drugs,0.0304008061863522,TRUE,TRUE,0.108878229061488,FALSE
040802,0408020V0,Midazolam maleate,0.0658835946184288,poisson,HAC-Wald,8.07250038961311,2.26438457169177e-06,0.000129609131631736,6.39078221938718,FALSE,,-0.00101011866640436,-0.0178863914208914,-0.0232363169200272,-0.00488314141161558,TRUE,,0.13246066021891,FALSE,secondary_exploratory,all_eligible_drugs,Drugs used in status epilepticus,0.319092326902552,FALSE,FALSE,,FALSE
090101,0901011Y0,Ferric maltol,0.0659583369673216,poisson,HAC-Wald,3.18573544334704,0.00330338904502812,0.00573813786200805,5.8982757411318,FALSE,,-0.0208508231949263,-0.00304950467321681,-0.0039411869696742,0.00199793481544152,TRUE,,0.13246066021891,FALSE,secondary_exploratory,all_eligible_drugs,Iron-deficiency anaemias,4.30049447409871e-15,TRUE,TRUE,0.109874900568348,FALSE
060402,0604020U0,Testosterone esters,0.0665485726957839,negbin,NB-LRT,28.4997901818668,0.00720633227809824,0.37877702449079,,,138.492892440835,-0.0453938648702472,-0.00784458024638054,-0.0348708482270019,0.00472061452817985,TRUE,,0.133371007830645,FALSE,secondary_exploratory,all_eligible_drugs,Male sex hormones and antagonists,6.44078395714296e-07,TRUE,TRUE,0.110578183923803,FALSE
130900,1309000F0,Alkyl sulfate,0.0680063036549859,poisson,HAC-Wald,7.93784601427688,1.07628343398561e-06,2.79124390267782e-10,0.839620556579458,FALSE,,0.162146318805443,0.0681936661096487,-0.0137094674946982,0.0307039715855463,TRUE,,0.136012607309972,FALSE,secondary_exploratory,all_eligible_drugs,Shampoo and other preparations for scalp and hair conditions,0.00494846301137637,TRUE,TRUE,0.112715737544032,FALSE
040704,0407041AB,Frovatriptan,0.0681570780431994,poisson,HAC-Wald,13.5293608723251,0.00139864260847117,0.0114367914018744,1.80525732780521,FALSE,,-0.0110361502339568,-0.0260985234514785,-0.00582874093026019,0.0100055443918321,TRUE,,0.136034823799337,FALSE,secondary_exploratory,all_eligible_drugs,Antimigraine drugs,0.745226127019671,FALSE,FALSE,,FALSE
090501,0905013A0,Magnesium aspartate,0.0686060024242172,negbin,NB-LRT,4.37175962811538,3.61849916408783e-05,0.155918840900654,,,2373.78319224802,-0.013647603569635,-0.00660657282158996,0.0031006112528462,-0.00114554614883509,TRUE,,0.136650810554576,FALSE,secondary_exploratory,all_eligible_drugs,Calcium and magnesium,0.507072588053869,FALSE,FALSE,,FALSE
040704,0407042F0,Clonidine hydrochloride,0.0697378453501337,negbin,NB-LRT,23.8011625083235,7.26464765602253e-08,0.0764523483324054,,,1397.93699744327,-0.0156173802967151,-0.00432023241291398,0.00167250438438234,-0.00656694963695784,TRUE,,0.138621757900062,FALSE,secondary_exploratory,all_eligible_drugs,Antimigraine drugs,0.745226127019671,FALSE,FALSE,,FALSE
040702,040702040,Tramadol hydrochloride,0.0701226995116533,poisson,HAC-Wald,289.845272154054,1.43161607816894e-09,3.7822736929094e-06,12,TRUE,,-0.0011332107126898,-0.00135065452634999,-0.00367955966624771,-7.25226962684571e-05,TRUE,,0.139102870314359,FALSE,secondary_exploratory,all_eligible_drugs,Opioid analgesics,0.272633294918465,FALSE,FALSE,,FALSE
091102,091102000,Other enzyme preparations 0911020,0.0707881244426897,poisson,HAC-Wald,17.8463803673564,3.28435606487689e-07,5.55993122319798e-07,3.67655993725065,FALSE,,-0.126948555130424,0.0155154166183878,-0.0725688592845092,0.0336142198456953,TRUE,,0.140137465868252,FALSE,secondary_exploratory,all_eligible_drugs,Enzymes,0.113674360418918,FALSE,FALSE,,FALSE
020505,0205051L0,Lisinopril,0.0731555424344198,poisson,HAC-Wald,355.984690062181,2.14182676794142e-09,9.51421620265513e-07,9.32504980086329,FALSE,,0.00131202184654431,0.00062689193535329,-0.00275756307030146,0.00189696932141719,TRUE,,0.144132457240302,FALSE,secondary_exploratory,all_eligible_drugs,Renin-angiotensin system drugs,0.0166702504942612,TRUE,TRUE,0.120798357927001,FALSE
070302,0703023L0,Levonorgestrel,0.0732500681046709,poisson,HAC-Wald,92.5570624639188,1.50038115357374e-09,9.73776614898725e-13,3.75021256100631,FALSE,,0.0235750690821454,0.0112789864175996,-0.014733240011644,-0.0125893481666155,TRUE,,0.144132457240302,FALSE,secondary_exploratory,all_eligible_drugs,Progestogen-only contraceptives,0.000388275226870467,TRUE,TRUE,0.120798357927001,FALSE
070305,0703050A0,Levonorgestrel,0.0730037606462893,poisson,HAC-Wald,14.8717415635835,2.26743081715227e-05,0.0271050624711743,1.73203221538542,FALSE,,-0.035025394107634,-0.0416514063563721,0.0212836269620388,-0.0280915374093778,TRUE,,0.144132457240302,FALSE,secondary_exploratory,all_eligible_drugs,Emergency contraception,0.112250212493064,FALSE,FALSE,,FALSE
040202,0402020T0,Haloperidol decanoate,0.0756108918343742,poisson,HAC-Wald,1.52785252407561,0.131852101778461,0.0112869384600227,3.55488249844247,FALSE,,0.00193551327101933,0.0121000024655971,0.00179688979499902,-0.00427443051172796,TRUE,,0.14788154346723,FALSE,secondary_exploratory,all_eligible_drugs,Antipsychotic depot injections,0.000230107269456129,TRUE,TRUE,0.123761111509996,FALSE
100101,1001010N0,Mefenamic acid,0.0755280733600574,poisson,HAC-Wald,70.5832097036399,1.5225953345947e-08,8.74491437485858e-07,4.68782334841908,FALSE,,-0.00482262388780357,0.00779565724949614,-0.00175758736460092,-0.0266257881015692,TRUE,,0.14788154346723,FALSE,secondary_exploratory,all_eligible_drugs,Non-steroidal anti-inflammatory drugs,5.27206392050756e-10,TRUE,TRUE,0.123761111509996,FALSE
130601,1306010H0,Adapalene,0.0753994212164161,poisson,HAC-Wald,27.4200514788002,4.95637881703952e-08,0.00737941883786109,1.52965169724863,FALSE,,0.00929901490898707,-0.0102954185867038,-0.000304972551462978,-0.0217245534260228,TRUE,,0.14788154346723,FALSE,secondary_exploratory,all_eligible_drugs,Topical preparations for acne,0.0462428934317855,TRUE,TRUE,0.123761111509996,FALSE
010300,010300000,Other test for helicobacter pylori preparations,0.0767519057696938,negbin,NB-LRT,9.6555584171536,5.99087758052643e-07,0.0533008183167891,,,132.006120055729,0.0409305404063537,0.0301268017025818,-0.00302861611378816,-0.028498071755246,TRUE,,0.149812337113591,FALSE,secondary_exploratory,all_eligible_drugs,Test for helicobacter pylori,0.122358110647338,FALSE,FALSE,,FALSE
021200,0212000D0,Bezafibrate,0.0769275213906899,poisson,HAC-Wald,17.6834753579292,1.81896042727572e-07,0.00496830758033295,2.44515898124892,FALSE,,0.0034585918492278,0.00516970690961288,-0.00333634992178224,0.00835935137944132,TRUE,,0.149854811669064,FALSE,secondary_exploratory,all_eligible_drugs,Lipid-regulating drugs,0.0304008061863522,TRUE,TRUE,0.125603744603161,FALSE
130101,1301010D0,Cetomacrogol,0.0773971673390552,negbin,NB-LRT,3.10891422731295,0.000322780164541067,0.0520470373627576,,,2010.25262627869,0.0130236262235589,-0.0127196716994436,0.000226368012296718,0.00109660549790139,TRUE,,0.150468744487505,FALSE,secondary_exploratory,all_eligible_drugs,Management of skin conditions,0.000391660057006864,TRUE,TRUE,0.126057762646283,FALSE
040600,0406000AC,Dimenhydrinate/cinnarizine,0.0776808302372258,poisson,Poisson-LRT,0.893297004003574,0.989593226816435,0.47702539433545,,,,-0.0283301858157657,-0.00453300758975625,-0.00106717397859459,-0.011731271165288,TRUE,,0.150719379782984,FALSE,secondary_exploratory,all_eligible_drugs,Drugs used in nausea and vertigo,4.48078666131178e-09,TRUE,TRUE,0.126207373570604,FALSE
021200,0212000X0,Pravastatin sodium,0.0803888376904408,poisson,HAC-Wald,106.461113257069,4.68435930407155e-09,2.4651668777409e-06,10.3696130355031,FALSE,,-0.000869547181053571,0.00255911354477092,-0.00168912374721136,0.001179041223647,TRUE,,0.155663474971152,FALSE,secondary_exploratory,all_eligible_drugs,Lipid-regulating drugs,0.0304008061863522,TRUE,TRUE,0.130185070747209,FALSE
130601,1306010C0,Benzoyl peroxide,0.0805805921857401,poisson,HAC-Wald,16.9869285569502,9.98151027944021e-06,5.80512733748817e-05,1.51864456100503,FALSE,,0.000420584016191658,-0.0154093132401461,-0.00408658520788765,-0.0200415317209239,TRUE,,0.15572519204149,FALSE,secondary_exploratory,all_eligible_drugs,Topical preparations for acne,0.0462428934317855,TRUE,TRUE,0.130185070747209,FALSE
050105,0501050N0,Erythromycin stearate,0.0809205075009245,poisson,HAC-Wald,12.6405467128432,0.0182881378624628,0.0263051885551926,1.91517044339676,FALSE,,0.076295064613727,0.0807223985758013,0.00772035911280471,0.0485226848552854,TRUE,,0.1557639808417,FALSE,secondary_exploratory,all_eligible_drugs,Macrolides,6.83004773135963e-17,TRUE,TRUE,0.130185070747209,FALSE
060101,0601012Z0,Insulin degludec,0.0809130468768606,negbin,NB-LRT,63.0724835699933,4.56565681901509e-08,0.261949219983183,,,1127.96635019637,0.00325652906197258,0.00258983524239314,-0.00206583082566657,0.0179025541511128,TRUE,,0.1557639808417,FALSE,secondary_exploratory,all_eligible_drugs,Insulin,0.0233801524823976,TRUE,TRUE,0.130185070747209,FALSE
020802,0208020X0,Dabigatran etexilate,0.0835897098696915,poisson,HAC-Wald,17.6181938204814,5.73841853199205e-07,0.00380507406079555,1.92143011752356,FALSE,,-0.00634888805557831,0.00329213498685995,-0.00373192856992264,0.00416294889754313,TRUE,,0.160584570834476,FALSE,secondary_exploratory,all_eligible_drugs,Oral anticoagulants,0.00531800462558879,TRUE,TRUE,0.134151290473798,FALSE
130900,1309000H0,Minoxidil,0.0852090522834009,negbin,NB-LRT,2.97059078939744,0.00934106434912059,0.673114399899811,,,304.931465558474,0.0166279514771362,0.0310397617398894,-0.0284401654361114,-0.000875154682437804,TRUE,,0.163373261661481,FALSE,secondary_exploratory,all_eligible_drugs,Shampoo and other preparations for scalp and hair conditions,0.00494846301137637,TRUE,TRUE,0.136417412171479,FALSE
040702,0407020AF,Oxycodone hydrochloride/naloxone hydrochloride,0.0863013452801483,poisson,HAC-Wald,1.70597309360641,0.0640501258605735,0.00282177710665099,2.28468724273863,FALSE,,-0.00648090321718162,0.00375112307261273,-0.00800463713524974,0.00149184690243468,TRUE,,0.165142456390696,FALSE,secondary_exploratory,all_eligible_drugs,Opioid analgesics,0.272633294918465,FALSE,FALSE,,FALSE
010101,0101010G0,Co-magaldrox (Magnesium/aluminium hydroxide),0.0874203316060856,poisson,HAC-Wald,63.0599997113946,1.92520990319792e-06,0,2.36518620004275,FALSE,,0.0270077681203285,0.0673623042001473,-0.0118407385583758,0.00222520476407805,TRUE,,0.166955692126132,FALSE,secondary_exploratory,all_eligible_drugs,Antacids and simeticone,0.0849006183105911,FALSE,FALSE,,FALSE
021200,0212000AA,Rosuvastatin calcium,0.0876845484659372,poisson,HAC-Wald,266.708268885822,2.87351318410592e-07,8.04871182524813e-06,5.46675631594584,FALSE,,-0.000768797100499436,0.00297503739537406,-0.000991694053481702,0.00253703881496148,TRUE,,0.167132583573039,FALSE,secondary_exploratory,all_eligible_drugs,Lipid-regulating drugs,0.0304008061863522,TRUE,TRUE,0.140039885656764,FALSE
130900,1309000I0,Ketoconazole,0.0891487687717075,poisson,HAC-Wald,127.10927227961,1.60607694104391e-07,0.000514493817083017,4.45432605069121,FALSE,,-0.0166196098054709,0.00148182942563238,-0.00583884722137356,-0.00975587140028129,TRUE,,0.169591603093053,FALSE,secondary_exploratory,all_eligible_drugs,Shampoo and other preparations for scalp and hair conditions,0.00494846301137637,TRUE,TRUE,0.142033631602381,FALSE
020502,0205020E0,Clonidine hydrochloride,0.0917147616266369,negbin,NB-LRT,9.55915869641915,0.000125387808876661,0.150710213586763,,,801.517152650515,0.0104858947229184,0.0169458245016512,0.00327908115241419,0.0105446493775527,TRUE,,0.174132900242387,FALSE,secondary_exploratory,all_eligible_drugs,Centrally-acting antihypertensive drugs,0.522292788817607,FALSE,FALSE,,FALSE
110801,1108010Z0,Carbomer 974P,0.0921031118347635,poisson,HAC-Wald,30.4383929242375,5.8111026480249e-06,0,2.12349313836184,FALSE,,-0.0315869431821134,-0.0143520708538878,-0.0120538201081707,-0.0401779737457162,TRUE,,0.174530021258871,FALSE,secondary_exploratory,all_eligible_drugs,"Tear deficiency, eye lubricant and astringent",0.402879512529337,FALSE,FALSE,,FALSE
010502,0105020A0,Budesonide,0.0929631128169683,negbin,NB-LRT,5.19784135111875,6.87247631071788e-07,0.221438873899626,,,2185.49142422487,-0.010862413264275,-0.00491399334472457,-0.00125335018703925,0.00923303590250853,TRUE,,0.175817615308208,FALSE,secondary_exploratory,all_eligible_drugs,Corticosteroids,0.188917301871277,FALSE,FALSE,,FALSE
040201,0402010AE,Paliperidone,0.0946388546776943,poisson,Poisson-LRT,1.64601290109124,0.0568566395248028,0.124115063379895,,,,0.017677709864515,0.0253451535551141,-0.00827407925156616,-0.0100807737523811,TRUE,,0.178640008635803,FALSE,secondary_exploratory,all_eligible_drugs,Antipsychotic drugs,0.00313994020549551,TRUE,TRUE,0.150416343908026,FALSE
040901,0409010AC,Apomorphine hydrochloride hemihydrate,0.0949683898730149,poisson,Poisson-LRT,0.981093612816197,0.831940297360874,0.209577213984817,,,,-0.018390367993197,-0.0388033003303338,0.00921330651046496,0.0227090487621526,TRUE,,0.178915303165022,FALSE,secondary_exploratory,all_eligible_drugs,Dopaminergic drugs used in parkinsonism,0.000377505620594641,TRUE,TRUE,0.150576386834804,FALSE
090502,0905022S0,Sevelamer,0.0959307860403089,poisson,HAC-Wald,5.62141955447885,7.44781787850257e-06,0.0167639952932502,1.76008577088051,FALSE,,-0.00718431116460312,0.0096712281264528,0.00368821064757152,0.00477424002103208,TRUE,,0.180379508886604,FALSE,secondary_exploratory,all_eligible_drugs,Phosphorus,0.016540956368645,TRUE,TRUE,0.15173667599645,FALSE
040801,0408010AL,Brivaracetam,0.0990320103385627,poisson,HAC-Wald,7.67437231458635,0.000205253117298478,0.000505826066335313,3.09048267886663,FALSE,,6.36552589542045e-05,0.00142126393501103,-0.0026313186068102,0.00690849246245706,TRUE,,0.18585198086659,FALSE,secondary_exploratory,all_eligible_drugs,Control of epilepsy,0.0462428934317855,TRUE,TRUE,0.156266337656533,FALSE
130700,1307000V0,Imiquimod,0.0992851427288909,poisson,HAC-Wald,106.031768436276,1.70872870021232e-09,1.11373613220778e-07,0.249959989737454,FALSE,,-0.137677408036482,-0.14390786012402,-0.0729188581388929,-0.0331206010859759,TRUE,,0.185968709649884,FALSE,secondary_exploratory,all_eligible_drugs,Preparations for warts and calluses,8.58535976194372e-32,TRUE,TRUE,0.156290966305288,FALSE
130700,1307000K0,Podophyllotoxin,0.100321869096857,poisson,HAC-Wald,8.30940787408854,0.00051918632530043,0.000366671509460459,1.38049925225294,FALSE,,-0.0479358879334767,-0.0222447229534611,0.0617753729290886,-0.0463835789749396,TRUE,,0.187549904991053,FALSE,secondary_exploratory,all_eligible_drugs,Preparations for warts and calluses,8.58535976194372e-32,TRUE,TRUE,0.157546037865709,FALSE
040101,0401010B0,Chloral hydrate,0.100679928167169,poisson,HAC-Wald,8.56130658753515,0.00324736445495636,0.000375902702104747,2.66733466830195,FALSE,,-0.0205496317820824,0.0567502708505328,0.0280986911876889,-0.0228966350237892,TRUE,,0.187858716541806,FALSE,secondary_exploratory,all_eligible_drugs,Hypnotics,8.49270687446684e-13,TRUE,TRUE,0.157731887461898,FALSE
040801,0408010AD,Zonisamide,0.102557540249273,poisson,HAC-Wald,12.9008649580118,5.97143334112956e-07,0.000332445114221702,4.12816903573371,FALSE,,-0.00127683532176436,0.00268369208299188,-0.00154734595741097,0.00710337715526931,TRUE,,0.190996260425988,FALSE,secondary_exploratory,all_eligible_drugs,Control of epilepsy,0.0462428934317855,TRUE,TRUE,0.160291832503614,FALSE
060401,0604011L0,Estradiol with progestogen,0.102884286772918,negbin,NB-LRT,177.786470142863,1.21383156337323e-06,0.161078562207875,,,1277.31765648025,-0.0102460253159112,-0.0117378192040633,-0.00472629391543141,0.0041345625189217,TRUE,,0.191239113200042,FALSE,secondary_exploratory,all_eligible_drugs,Female sex hormones and their modulators,0.000113754559464022,TRUE,TRUE,0.160421470844977,FALSE
110600,1106000AB,Dorzolamide and timolol,0.103460441348926,poisson,HAC-Wald,39.3796503779077,9.4907682355801e-08,2.520389208438e-05,12,TRUE,,-0.00160491111298599,0.00179150188125145,-0.00187656891526499,0.00420462234245465,TRUE,,0.191943752140674,FALSE,secondary_exploratory,all_eligible_drugs,Treatment of glaucoma,0.405750746864685,FALSE,FALSE,,FALSE
040202,0402020G0,Flupentixol decanoate,0.105263366859465,poisson,HAC-Wald,2.97674625049107,0.00318011963008226,1.76424402931197e-05,10.1572770068977,FALSE,,0.00660202160606052,0.00750946805458449,0.00341857153713899,-0.004111709307818,TRUE,,0.194733643788318,FALSE,secondary_exploratory,all_eligible_drugs,Antipsychotic depot injections,0.000230107269456129,TRUE,TRUE,0.163513150211876,FALSE
090604,0906040N0,Ergocalciferol,0.105364096793063,poisson,HAC-Wald,10.5069658923309,1.36807996656105e-06,0.0418641083944634,1.72221083205416,FALSE,,-0.00365835987862537,-0.00578205320649062,-0.00345852523631118,0.0279369077953346,TRUE,,0.194733643788318,FALSE,secondary_exploratory,all_eligible_drugs,Vitamin D,7.68734419904648e-19,TRUE,TRUE,0.163513150211876,FALSE
041001,0410010A0,Acamprosate calcium,0.106204589424492,poisson,HAC-Wald,7.63039815942782,5.22000622474669e-07,0.00145105414621916,5.74780550237673,FALSE,,-0.00521737012508303,0.00527778241258803,0.00146848857052215,0.00355791085550077,TRUE,,0.195915284279272,FALSE,secondary_exploratory,all_eligible_drugs,Alcohol dependence,0.0211926509023209,TRUE,TRUE,0.164429693744273,FALSE
040600,0406000E0,Flunarizine dihydrochloride,0.10651314917445,negbin,NB-LRT,3.79729123562137,0.0138427549934057,0.0676073943842593,,,64.3369279623891,0.0583349305755888,-0.0501281169134922,-0.0447989879472485,-0.0217140949726095,TRUE,,0.19611305727016,FALSE,secondary_exploratory,all_eligible_drugs,Drugs used in nausea and vertigo,4.48078666131178e-09,TRUE,TRUE,0.164520310227203,FALSE
070301,0703010P0,Phased formulations of ethinylestradiol,0.107477701940485,negbin,NB-LRT,3.28659981233915,0.00459922281566581,0.0703901238982965,,,778.341341839714,0.00191255014550218,-0.008911230047071,-0.00557372363443351,0.024051882041626,TRUE,,0.19751562583025,FALSE,secondary_exploratory,all_eligible_drugs,Combined hormonal contraceptives and systems,9.91433051466992e-09,TRUE,TRUE,0.165621376760748,FALSE
030401,0304010AE,Rupatadine fumarate,0.108159984046282,poisson,Poisson-LRT,1.12050167615632,0.633394673590082,0.0733897480293113,,,,0.0125803746742846,-0.0360146569480855,-0.00450846009557803,0.0100356236935338,TRUE,,0.198395149644217,FALSE,secondary_exploratory,all_eligible_drugs,Antihistamines,1.95040709693529e-226,TRUE,TRUE,0.166283339959004,FALSE
010101,0101010R0,Simeticone,0.109492698295022,poisson,HAC-Wald,20.7505677480397,0.00115483673648849,0.0277846031549884,0.51721046085181,FALSE,,-0.0740747120315048,0.0496476986577224,0.0295209846315188,0.0154411218600711,TRUE,,0.20046219575066,FALSE,secondary_exploratory,all_eligible_drugs,Antacids and simeticone,0.0849006183105911,FALSE,FALSE,,FALSE
040304,0403040Z0,Agomelatine,0.112977687621417,poisson,HAC-Wald,2.16823642234429,0.0258117681333135,0.00576111482531239,1.68085515576515,FALSE,,0.00275163319125444,0.00862151624010605,0.00139308142708087,0.0027291677184942,TRUE,,0.206454536103677,FALSE,secondary_exploratory,all_eligible_drugs,Other antidepressant drugs,3.16743876105447e-08,TRUE,TRUE,0.173285124603479,FALSE
100103,1001030C0,Hydroxychloroquine sulfate,0.114204001904555,poisson,HAC-Wald,58.6358841887836,8.20127806532144e-09,0.000315662654872484,12,TRUE,,-0.00275000995112374,0.00161732656648639,-0.00100390755167613,0.00459334584604236,TRUE,,0.208304677631155,FALSE,secondary_exploratory,all_eligible_drugs,Rheumatic disease suppressant drugs,0.351282739573645,FALSE,FALSE,,FALSE
020505,0205051K0,Lisinopril with diuretic,0.114513551297973,poisson,HAC-Wald,3.39332611906069,1.65926245182833e-05,9.66633295629293e-09,3.53942720687875,FALSE,,-0.00175476401046422,-0.00472546038514916,-0.00250595649595878,-0.000811173819199936,TRUE,,0.208478876568647,FALSE,secondary_exploratory,all_eligible_drugs,Renin-angiotensin system drugs,0.0166702504942612,TRUE,TRUE,0.175232364544341,FALSE
110600,1106000AJ,Brinzolamide and timolol,0.11521496764223,poisson,HAC-Wald,10.0765807222728,2.77691140744075e-08,2.56510193366033e-05,7.22623737132501,FALSE,,-0.00366429367411737,0.000741886025777714,-0.00179536618433739,0.00277448615993431,TRUE,,0.209364512096143,FALSE,secondary_exploratory,all_eligible_drugs,Treatment of glaucoma,0.405750746864685,FALSE,FALSE,,FALSE
060102,0601021A0,Glimepiride,0.11670152188857,poisson,HAC-Wald,24.1928780446754,3.29455867829264e-10,3.27060652449696e-07,12,TRUE,,-0.00423704722870719,0.000949943202310965,-0.000402904586939549,-0.00036891291616178,TRUE,,0.211670916796028,FALSE,secondary_exploratory,all_eligible_drugs,Antidiabetic drugs,0.870182495394554,FALSE,FALSE,,FALSE
041003,0410030E0,Naltrexone hydrochloride,0.117016454771729,poisson,HAC-Wald,2.02648721881176,0.0456984967486608,0.0108611586139271,1.27344289040742,FALSE,,-0.0021235742679974,0.0071315236352692,0.00586105004095298,0.0122425341716624,TRUE,,0.211847633731718,FALSE,secondary_exploratory,all_eligible_drugs,Opioid dependence,0.00172848088230961,TRUE,TRUE,0.178646930950807,FALSE
020604,0206040AH,Rutosides,0.118819657643089,poisson,Poisson-LRT,1.67161785219327,0.168822297229969,0.610341017845838,,,,-0.00459917403299408,-0.00125316737110634,-0.0146539743497901,0.0197509469163808,TRUE,,0.214713073366176,FALSE,secondary_exploratory,all_eligible_drugs,Peripheral vasodilators and related drugs,0.844365795596646,FALSE,FALSE,,FALSE
040201,0402010U0,Sulpiride,0.119770022712827,poisson,HAC-Wald,4.69212170886707,4.58229453185902e-05,0.000725490398333251,7.25932483087014,FALSE,,0.00398583969599871,0.00398402658387781,0.0015461759803193,0.00176862033762908,TRUE,,0.216029633559803,FALSE,secondary_exploratory,all_eligible_drugs,Antipsychotic drugs,0.00313994020549551,TRUE,TRUE,0.182427488298704,FALSE
040302,0403020M0,Phenelzine sulfate,0.120298475161474,negbin,NB-LRT,2.76655445453346,0.0166061872503736,0.66737937794359,,,297.201814550854,0.0182215106419164,0.00459962724477945,-0.0365017822934286,-0.0162300333306463,TRUE,,0.216182130640729,FALSE,secondary_exploratory,all_eligible_drugs,Monoamine-oxidase inhibitors (maois),0.832959518117474,FALSE,FALSE,,FALSE
060102,0601023W0,Metformin hydrochloride/pioglitazone,0.12015549482557,poisson,HAC-Wald,1.00252584165908,0.777452021456236,0.00167029225861237,0.846588001689307,FALSE,,0.000521848168890512,-0.0034016641588155,0.0052786822962703,0.00471617361836957,TRUE,,0.216182130640729,FALSE,secondary_exploratory,all_eligible_drugs,Antidiabetic drugs,0.870182495394554,FALSE,FALSE,,FALSE
021200,0212000A0,Acipimox,0.123213430288153,poisson,HAC-Wald,0.704131954648744,0.999988970388479,0.00178724059793844,2.20836564787713,FALSE,,-0.0108524364345343,-0.00277549357015936,-0.00289269543925437,0.0261018600930978,TRUE,,0.220836640777419,FALSE,secondary_exploratory,all_eligible_drugs,Lipid-regulating drugs,0.0304008061863522,TRUE,TRUE,0.187238884825877,FALSE
060701,0607010B0,Bromocriptine,0.123342025239134,poisson,HAC-Wald,0.984812042852274,0.848888911452539,0.00270757617122264,2.84344917667965,FALSE,,0.00649064683719363,-0.00311255402034347,-0.00814446831501459,0.000537711065573173,TRUE,,0.220836640777419,FALSE,secondary_exploratory,all_eligible_drugs,Bromocriptine and other dopaminergic drugs,0.545517828547879,FALSE,FALSE,,FALSE
040304,0403040F0,Flupentixol hydrochloride,0.12409589182537,poisson,HAC-Wald,8.28685019397959,2.01607895071325e-07,2.9061115321749e-05,4.87966654993154,FALSE,,0.00176290112615878,0.004537256087517,0.000210777327505853,0.00293444671447563,TRUE,,0.221778713097083,FALSE,secondary_exploratory,all_eligible_drugs,Other antidepressant drugs,3.16743876105447e-08,TRUE,TRUE,0.1881453843804,FALSE
070405,0704050B0,Alprostadil,0.129014572460264,poisson,HAC-Wald,39.3499812386641,1.28987455480065e-05,0.000597571513525574,4.93120130191846,FALSE,,-0.0518565270393767,0.0056347534712582,0.00803605521143082,0.00701188094665116,TRUE,,0.229726130852463,FALSE,secondary_exploratory,all_eligible_drugs,Drugs for erectile dysfunction,0.31408709366056,FALSE,FALSE,,FALSE
131104,1311040K0,Iodine compounds,0.128946219554121,poisson,Poisson-LRT,2.21325348506341,0.0849201817170955,0.11772369143534,,,,-0.00845748503751286,0.0368107783561698,-0.0187596769709781,-0.00465285288647441,TRUE,,0.229726130852463,FALSE,secondary_exploratory,all_eligible_drugs,Chlorine and iodine,0.609909316971319,FALSE,FALSE,,FALSE
030102,0301020R0,Aclidinium bromide,0.129544810494914,poisson,HAC-Wald,7.6910683650989,1.18617046650532e-06,0.000514372604305091,0.93297772074758,FALSE,,-0.00383705416245061,0.00606289305693339,-0.00450026420336903,0.00553321767161857,TRUE,,0.229829955231414,FALSE,secondary_exploratory,all_eligible_drugs,Antimuscarinic bronchodilators,8.45914240039922e-05,TRUE,TRUE,0.195505700242325,FALSE
100302,1003020W0,Heparinoid,0.129478093218735,negbin,NB-LRT,13.5864046866397,1.32021443489105e-05,0.479857117698843,,,1119.87726744163,-0.0121823250982286,-0.010401305219759,-0.00712047685973513,0.00477827809287875,TRUE,,0.229829955231414,FALSE,secondary_exploratory,all_eligible_drugs,"Rubefacients, topical NSAIDs, capsaicin and poultices",1.55919199584476e-59,TRUE,TRUE,0.195505700242325,FALSE
090201,0902012H0,Oral rehydration salts,0.130535063839013,poisson,HAC-Wald,190.361032968032,4.790247623286e-07,1.10101954675645e-06,2.1016437295047,FALSE,,0.0724624305665332,-0.0662796133440156,0.00870826623056256,0.0170499416381519,TRUE,,0.230746192702719,FALSE,secondary_exploratory,all_eligible_drugs,Oral preparation for fluid and electrolyte imbalance,8.65885960246975e-07,TRUE,TRUE,0.196100621018425,FALSE
100101,1001010AJ,Etoricoxib,0.130497381210698,poisson,HAC-Wald,23.9454574626563,3.13558269056636e-07,0.0324126360502546,4.59413130041278,FALSE,,-0.00525918345945332,-0.00974201367216386,-0.0065820108351063,-0.00139306269959559,TRUE,,0.230746192702719,FALSE,secondary_exploratory,all_eligible_drugs,Non-steroidal anti-inflammatory drugs,5.27206392050756e-10,TRUE,TRUE,0.196100621018425,FALSE
110301,1103010AG,Levofloxacin,0.133919678157171,negbin,NB-LRT,2.25224075666943,0.0204633565323567,0.0785381310932731,,,726.016981774272,0.00833841742635781,-0.0287139527243145,0.00625324382254467,-0.00518704729740917,TRUE,,0.236300301675879,FALSE,secondary_exploratory,all_eligible_drugs,Antibacterials,9.40936355817698e-11,TRUE,TRUE,0.200726989128517,FALSE
130202,130202000,Other barrier preparations,0.135326656426696,poisson,HAC-Wald,47.1938279918677,2.20899376376745e-07,0,1.93111175346458,FALSE,,-0.066308221991266,0.00430323635773427,-0.0146808748177369,-0.0112373338483895,TRUE,,0.23835110914937,FALSE,secondary_exploratory,all_eligible_drugs,Barrier preparations,0.637619953574516,FALSE,FALSE,,FALSE
060701,0607010C0,Cabergoline,0.136143011226521,poisson,HAC-Wald,4.16616564863058,6.36802098428926e-06,0.0012617351463905,5.71977718152333,FALSE,,0.00277183779865967,0.00051759950878304,-0.000223632571684448,0.00459233103800592,TRUE,,0.239356124430743,FALSE,secondary_exploratory,all_eligible_drugs,Bromocriptine and other dopaminergic drugs,0.545517828547879,FALSE,FALSE,,FALSE
020900,0209000L0,Dipyridamole,0.136808760938989,poisson,HAC-Wald,7.02519964505716,6.01444075062555e-08,0.000230375285656614,3.14537807830439,FALSE,,-0.00521806466007509,0.00154763376130352,-0.00411019769360141,0.00117560314481273,TRUE,,0.240093212891127,FALSE,secondary_exploratory,all_eligible_drugs,Antiplatelet drugs,0.000402533574512188,TRUE,TRUE,0.204591283404215,FALSE
130300,1303000I0,Crotamiton,0.137697522357489,poisson,HAC-Wald,45.3686166838785,0.00111190117808697,0.0341821506023343,2.7881494830236,FALSE,,0.0311464700279525,0.0241685662414827,-0.0211442568987734,-0.0271656581546316,TRUE,,0.241218321539917,FALSE,secondary_exploratory,all_eligible_drugs,Topical local anaesthetics and antipruritics,0.0257285967380165,TRUE,TRUE,0.205453446057205,FALSE
010602,0106020L0,Glycerol,0.139633996089179,negbin,NB-LRT,38.2751240773692,0.000820065459791097,0.371860914180695,,,607.91272130617,-0.0162264413755028,0.0102395573419771,0.0133662194013797,-0.000748285158913602,TRUE,,0.244171476105674,FALSE,secondary_exploratory,all_eligible_drugs,Stimulant laxatives,0.0429708493171327,TRUE,TRUE,0.207871424042262,FALSE
110301,1103010AL,Hydrocort sodiumphos,0.141143731561098,negbin,NB-LRT,3.72428992719835,0.0276348673728521,0.374773930502501,,,725.932975524638,0.0043688226536593,-0.00627562459426361,-0.0155740880766851,0.01813862212367,TRUE,,0.246369165843207,FALSE,secondary_exploratory,all_eligible_drugs,Antibacterials,9.40936355817698e-11,TRUE,TRUE,0.209644639655084,FALSE
040301,0403010L0,Doxepin,0.142112152934982,poisson,Poisson-LRT,1.5886621315429,0.0919604385414451,0.0528370094236184,,,,-0.000319200401094044,0.012229025290301,0.0074176611414582,-0.00245604110008027,TRUE,,0.247351208883005,FALSE,secondary_exploratory,all_eligible_drugs,Tricyclic and related antidepressant drugs,5.81617035616975e-09,TRUE,TRUE,0.210285336615393,FALSE
040600,0406000D0,Cinnarizine,0.142214247407067,negbin,NB-LRT,43.0210562663207,0.000135540143349389,0.0679050071967049,,,723.289901222193,-0.0104094693643231,-0.0130607762452482,-0.00357592894616257,-0.0123906490137613,TRUE,,0.247351208883005,FALSE,secondary_exploratory,all_eligible_drugs,Drugs used in nausea and vertigo,4.48078666131178e-09,TRUE,TRUE,0.210285336615393,FALSE
080201,0802010G0,Azathioprine,0.14336109351124,poisson,HAC-Wald,31.6303795528778,4.85272448315699e-08,0.000163138199801516,9.91934714879851,FALSE,,-0.0006842069621084,0.00203871008361539,-0.00140606696548661,0.00432204049898432,TRUE,,0.248901435080121,FALSE,secondary_exploratory,all_eligible_drugs,Antiproliferative immunosuppressants,0.185313710897741,FALSE,FALSE,,FALSE
060302,0603020I0,Deflazacort,0.143775379749701,poisson,HAC-Wald,1.86723627840734,0.0490793962000475,0.0431527608239862,5.22000121653515,FALSE,,0.0322506730370894,-0.0155045448860722,0.0186165222341054,0.0159438912360873,TRUE,,0.249176547822435,FALSE,secondary_exploratory,all_eligible_drugs,Glucocorticoid therapy,7.99962161406946e-42,TRUE,TRUE,0.212117040079155,FALSE
010200,0102000H0,Belladonna alkaloids,0.146228830166055,poisson,Poisson-LRT,1.81520899071513,0.0857318549997363,0.0694139957017192,,,,-0.0112025734943853,0.036878010402752,0.00918022497196622,-0.00355730128078591,TRUE,,0.252885098159508,FALSE,secondary_exploratory,all_eligible_drugs,Antispasmodics and other drugs altering gut motility,0.0936735611860228,FALSE,FALSE,,FALSE
070405,0704050AA,Vardenafil,0.146434492158072,negbin,NB-LRT,8.41773117770033,1.39697510613719e-09,0.176775030360217,,,894.031735550417,-0.0111996167533845,0.000460991590200402,0.012720152632346,0.0107714251072156,TRUE,,0.252885098159508,FALSE,secondary_exploratory,all_eligible_drugs,Drugs for erectile dysfunction,0.31408709366056,FALSE,FALSE,,FALSE
040701,0407010X0,Paracetamol combined preparations,0.148167117280695,poisson,Poisson-LRT,1.23563932114455,0.427144659823706,0.0620631107840238,,,,-0.00715988212903205,0.0140997313677472,-0.0110944658913256,-0.0184521363097782,TRUE,,0.254980075925565,FALSE,secondary_exploratory,all_eligible_drugs,Non-opioid analgesics and compound preparations,8.43977774190808e-06,TRUE,TRUE,0.21810730015816,FALSE
090501,0905013G0,Magnesium glycerophosphate,0.148171173484466,negbin,NB-LRT,4.49338646311095,0.000182605486517955,0.595571152940286,,,1533.72241020585,-0.0147392683030056,0.00334696592376373,-0.00652432866241215,0.00589295685132129,TRUE,,0.254980075925565,FALSE,secondary_exploratory,all_eligible_drugs,Calcium and magnesium,0.507072588053869,FALSE,FALSE,,FALSE
140400,1404000X0,Meningococcal A + C + W135 + Y vaccine,0.150912255358356,negbin,NB-LRT,10.3936330015707,5.05640545258125e-07,0.610708555172906,,,15.7264830020773,0.095265175029843,0.0815315186363935,0.0742064100736068,0.0155840020169096,TRUE,,0.25923904183252,FALSE,secondary_exploratory,all_eligible_drugs,Vaccines and antisera,5.01709265504371e-74,TRUE,TRUE,0.221652375057586,FALSE
130201,1302010N0,Paraffin soft white,0.152395637459013,poisson,HAC-Wald,19.0704291875125,0.000962006164927354,0.0250989478564859,2.90248786021515,FALSE,,0.133341803294589,0.0111345493190215,-0.0482471334325172,0.0117109452894368,TRUE,,0.261326321980773,FALSE,secondary_exploratory,all_eligible_drugs,Emollients,4.56697434699239e-18,TRUE,TRUE,0.223332582289601,FALSE
020601,0206010K0,Isosorbide mononitrate,0.153631677877077,poisson,HAC-Wald,232.493042722231,7.71419022561044e-09,9.86912280043217e-06,1.55341162882573,FALSE,,-0.00167822954547939,0.002217367163786,-0.00440289195604335,0.00193482540488843,TRUE,,0.262982872148107,FALSE,secondary_exploratory,all_eligible_drugs,Nitrates,0.723508230808036,FALSE,FALSE,,FALSE
060102,0601021P0,Glipizide,0.155153309913033,poisson,Poisson-LRT,1.19998291264406,0.500502734270038,0.125400554835376,,,,-0.0188463915751389,0.00520135785287281,-0.000816531255357248,-0.00472614252114132,TRUE,,0.265121620798761,FALSE,secondary_exploratory,all_eligible_drugs,Antidiabetic drugs,0.870182495394554,FALSE,FALSE,,FALSE
120202,1202020I0,Ipratropium bromide,0.155841877969128,poisson,HAC-Wald,63.5254524338077,0.000973333746840181,5.81716751435479e-08,7.54009862252579,FALSE,,0.0522397897548341,-0.0265139398644753,0.0239626406750361,-0.0158104218834869,TRUE,,0.265831854889546,FALSE,secondary_exploratory,all_eligible_drugs,Topical nasal decongestants,0.00140116339488567,TRUE,TRUE,0.227875457119303,FALSE
010501,0105010B0,Mesalazine (Systemic),0.157206919753798,poisson,HAC-Wald,79.69700961549,4.2723241798848e-08,3.85063228355298e-05,6.26163146384061,FALSE,,-0.00180246048664049,0.000556841307659298,-0.00163652759538194,0.00611045513528673,TRUE,,0.267691503217131,FALSE,secondary_exploratory,all_eligible_drugs,Aminosalicylates,0.351348375932707,FALSE,FALSE,,FALSE
040101,0401010R0,Nitrazepam,0.157997751355405,poisson,HAC-Wald,34.2666864118379,5.76932400657562e-06,0.0422568115944446,1.76389652791021,FALSE,,0.0113371981282965,0.0253773858912131,-0.00240034803550793,0.00779751642821167,TRUE,,0.268568603525592,FALSE,secondary_exploratory,all_eligible_drugs,Hypnotics,8.49270687446684e-13,TRUE,TRUE,0.230515566279061,FALSE
010901,0109010U0,Ursodeoxycholic acid,0.158445003879192,poisson,HAC-Wald,19.3469350075648,4.49727873062708e-07,0.000881314632032448,1.83266834449798,FALSE,,-0.00273519888641223,0.00326131398089313,-0.00354698264941726,0.00398449716197152,TRUE,,0.268859640728803,FALSE,secondary_exploratory,all_eligible_drugs,Drugs affecting biliary composition and flow,0.235366949615701,FALSE,FALSE,,FALSE
110301,1103010AI,Azithromycin,0.160408289240882,poisson,HAC-Wald,2.96532524942155,0.0118892101233178,0.045886966392703,2.17128938730825,FALSE,,0.0343199088579789,-0.110134880987009,0.00146454512495069,-0.0645808890568795,TRUE,,0.271717693427164,FALSE,secondary_exploratory,all_eligible_drugs,Antibacterials,9.40936355817698e-11,TRUE,TRUE,0.23351472194801,FALSE
040704,0407041AA,Eletriptan,0.162770978618091,poisson,Poisson-LRT,1.63823113203055,0.0887151798290115,0.0851497153994115,,,,-0.00393035173826743,-0.00342403187764557,-0.00574059279061359,0.0102609321514138,TRUE,,0.275241203427119,FALSE,secondary_exploratory,all_eligible_drugs,Antimigraine drugs,0.745226127019671,FALSE,FALSE,,FALSE
030401,0304010AG,Ketotifen fumarate,0.164597849599065,poisson,HAC-Wald,8.66010497114216,0.00129423451524819,0.00588852510981286,2.7604431312358,FALSE,,0.00830049208933433,-0.0212058169583925,0.0157775290282407,0.0475060019511377,TRUE,,0.277848016480918,FALSE,secondary_exploratory,all_eligible_drugs,Antihistamines,1.95040709693529e-226,TRUE,TRUE,0.239084735179217,FALSE
090601,0906011H0,Cod liver oil,0.165089201292906,poisson,Poisson-LRT,1.44119100788436,0.157680912949776,0.0575603215307022,,,,-0.0239120833249877,0.0117713387402712,-0.00684119759012108,-0.0039642249686856,TRUE,,0.278195297680434,FALSE,secondary_exploratory,all_eligible_drugs,Vitamin A,0.954033231010769,FALSE,FALSE,,FALSE
020502,0205020M0,Moxonidine,0.167970194259806,poisson,HAC-Wald,15.2919718532617,3.90057181411989e-09,1.00423969876529e-05,3.24382885312424,FALSE,,0.000854128708926862,0.0031941577928833,-0.00351681535405295,0.00234660909797078,TRUE,,0.282561259428412,FALSE,secondary_exploratory,all_eligible_drugs,Centrally-acting antihypertensive drugs,0.522292788817607,FALSE,FALSE,,FALSE
020400,0204000K0,Metoprolol tartrate,0.169422301131158,negbin,NB-LRT,16.4377548225795,6.90232822943873e-09,0.21264613379441,,,2093.29570415286,-0.000493623501458225,0.00998355179221769,-0.00601250316953573,0.00400859937032754,TRUE,,0.284512622934048,FALSE,secondary_exploratory,all_eligible_drugs,Beta-adrenoceptor blocking drugs,0.0081054061707156,TRUE,TRUE,0.245550383577757,FALSE
020501,0205010J0,Hydralazine hydrochloride,0.171045083055198,poisson,HAC-Wald,11.8564361745081,4.05670240207357e-07,9.9097509369539e-06,9.92816657713608,FALSE,,-0.00225680529890661,0.00230971139685559,-0.00394450426488801,0.00310711553511013,TRUE,,0.28674339224744,FALSE,secondary_exploratory,all_eligible_drugs,Vasodilator antihypertensive drugs,0.164794925639792,FALSE,FALSE,,FALSE
020400,020400060,Celiprolol hydrochloride,0.176893375527151,poisson,HAC-Wald,1.21436660474471,0.472772467190496,1.33101861454765e-06,0.71387656726116,FALSE,,-0.00594748404190898,0.00313942781680861,-0.00132109493431034,0.00766022429785442,TRUE,,0.296038054576365,FALSE,secondary_exploratory,all_eligible_drugs,Beta-adrenoceptor blocking drugs,0.0081054061707156,TRUE,TRUE,0.255815035377726,FALSE
040801,0408010U0,Primidone,0.177913248243557,poisson,HAC-Wald,10.047651824281,1.67322168997986e-06,0.00219843378720797,0.250596912617161,FALSE,,0.00236216665127587,0.00314737368460446,-0.00280131979263136,0.00316430962097731,TRUE,,0.296933011604107,FALSE,secondary_exploratory,all_eligible_drugs,Control of epilepsy,0.0462428934317855,TRUE,TRUE,0.256725695930396,FALSE
130501,1305010I0,Gamolenic acid,0.178037863220532,poisson,HAC-Wald,10.0863195735536,2.78962337566701e-06,7.28320914300529e-06,0.644992002997844,FALSE,,-0.0302881498121467,0.0717887090957643,-0.0243002153402566,0.0378658792393308,TRUE,,0.296933011604107,FALSE,secondary_exploratory,all_eligible_drugs,Preparations for eczema,0.314759540857393,FALSE,FALSE,,FALSE
120304,1203040I0,Hydrogen peroxide,0.180205740413694,poisson,HAC-Wald,3.17441363108187,0.000140799557685629,2.0139745426917e-10,1.57920521620955,FALSE,,-0.0200688672198076,-0.110032595718575,-0.0293878515502214,0.0297152318385928,TRUE,,0.300034856688782,FALSE,secondary_exploratory,all_eligible_drugs,"Mouth-washes, gargles and dentifrices",0.235366949615701,FALSE,FALSE,,FALSE
040201,0402010K0,Levomepromazine maleate,0.180836496012039,poisson,HAC-Wald,3.74470521596845,0.000399721103203813,0.0492043840433535,1.05360103602859,FALSE,,-0.00784567277065037,0.00543732326731737,-0.0116815558815263,0.00834736693331373,TRUE,,0.300571240811819,FALSE,secondary_exploratory,all_eligible_drugs,Antipsychotic drugs,0.00313994020549551,TRUE,TRUE,0.260372897977946,FALSE
010604,0106040R0,Sodium citrate (Rectal),0.181458578195074,negbin,NB-LRT,5.77879401951499,6.9047633798601e-06,0.0808913881020978,,,1810.00647915621,-0.00577580849691351,-0.000601414589803421,0.012399202558208,-0.00262504833808978,TRUE,,0.301091405727432,FALSE,secondary_exploratory,all_eligible_drugs,Osmotic laxatives,0.411692559020789,FALSE,FALSE,,FALSE
010301,0103010N0,Nizatidine,0.182670511499676,negbin,NB-LRT,11.7231528385341,1.83051354194791e-05,0.129983341121674,,,1217.87563545903,-0.00138358124098627,0.0139237909033889,0.00749938163839091,0.00107842701198121,TRUE,,0.302198364228287,FALSE,secondary_exploratory,all_eligible_drugs,H2-receptor antagonists,5.45997117848395e-06,TRUE,TRUE,0.261976089519317,FALSE
070302,0703021N0,Norethisterone,0.182746238737639,negbin,NB-LRT,195.512846852545,0.00031495045496126,0.0839962440576492,,,46.0883655913213,0.0259910264456153,-0.0596566646742504,0.041024352987697,-0.0267120073032447,TRUE,,0.302198364228287,FALSE,secondary_exploratory,all_eligible_drugs,Progestogen-only contraceptives,0.000388275226870467,TRUE,TRUE,0.261976089519317,FALSE
040801,0408010X0,Vigabatrin,0.186350569674642,poisson,Poisson-LRT,1.70686998953812,0.179428318146967,0.198862185373256,,,,0.00761294642013202,0.00355241317193401,-0.0108854584713879,-0.0084329630812238,TRUE,,0.307196076936051,FALSE,secondary_exploratory,all_eligible_drugs,Control of epilepsy,0.0462428934317855,TRUE,TRUE,0.26605361081556,FALSE
100104,1001040V0,Febuxostat,0.186399262288713,poisson,HAC-Wald,16.8169342791634,5.09242831585646e-07,0.00399071265919759,3.25297749139893,FALSE,,-0.00732182247286003,-0.00160994953300243,0.00253684987753972,0.00206979560110748,TRUE,,0.307196076936051,FALSE,secondary_exploratory,all_eligible_drugs,Gout and cytotoxic induced hyperuicaemia,1.06784116477649e-16,TRUE,TRUE,0.26605361081556,FALSE
020201,0202010D0,Chlorothiazide,0.187931446944198,poisson,Poisson-LRT,0.875001778808263,0.970222658114095,0.151902532511589,,,,0.01701527392757,0.0138516617476845,0.0197565206076256,0.0244894294526094,TRUE,,0.308676609314753,FALSE,secondary_exploratory,all_eligible_drugs,Thiazides and related diuretics,0.00190095196630072,TRUE,TRUE,0.26708184036562,FALSE
040301,0403010Y0,Trimipramine maleate,0.187686951815525,poisson,HAC-Wald,1.4770474405033,0.133567012650386,0.0179739690376231,1.07230894018537,FALSE,,0.00403740074156893,0.00792494607822249,0.000141259260499016,-0.00175626284803305,TRUE,,0.308676609314753,FALSE,secondary_exploratory,all_eligible_drugs,Tricyclic and related antidepressant drugs,5.81617035616975e-09,TRUE,TRUE,0.26708184036562,FALSE
110600,1106000AI,Timolol and bimatoprost,0.189592289886888,poisson,HAC-Wald,49.4772308757091,2.07135954159693e-09,9.45991801204471e-06,6.10602176722193,FALSE,,-0.00296463370901956,0.000220919586230865,-0.00324661264481743,0.00090359612955575,TRUE,,0.310880286784223,FALSE,secondary_exploratory,all_eligible_drugs,Treatment of glaucoma,0.405750746864685,FALSE,FALSE,,FALSE
100101,1001010AG,Diclofenac potassium,0.190061433919103,poisson,HAC-Wald,2.30141403010054,0.00219961913363305,0.000308435392275874,4.10898033399409,FALSE,,-0.0282912460185052,-0.0237685221364006,0.00148560294565258,-0.00644295298154666,TRUE,,0.31112577586085,FALSE,secondary_exploratory,all_eligible_drugs,Non-steroidal anti-inflammatory drugs,5.27206392050756e-10,TRUE,TRUE,0.269526774824934,FALSE
130602,1306020C0,Co-cyprindiol (Cyprote acetate/ethinylestradiol),0.192607106923325,poisson,HAC-Wald,4.90613989694104,2.97726511481063e-05,0.00992164618568314,4.69865563534426,FALSE,,-0.00503480338700553,-0.00359220522734076,0.00701895612045334,0.00299355203261493,TRUE,,0.314763963327716,FALSE,secondary_exploratory,all_eligible_drugs,Oral preparations for acne,0.000920222435304135,TRUE,TRUE,0.272549411517308,FALSE
020400,0204000V0,Timolol,0.193091787308535,poisson,HAC-Wald,1.53196517846479,0.158070758572823,0.00451132644829022,0.928148451976189,FALSE,,-0.00174635369064226,0.00592403217012463,-0.0022483091864635,0.00838308297053711,TRUE,,0.315027472091312,FALSE,secondary_exploratory,all_eligible_drugs,Beta-adrenoceptor blocking drugs,0.0081054061707156,TRUE,TRUE,0.27264891856012,FALSE
090602,0906025P0,Riboflavin,0.195178612521861,negbin,NB-LRT,2.13213812635576,0.0190527014914686,0.087156797501517,,,1451.33379375916,0.0107164054054766,-0.000890795302342108,-0.0125018395996077,-0.0122437949860086,TRUE,,0.317899613037278,FALSE,secondary_exploratory,all_eligible_drugs,Vitamin B group,0.0224467549907545,TRUE,TRUE,0.275005411219238,FALSE
010102,0101021C0,Calcium carbonate,0.196239017734436,negbin,NB-LRT,3.0052479345054,0.00638489370180179,0.690993875705908,,,512.482751958177,0.0271496284179632,0.0026154843822364,-0.0126648958445261,-0.000690897012439903,TRUE,,0.318561338788901,FALSE,secondary_exploratory,all_eligible_drugs,Compound alginates and proprietary indigestion preparations,9.844932030669e-10,TRUE,TRUE,0.275908704421493,FALSE
110802,1108020AF,Nepafenac,0.19601807323872,poisson,HAC-Wald,4.94359687049318,1.05141688201881e-05,5.48280339129903e-06,0.515354963012675,FALSE,,-0.0392339578460842,-0.0209445887378738,0.00571649887939232,-0.00611202591175997,TRUE,,0.318561338788901,FALSE,secondary_exploratory,all_eligible_drugs,Ocular diagnostic & peri-operative prepn & photodynamic tt,0.436913075381646,FALSE,FALSE,,FALSE
090101,0901011Q0,Iron and folic acid,0.197318650805764,poisson,HAC-Wald,6.52243381270282,5.5419546180354e-06,0,8.76047672574248,FALSE,,-0.0114559165552794,0.00735793208321906,0.00234788568457384,-0.0143511723879348,TRUE,,0.31978097484994,FALSE,secondary_exploratory,all_eligible_drugs,Iron-deficiency anaemias,4.30049447409871e-15,TRUE,TRUE,0.276835122025997,FALSE
090601,0906011D0,Vitamin A,0.19953587839161,poisson,HAC-Wald,1.73993719117708,0.0206550503411976,0.00310233693569384,0.394916775945094,FALSE,,0.00484400603177916,0.000661340322161275,0.00459347591844515,0.00578630184781764,TRUE,,0.322837118859515,FALSE,secondary_exploratory,all_eligible_drugs,Vitamin A,0.954033231010769,FALSE,FALSE,,FALSE
020603,0206030Y0,Ivabradine,0.202258230652537,poisson,HAC-Wald,31.3441487120597,8.44195485990764e-07,0.000778846239896547,3.72212824225203,FALSE,,0.00353933320353759,0.0019582126858614,-0.000455282448700856,0.00218379006036584,TRUE,,0.326699032596303,FALSE,secondary_exploratory,all_eligible_drugs,Other antianginal drugs,0.0321300338119129,TRUE,TRUE,0.283161522913552,FALSE
010302,0103020P0,Pirenzepine,0.203614731650302,poisson,Poisson-LRT,1.89957771834202,0.0789736644758787,0.221122594544791,,,,0.00266129323951904,-0.0151841771174832,-0.0326824131022511,0.00728408703287814,TRUE,,0.327892589282718,FALSE,secondary_exploratory,all_eligible_drugs,Selective antimuscarinics,0.290878188071861,FALSE,FALSE,,FALSE
040801,0408010G0,Gabapentin,0.203670448168423,poisson,HAC-Wald,399.597784323788,2.60512652026437e-09,5.47382097870752e-07,11.2677496255137,FALSE,,-0.00145348323209195,0.000794696390280811,-0.00295494962492558,0.00160504791881273,TRUE,,0.327892589282718,FALSE,secondary_exploratory,all_eligible_drugs,Control of epilepsy,0.0462428934317855,TRUE,TRUE,0.284533237568626,FALSE
010702,0107020P0,Prednisolone,0.204955900636313,poisson,HAC-Wald,147.637403807488,1.09117895164742e-05,0.026412859233091,3.65831675587278,FALSE,,0.00451181482974827,-0.0146811214620112,-0.000409609228931197,-0.0169414556104018,TRUE,,0.328991588180961,FALSE,secondary_exploratory,all_eligible_drugs,Compound haemorrhoidal preparations with corticosteroid,3.54049245952409e-17,TRUE,TRUE,0.285219543802729,FALSE
100101,1001010E0,Etodolac,0.20502863863023,negbin,NB-LRT,8.94429201309452,0.00197371696009682,0.433010568005486,,,867.790807022345,-0.00192086256057483,0.00593249164341808,-0.0178329264576487,-0.0013775814371157,TRUE,,0.328991588180961,FALSE,secondary_exploratory,all_eligible_drugs,Non-steroidal anti-inflammatory drugs,5.27206392050756e-10,TRUE,TRUE,0.285219543802729,FALSE
090501,090501100,Other calcium supplement preparations,0.205491561540805,negbin,NB-LRT,9.01419621157394,0.0328887571415782,0.324812656243416,,,154.318734459167,0.0405910959340306,0.00131167779046425,-0.0184873685777671,0.00542577641309425,TRUE,,0.329192073915698,FALSE,secondary_exploratory,all_eligible_drugs,Calcium and magnesium,0.507072588053869,FALSE,FALSE,,FALSE
120304,1203040E0,Chlorhexidine gluconate,0.208572810367365,poisson,HAC-Wald,11.0086520249417,4.36934227463775e-07,0.0366824296639496,2.01795914430757,FALSE,,-0.00833366638128152,-0.00712956655019515,0.00141100135538466,0.000585690865810966,TRUE,,0.333579502952074,FALSE,secondary_exploratory,all_eligible_drugs,"Mouth-washes, gargles and dentifrices",0.235366949615701,FALSE,FALSE,,FALSE
130601,1306010Y0,Benzoyl peroxide and clindamycin phosphate,0.21221840874528,poisson,HAC-Wald,130.625104054072,1.59166562889321e-08,0.00248272741007427,3.86211930667939,FALSE,,0.00520733936435425,0.0125002491040501,0.00869813596439612,-0.0292256676758336,TRUE,,0.338853655930988,FALSE,secondary_exploratory,all_eligible_drugs,Topical preparations for acne,0.0462428934317855,TRUE,TRUE,0.294598550536697,FALSE
110600,1106000X0,Pilocarpine hydrochloride,0.213069017636461,negbin,NB-LRT,19.9565301541914,0.000897141461183338,0.0625248668861379,,,141.376704155779,0.0300704039543086,0.0159909917747709,-0.0162702348156065,0.0231637123680142,TRUE,,0.339655029751085,FALSE,secondary_exploratory,all_eligible_drugs,Treatment of glaucoma,0.405750746864685,FALSE,FALSE,,FALSE
080105,0801050P0,Hydroxycarbamide,0.216390893872711,poisson,HAC-Wald,7.47075862395634,6.45223729668594e-05,0.0064265820112922,0.449731334791598,FALSE,,-0.00267484470511548,0.00620620653209666,0.000960717002155271,0.00483975028875905,TRUE,,0.344386814758203,FALSE,secondary_exploratory,all_eligible_drugs,Other antineoplastic drugs,0.296686411052451,FALSE,FALSE,,FALSE
070302,0703021L0,Levonorgestrel,0.216953420313874,negbin,NB-LRT,10.073840171807,0.000220451709879936,0.444556454899114,,,428.065442550189,0.0177108553066878,0.0181505332564975,0.00479203042879358,0.00532805248987593,TRUE,,0.344718811395943,FALSE,secondary_exploratory,all_eligible_drugs,Progestogen-only contraceptives,0.000388275226870467,TRUE,TRUE,0.300537580140061,FALSE
020801,0208010D0,Enoxaparin,0.219827813524488,negbin,NB-LRT,8.02209338624909,2.34248389054653e-05,0.0542129580158279,,,1688.83974796332,-0.00453752670342397,-0.0105461969813749,0.00339776634048045,-0.00588937251827062,TRUE,,0.348717085297804,FALSE,secondary_exploratory,all_eligible_drugs,Parenteral anticoagulants,0.249371307594594,FALSE,FALSE,,FALSE
140400,140400050,Varicella vaccine live,0.221150011933657,negbin,NB-LRT,3.30040180370434,0.000501917743586154,0.20301968585348,,,66.6925854405679,0.0398742804761507,-0.0640973892978692,-0.0203590618482367,-0.0119843982204882,TRUE,,0.350244083940458,FALSE,secondary_exploratory,all_eligible_drugs,Vaccines and antisera,5.01709265504371e-74,TRUE,TRUE,0.305707369437702,FALSE
050109,0501090K0,Isoniazid,0.222125720042415,negbin,NB-LRT,3.6502477280744,0.0102917409389867,0.0860022798483684,,,154.374819082682,-0.0361103860694562,0.034871155875983,-0.0108006947859866,-0.0066036834762311,TRUE,,0.350649029694185,FALSE,secondary_exploratory,all_eligible_drugs,Antituberculosis drugs,0.25095865501638,FALSE,FALSE,,FALSE
130300,1303000F0,Doxepin hydrochloride,0.221860152050355,poisson,Poisson-LRT,2.24311528386386,0.0924542172866258,0.0644974711911383,,,,-0.0172329042039586,0.020388073874896,-0.00868083255962491,-0.00976644714693805,TRUE,,0.350649029694185,FALSE,secondary_exploratory,all_eligible_drugs,Topical local anaesthetics and antipruritics,0.0257285967380165,TRUE,TRUE,0.306046079767576,FALSE
050201,0502010B0,Fluconazole,0.223057623311915,negbin,NB-LRT,98.3212734376424,1.25627476495727e-09,0.343275582407712,,,585.845193079564,-0.0145441388342002,-0.013798709319588,0.00247147688413167,-0.00606012447969747,TRUE,,0.351550364248875,FALSE,secondary_exploratory,all_eligible_drugs,Triazole antifungals,0.045794299931884,TRUE,TRUE,0.307054217864519,FALSE
010504,0105040A0,Sodium cromoglicate,0.224525145314825,negbin,NB-LRT,1.94938535277237,0.0144086636948814,0.11086286117908,,,2160.259024713,-0.00842144168878139,0.00412954328792204,0.00929645341733798,0.0116482276616641,TRUE,,0.353291585681163,FALSE,secondary_exploratory,all_eligible_drugs,Food allergy,0.31408709366056,FALSE,FALSE,,FALSE
110600,1106000Z0,Timolol,0.225263238267015,negbin,NB-LRT,49.0175188162167,5.06172401583807e-06,0.0778613931752105,,,1181.56777577747,-0.00251984731513111,0.0127720659812509,-0.0050226437832099,0.00560060556055165,TRUE,,0.353881280761408,FALSE,secondary_exploratory,all_eligible_drugs,Treatment of glaucoma,0.405750746864685,FALSE,FALSE,,FALSE
040801,0408010AH,Lacosamide,0.226111333469248,poisson,HAC-Wald,14.2454094267304,1.39359868523265e-07,0.000623550576242415,3.39454586377874,FALSE,,-0.00255935686714726,0.00304023313958101,-0.000791136001297391,0.00467112223949072,TRUE,,0.354641608372057,FALSE,secondary_exploratory,all_eligible_drugs,Control of epilepsy,0.0462428934317855,TRUE,TRUE,0.310608053074666,FALSE
010501,0105010D0,Balsalazide sodium,0.226951142884096,poisson,HAC-Wald,2.6719314638645,0.00839581529150506,0.0347681433520545,1.35240172425325,FALSE,,-0.00594717299097529,0.00206540944198315,-0.00374742554905842,0.00454488404571286,TRUE,,0.355386516349051,FALSE,secondary_exploratory,all_eligible_drugs,Aminosalicylates,0.351348375932707,FALSE,FALSE,,FALSE
010102,010102100,Compound alginates and proprietary indigestion preparations,0.228025035701902,poisson,HAC-Wald,5.4834316154013,4.8367258701972e-10,0,4.74693056872452,FALSE,,0.00556369980438228,-0.0208881439385424,-0.0289782154443603,0.00561503115527836,TRUE,,0.355923693547519,FALSE,secondary_exploratory,all_eligible_drugs,Compound alginates and proprietary indigestion preparations,9.844932030669e-10,TRUE,TRUE,0.31258431977469,FALSE
040704,0407041B0,Almotriptan,0.227701483707472,negbin,NB-LRT,2.97196570743779,0.00288901768363328,0.127916166575062,,,2316.84702674059,-0.0110420771792823,-4.52625458137087e-06,-0.00236731522173349,0.00848613046569743,TRUE,,0.355923693547519,FALSE,secondary_exploratory,all_eligible_drugs,Antimigraine drugs,0.745226127019671,FALSE,FALSE,,FALSE
100101,1001010AD,Ibuprofen lysine,0.229346559524102,poisson,Poisson-LRT,0.65677864352456,0.999997707952011,0.275186425330328,,,,-0.00960961126669982,0.00412555044656336,-0.0350732342226019,0.0177697977825063,TRUE,,0.357413678362361,FALSE,secondary_exploratory,all_eligible_drugs,Non-steroidal anti-inflammatory drugs,5.27206392050756e-10,TRUE,TRUE,0.313742278933179,FALSE
060101,0601012X0,Insulin detemir,0.231048752683041,negbin,NB-LRT,29.7562897898875,2.19687380053833e-07,0.0527417254583104,,,1743.50119075056,-0.00398770364668015,-0.00791462440579109,0.00147955144422675,0.00822369475246943,TRUE,,0.359491190276808,FALSE,secondary_exploratory,all_eligible_drugs,Insulin,0.0233801524823976,TRUE,TRUE,0.315415102210458,FALSE
010904,0109040N0,Pancreatin,0.233536238402061,negbin,NB-LRT,109.611883385048,1.3866637560762e-05,0.580075638880985,,,685.070455394014,0.000262309015228863,0.00778224508965964,-0.0163085608686693,0.00700840430528748,TRUE,,0.362781971616599,FALSE,secondary_exploratory,all_eligible_drugs,Pancreatin,0.319092326902552,FALSE,FALSE,,FALSE
040101,0401010T0,Temazepam,0.235440879645922,poisson,HAC-Wald,511.739226202072,0.000901990273996134,7.88242981153431e-06,0.294151339762675,FALSE,,-0.044925629456733,-0.0843677095397944,0.00265326631563936,-0.0379476080024337,TRUE,,0.365158306966764,FALSE,secondary_exploratory,all_eligible_drugs,Hypnotics,8.49270687446684e-13,TRUE,TRUE,0.320745546184299,FALSE
020504,0205040V0,Terazosin hydrochloride,0.24089587977226,poisson,HAC-Wald,2.06788268301279,0.0073769715958044,0.0123201533301697,1.50807265083029,FALSE,,-0.00230862713142735,0.00514300663679553,-0.00141485673885699,0.00403922913948398,TRUE,,0.371254093193324,FALSE,secondary_exploratory,all_eligible_drugs,Alpha-adrenoceptor blocking drugs,0.00111675606659756,TRUE,TRUE,0.326823688433292,FALSE
070402,0704020Z0,Trospium chloride,0.240519276866783,poisson,HAC-Wald,15.5661757964058,8.93046942709929e-09,3.72592269293204e-06,4.08725493889791,FALSE,,0.000122059951287565,0.00287359751384252,-0.0033286335304653,0.00427002774532962,TRUE,,0.371254093193324,FALSE,secondary_exploratory,all_eligible_drugs,Drugs for urinary frequency enuresis and incontinence,0.102138015457376,FALSE,FALSE,,FALSE
110802,1108020U0,Moxifloxacin hydrochloride,0.24031385801284,poisson,HAC-Wald,2.8996424401057,0.009796586800577,0.0226047160353159,7.22974109046264,FALSE,,-0.0284022529471386,0.00925830962355608,-0.0222091362149343,0.00455565722132271,TRUE,,0.371254093193324,FALSE,secondary_exploratory,all_eligible_drugs,Ocular diagnostic & peri-operative prepn & photodynamic tt,0.436913075381646,FALSE,FALSE,,FALSE
130300,1303000N0,Lidocaine,0.240557869577267,negbin,NB-LRT,5.39454898420825,0.000112585802915178,0.475694010485441,,,483.478635481166,-0.000195823625440533,-0.00553897364578303,0.0138716910817317,-0.0208525660654272,TRUE,,0.371254093193324,FALSE,secondary_exploratory,all_eligible_drugs,Topical local anaesthetics and antipruritics,0.0257285967380165,TRUE,TRUE,0.326823688433292,FALSE
020505,0205051Z0,Perindopril arginine with diuretic,0.24789377587091,poisson,HAC-Wald,1.94553025553463,0.0178951052069753,0.0268394534659602,1.82151162114321,FALSE,,-0.00122461681932992,0.00476900235135388,-0.00542882615284245,0.000103139861768632,TRUE,,0.379552907817989,FALSE,secondary_exploratory,all_eligible_drugs,Renin-angiotensin system drugs,0.0166702504942612,TRUE,TRUE,0.334702433560017,FALSE
020601,0206010F0,Glyceryl trinitrate,0.247862110241391,poisson,HAC-Wald,115.028118149027,1.45189059967145e-07,0.00126411790019609,0.733788490490265,FALSE,,0.00441180132423254,-0.00505911624932412,-0.00488615780598109,0.000880084172506401,TRUE,,0.379552907817989,FALSE,secondary_exploratory,all_eligible_drugs,Nitrates,0.723508230808036,FALSE,FALSE,,FALSE
020602,0206020K0,Lacidipine,0.248229160451806,poisson,HAC-Wald,28.4597844265821,3.08687772335433e-07,0.000614060385965343,2.94836052360069,FALSE,,0.00389032175922547,-0.00045617430382672,-0.000188052617838915,0.00187335872641535,TRUE,,0.379552907817989,FALSE,secondary_exploratory,all_eligible_drugs,Calcium-channel blockers,3.20982104870482e-14,TRUE,TRUE,0.334702433560017,FALSE
040201,0402010T0,Zuclopenthixol hydrochloride,0.247487314683271,poisson,HAC-Wald,6.83068690240662,1.09876988299384e-05,0.000149663038255254,1.07097346837564,FALSE,,-0.00332060370831965,0.00532247493063957,-0.00233208314365208,0.00280432431734205,TRUE,,0.379552907817989,FALSE,secondary_exploratory,all_eligible_drugs,Antipsychotic drugs,0.00313994020549551,TRUE,TRUE,0.334702433560017,FALSE
040704,0407041M0,Naratriptan hydrochloride,0.247108795489237,poisson,HAC-Wald,7.61905974864878,2.04358966263828e-06,0.000122039282248521,0.0724460436965677,FALSE,,-0.00553682172664832,0.000995609924751168,-0.00245152137934177,0.00821721938231194,TRUE,,0.379552907817989,FALSE,secondary_exploratory,all_eligible_drugs,Antimigraine drugs,0.745226127019671,FALSE,FALSE,,FALSE
010602,0106020I0,Docusate sodium,0.250179461196932,poisson,HAC-Wald,144.016695583183,9.932504844219e-10,3.37072740105304e-05,5.26255933086972,FALSE,,-0.00151356198957652,0.00384913870447145,-0.000141014449540744,0.00153239231617647,TRUE,,0.381552723261386,FALSE,secondary_exploratory,all_eligible_drugs,Stimulant laxatives,0.0429708493171327,TRUE,TRUE,0.336144703364893,FALSE
020505,0205052AE,Sacubitril/valsartan,0.250320523782367,poisson,HAC-Wald,56.7462448670788,1.15895597567998e-07,3.30125402413506e-05,7.83326072814707,FALSE,,-0.00396784567075671,0.00158080687848932,-0.000123230570010283,0.00449163023109585,TRUE,,0.381552723261386,FALSE,secondary_exploratory,all_eligible_drugs,Renin-angiotensin system drugs,0.0166702504942612,TRUE,TRUE,0.336144703364893,FALSE
040801,0408010AE,Pregabalin,0.251489127798831,poisson,HAC-Wald,515.947439067872,1.2487636706814e-09,1.37286655710334e-07,10.5079892780496,FALSE,,-0.00132180450759376,0.0014938796972598,-0.00239733732454313,0.00142623137882728,TRUE,,0.382735016368845,FALSE,secondary_exploratory,all_eligible_drugs,Control of epilepsy,0.0462428934317855,TRUE,TRUE,0.33702616311941,FALSE
060502,0605020E0,Desmopressin acetate,0.252850266613242,poisson,HAC-Wald,26.4634316123264,4.93410786324583e-06,0.00432226001118918,0.594455134059764,FALSE,,-0.00308384878140109,-0.000453952421401592,-0.00753471849529981,0.00781795985377418,TRUE,,0.384206177349919,FALSE,secondary_exploratory,all_eligible_drugs,Posterior pituitary hormones and antagonists,0.350802844526577,FALSE,FALSE,,FALSE
090502,0905022C0,Calcium acetate,0.255818206735878,negbin,NB-LRT,5.03550420731745,0.000147460585444998,0.438796856380889,,,2015.81577333272,-0.0124078007078123,-0.0011831157098406,0.00213423294132801,0.00258667726987414,TRUE,,0.388110488100849,FALSE,secondary_exploratory,all_eligible_drugs,Phosphorus,0.016540956368645,TRUE,TRUE,0.342130853724,FALSE
090501,0905013F0,Magnesium citrate,0.256565764835186,negbin,NB-LRT,2.33421103310459,0.00291351823742788,0.647251441275808,,,996.75333387328,0.00364573536527341,-0.00889306038987547,-0.00519350118158021,0.0192058969033694,TRUE,,0.388639276748788,FALSE,secondary_exploratory,all_eligible_drugs,Calcium and magnesium,0.507072588053869,FALSE,FALSE,,FALSE
030200,0302000R0,Mometasone furoate,0.258202653015887,poisson,Poisson-LRT,1.25756777349336,0.4146264358708,0.54348848761783,,,,-0.0152355988750878,0.0268093798356106,-0.0108490005215767,0.0136619431201884,TRUE,,0.389906021763526,FALSE,secondary_exploratory,all_eligible_drugs,Corticosteroids (respiratory),5.7573277320653e-30,TRUE,TRUE,0.34392175239768,FALSE
040801,0408010AK,Perampanel,0.257876962802289,poisson,HAC-Wald,3.99213369765434,1.56274952236947e-05,0.0116884767131213,1.99429875946437,FALSE,,0.000782454514518935,0.00139985434853802,-0.00186923203892008,0.00842411883859632,TRUE,,0.389906021763526,FALSE,secondary_exploratory,all_eligible_drugs,Control of epilepsy,0.0462428934317855,TRUE,TRUE,0.34392175239768,FALSE
020505,0205051Y0,Perindopril arginine,0.260184054850538,poisson,HAC-Wald,1.38615285782339,0.251654051108754,0.00261143029298871,1.09819988094316,FALSE,,0.00587703856986043,-8.76982566971333e-05,0.00234074122752254,0.00363923530696509,TRUE,,0.392289890749882,FALSE,secondary_exploratory,all_eligible_drugs,Renin-angiotensin system drugs,0.0166702504942612,TRUE,TRUE,0.345860824427584,FALSE
040400,0404000U0,Lisdexamfetamine dimesylate,0.260771021698775,poisson,HAC-Wald,325.977665290291,4.32025457998252e-06,0,12,TRUE,,0.00492301888451099,-0.0428454564318156,-0.00562717044250111,-0.0118563524061637,TRUE,,0.392567194953025,FALSE,secondary_exploratory,all_eligible_drugs,CNS stimulants and drugs used for ADHD,0.0251947058398018,TRUE,TRUE,0.345942202172972,FALSE
110600,1106000B0,Acetazolamide,0.262305530202974,poisson,HAC-Wald,7.02778689374971,6.33982309726636e-08,7.13610529889941e-06,5.97850624456167,FALSE,,-0.00450123271064885,0.00385938739389009,-0.000453539647285823,0.00396002686219679,TRUE,,0.394267880274223,FALSE,secondary_exploratory,all_eligible_drugs,Treatment of glaucoma,0.405750746864685,FALSE,FALSE,,FALSE
050107,0501070X0,Rifaximin,0.26391052835935,poisson,HAC-Wald,5.8281844944068,2.44585622179186e-07,0.000732546583831595,4.9427294045688,FALSE,,-0.00563419296176061,0.00176866136129102,-0.00319625998513778,0.00628878945478307,TRUE,,0.396069113439148,FALSE,secondary_exploratory,all_eligible_drugs,Some other antibacterials,0.00188469676334775,TRUE,TRUE,0.349402671348999,FALSE
131002,1310020U0,Nystatin,0.266689596079494,poisson,HAC-Wald,7.3318393690338,5.39020338689079e-05,2.67365152240018e-09,0.554429586369572,FALSE,,-0.0605023508447748,-0.020194789805269,-0.0613628627885669,0.0376630520612462,TRUE,,0.399624102432965,FALSE,secondary_exploratory,all_eligible_drugs,Antifungal preparations,0.000226648496068398,TRUE,TRUE,0.352373000442384,FALSE
030104,0301040X0,Tiotropium bromide/olodaterol,0.270987791376194,poisson,HAC-Wald,17.7355555499984,1.48934705230025e-07,4.28310320573777e-05,1.86606026766018,FALSE,,-0.0013302898939102,0.00372726908543565,-0.00211018029781838,0.00254813663769907,TRUE,,0.40462132576338,FALSE,secondary_exploratory,all_eligible_drugs,Compound bronchodilator preparations,0.00181984286017451,TRUE,TRUE,0.3569923275689,FALSE
030200,0302000V0,Fluticasone furoate/vilanterol,0.271270765629863,poisson,HAC-Wald,3207.9500789831,1.01426660790935e-05,4.71844785465692e-14,5.95687605572639,FALSE,,-0.0568560972989664,0.0251471274429141,-0.0297829436583844,0.0195513482524296,TRUE,,0.40462132576338,FALSE,secondary_exploratory,all_eligible_drugs,Corticosteroids (respiratory),5.7573277320653e-30,TRUE,TRUE,0.3569923275689,FALSE
040102,0401020B0,Buspirone hydrochloride,0.270488101095195,poisson,HAC-Wald,14.9306791485111,2.68638871473696e-08,0.000241503097106577,2.7957599691342,FALSE,,-0.00462376200993062,0.00357013117885463,0.000452422958332866,-0.00104022856908186,TRUE,,0.40462132576338,FALSE,secondary_exploratory,all_eligible_drugs,Anxiolytics,0.411692559020789,FALSE,FALSE,,FALSE
130400,1304000T0,Fludroxycortide,0.275092239811054,negbin,NB-LRT,6.65733238473511,0.000355016719064621,0.165475037315159,,,989.485007423741,0.00343334131448184,-0.0116654723990549,0.00122551090772192,0.0112881680838429,TRUE,,0.409693947363863,FALSE,secondary_exploratory,all_eligible_drugs,Topical corticosteroids,0.000772676262857242,TRUE,TRUE,0.361298790011324,FALSE
060602,0606020R0,Risedronate sodium,0.275621189635708,poisson,HAC-Wald,284.885548014686,0.000982903319674495,0.0376384335991045,3.08898466996026,FALSE,,-0.0343868293351693,0.00353058308454946,0.0171552029923771,-0.00224417081757614,TRUE,,0.409855020923938,FALSE,secondary_exploratory,all_eligible_drugs,Bisphosphonates and other drugs,0.0694650838455479,FALSE,FALSE,,FALSE
020505,0205052A0,Irbesartan with diuretic,0.276542376666135,poisson,HAC-Wald,3.35410239465443,4.3501571284968e-05,8.68377010132537e-06,1.59017379438798,FALSE,,-0.0020820783070804,-0.00577845659144108,-0.000599004848172059,0.00131169144440482,TRUE,,0.410597979989048,FALSE,secondary_exploratory,all_eligible_drugs,Renin-angiotensin system drugs,0.0166702504942612,TRUE,TRUE,0.362479848299436,FALSE
060402,0604020T0,Testosterone undecanoate,0.277839840024746,poisson,HAC-Wald,10.4314010178719,1.00683807696783e-06,0.00280781814563313,10.6403919586658,FALSE,,0.00551425678272856,0.00312378671991192,0.00623081235203569,-0.000361350230497076,TRUE,,0.411896505607463,FALSE,secondary_exploratory,all_eligible_drugs,Male sex hormones and antagonists,6.44078395714296e-07,TRUE,TRUE,0.36345649052939,FALSE
130201,1302010F0,Emulsifying wax,0.279931876833137,poisson,HAC-Wald,1324.24508744582,3.50303915881357e-08,0,2.07793149151531,FALSE,,0.0798550106956007,0.0807227091396118,-0.153293056804446,-0.00144681931269192,TRUE,,0.414367246254522,FALSE,secondary_exploratory,all_eligible_drugs,Emollients,4.56697434699239e-18,TRUE,TRUE,0.365431932533892,FALSE
130400,1304000W0,Hydrocortisone butyrate,0.280460677704583,negbin,NB-LRT,4.36433936847894,0.00382897728918855,0.419152100523967,,,833.033963671664,0.0196477173723426,-0.000655009160814309,-0.00376383263869819,-0.000822543281005863,TRUE,,0.41452003047688,FALSE,secondary_exploratory,all_eligible_drugs,Topical corticosteroids,0.000772676262857242,TRUE,TRUE,0.365431932533892,FALSE
010303,0103030S0,Sucralfate,0.285152114552619,negbin,NB-LRT,4.64024161474049,0.000642295131123627,0.724537282986482,,,609.026429074146,0.0126760487890384,0.0022953265373172,-0.0177335063421473,-0.00313716216681765,TRUE,,0.420770118336198,FALSE,secondary_exploratory,all_eligible_drugs,Chelates and complexes,0.372637064689833,FALSE,FALSE,,FALSE
040101,0401010P0,Lormetazepam,0.286035601668975,poisson,HAC-Wald,2.24669653771157,0.00761008486189411,0.00142686578362949,4.2789881846961,FALSE,,-0.00425859609521636,0.0293228112836443,0.000343783280568646,0.0136022764248127,TRUE,,0.420770118336198,FALSE,secondary_exploratory,all_eligible_drugs,Hypnotics,8.49270687446684e-13,TRUE,TRUE,0.371225692106874,FALSE
060101,0601011N0,Soluble insulin (Neutral insulin),0.286849444122418,poisson,HAC-Wald,1.84105027852237,0.0198333991466524,0.00130890478478818,2.20857190773624,FALSE,,-0.00225339990991931,-0.000980503644017129,-0.00362585105580945,0.00896436600833344,TRUE,,0.420770118336198,FALSE,secondary_exploratory,all_eligible_drugs,Insulin,0.0233801524823976,TRUE,TRUE,0.371549083134943,FALSE
070202,0702020X0,Metronidazole,0.285665559621455,poisson,HAC-Wald,10.6473703254404,0.00406784298629735,0.0152561182612482,1.80961966504289,FALSE,,0.00591146695886637,0.0177906610256448,0.0167939003880727,-0.0176097018035488,TRUE,,0.420770118336198,FALSE,secondary_exploratory,all_eligible_drugs,Vaginal and vulval infections,0.00509117132759724,TRUE,TRUE,0.371225692106874,FALSE
110801,1108010B0,Carbomer 940/980,0.286523041006274,negbin,NB-LRT,139.624914141417,4.02263433278914e-08,0.386829142469614,,,762.479162492505,-0.010185754354027,-0.00913996097374194,0.00346579639162127,0.00992913349999593,TRUE,,0.420770118336198,FALSE,secondary_exploratory,all_eligible_drugs,"Tear deficiency, eye lubricant and astringent",0.402879512529337,FALSE,FALSE,,FALSE
040301,0403010V0,Nortriptyline,0.289061297843872,poisson,HAC-Wald,46.1245118542475,1.48110855252392e-07,0.000270256516170853,5.08191404313997,FALSE,,-0.000752759161486988,0.00341364985077447,-0.0021882496476657,0.00113247644045474,TRUE,,0.423376998646513,FALSE,secondary_exploratory,all_eligible_drugs,Tricyclic and related antidepressant drugs,5.81617035616975e-09,TRUE,TRUE,0.373678455758875,FALSE
030700,0307000K0,Dornase alfa,0.289927167216573,poisson,Poisson-LRT,1.00492028395757,0.827477638120864,0.0948607226855338,,,,-0.000173558575872161,0.0192593581700205,0.00122850813415004,0.015769940766862,TRUE,,0.424007598902316,FALSE,secondary_exploratory,all_eligible_drugs,Mucolytics,3.00197132384098e-16,TRUE,TRUE,0.37406289417354,FALSE
030103,0301030S0,Theophylline,0.293125776298099,poisson,HAC-Wald,27.3287462675253,1.61226086247339e-08,0.00125952640539573,4.28340346322207,FALSE,,-0.00176486132030261,0.00146166888025512,-0.00331234964638776,-0.000356221997793645,TRUE,,0.428042737802621,FALSE,secondary_exploratory,all_eligible_drugs,Theophylline,0.354626873101681,FALSE,FALSE,,FALSE
040901,0409010H0,Ropinirole hydrochloride,0.296974455684123,poisson,HAC-Wald,35.0877580016263,1.64672015116496e-07,0.000264005724774141,2.2512873746188,FALSE,,-0.00490154090103155,-0.000102837883342452,-0.00440801285941458,0.005873185266909,TRUE,,0.433013652449604,FALSE,secondary_exploratory,all_eligible_drugs,Dopaminergic drugs used in parkinsonism,0.000377505620594641,TRUE,TRUE,0.382405463483665,FALSE
060102,0601023AM,Canagliflozin,0.298565780504752,poisson,HAC-Wald,41.0116176687045,4.18537841833045e-09,1.35216908927482e-05,10.0814239214283,FALSE,,-0.00325024283445888,-0.00134655345761733,-0.000600496014505112,0.00203274077121976,TRUE,,0.434683214068204,FALSE,secondary_exploratory,all_eligible_drugs,Antidiabetic drugs,0.870182495394554,FALSE,FALSE,,FALSE
110801,1108010F0,Hypromellose,0.299299419590463,poisson,HAC-Wald,20664.1534436814,4.07198873755227e-08,0,0.366715757444253,FALSE,,0.1134899003384,0.160489319136646,-0.178165460612055,-0.0221083655843474,TRUE,,0.43510094728524,FALSE,secondary_exploratory,all_eligible_drugs,"Tear deficiency, eye lubricant and astringent",0.402879512529337,FALSE,FALSE,,FALSE
100302,1003020N0,Methyl salicylate,0.303049434088708,negbin,NB-LRT,2.22469914523804,0.00386135824773638,0.920149333474579,,,1513.10477469052,0.00291657665227066,0.0107047430128282,-0.00131753673443215,-0.0135283342748476,TRUE,,0.439428716215982,FALSE,secondary_exploratory,all_eligible_drugs,"Rubefacients, topical NSAIDs, capsaicin and poultices",1.55919199584476e-59,TRUE,TRUE,0.388872541881348,FALSE
131002,1310020H0,Clotrimazole,0.303178744658254,poisson,HAC-Wald,171.048598333298,1.26749459208214e-09,0.00394979406721263,0.847423732098869,FALSE,,0.0193133637419462,-0.0180872304399568,-0.0111038135085891,-0.0212238119263181,TRUE,,0.439428716215982,FALSE,secondary_exploratory,all_eligible_drugs,Antifungal preparations,0.000226648496068398,TRUE,TRUE,0.388872541881348,FALSE
070405,0704050AD,Phentolamine/aviptadil,0.303912995110343,poisson,HAC-Wald,40.9449401224004,0.000155101212305003,0.000765476640329221,1.07896596631446,FALSE,,-0.0332298296939034,0.00518789128308518,0.0300236572374403,0.0248479035861205,TRUE,,0.43983842085806,FALSE,secondary_exploratory,all_eligible_drugs,Drugs for erectile dysfunction,0.31408709366056,FALSE,FALSE,,FALSE
040201,0402010C0,Clozapine,0.306255343056635,negbin,NB-LRT,3.65162119376876,0.00577632834198313,0.0628640440193448,,,93.9584816387306,0.0318789890478748,0.00336539832654948,0.0509814882523342,0.00413300844478818,TRUE,,0.442570777651576,FALSE,secondary_exploratory,all_eligible_drugs,Antipsychotic drugs,0.00313994020549551,TRUE,TRUE,0.392054505313747,FALSE
010606,0106060B0,Naloxegol,0.306856840575282,poisson,HAC-Wald,48.4722637227085,5.13891228027943e-06,5.96035818267726e-06,3.23463528803076,FALSE,,-0.0374853242237219,0.0809521571545297,-0.0083334559830012,0.010561223594084,TRUE,,0.442783055881962,FALSE,secondary_exploratory,all_eligible_drugs,Peripheral opioid-receptor antagonists,0.377717910393493,FALSE,FALSE,,FALSE
040701,0407010B0,Aspirin,0.308436267238805,poisson,HAC-Wald,9.55218702012784,2.27573456580952e-07,0.0078324270273793,0.490740781196654,FALSE,,0.0061197958762414,0.0124606320288811,0.00510026367007846,-0.014342827844545,TRUE,,0.443224627146959,FALSE,secondary_exploratory,all_eligible_drugs,Non-opioid analgesics and compound preparations,8.43977774190808e-06,TRUE,TRUE,0.394079735617736,FALSE
060501,0605010S0,Somatropin,0.308528025878479,negbin,NB-LRT,4.92951685598036,0.000274811708330212,0.398899093099031,,,1077.40427973916,0.00991200601576486,-0.00956840060242274,0.00897901260017359,0.00280412725084676,TRUE,,0.443224627146959,FALSE,secondary_exploratory,all_eligible_drugs,Hypothalamic & anterior pituitary hormone & antioestrogens,0.545517828547879,FALSE,FALSE,,FALSE
070406,0704060A0,Dapoxetine hydrochloride,0.307870025409903,poisson,HAC-Wald,1.74665457350421,0.0226157475783682,1.74659974236935e-05,5.42157905328264,FALSE,,-0.00027198130422338,-0.00160182077551562,0.0127243936845245,0.00458342678004488,TRUE,,0.443224627146959,FALSE,secondary_exploratory,all_eligible_drugs,Drugs for premature ejaculation,0.39439507675415,FALSE,FALSE,,FALSE
050401,0504010T0,Quinine bisulfate,0.312865097948075,poisson,HAC-Wald,11.7042520761204,2.55135876602488e-09,0.000872563103905599,12,TRUE,,-0.001819024053413,0.000545869731508184,0.00375977207341296,0.00391459559347337,TRUE,,0.44879323328634,FALSE,secondary_exploratory,all_eligible_drugs,Antimalarials,8.77920094479552e-14,TRUE,TRUE,0.398963632654715,FALSE
060104,0601040E0,Diazoxide,0.317752594761115,negbin,NB-LRT,2.03765516194383,0.018392915777876,0.0739754442998858,,,267.902254275898,0.00314484768537849,0.00779860762791732,-0.0170461232454867,0.0393218105825524,TRUE,,0.455133863672538,FALSE,secondary_exploratory,all_eligible_drugs,Treatment of hypoglycaemia,7.73581751734925e-32,TRUE,TRUE,0.404412393332328,FALSE
040203,0402030Q0,Valproic acid,0.320184662386315,poisson,HAC-Wald,25.5889486012464,1.14283159896724e-08,3.51449999863585e-05,9.82180020985096,FALSE,,0.000131010908309898,0.00329647970248818,-0.00242959127745835,0.000356316319797786,TRUE,,0.457943995835934,FALSE,secondary_exploratory,all_eligible_drugs,Drugs used for mania and hypomania,0.0342362206094809,TRUE,TRUE,0.406396700655209,FALSE
030104,0301040V0,Aclidinium bromide/formoterol,0.32065764361957,poisson,HAC-Wald,9.44644017914867,1.80407956456856e-08,0.00129166935727487,1.27971924824922,FALSE,,0.001989709567825,0.00204136414162834,-0.00525732755401018,0.00239819238782594,TRUE,,0.457948013028535,FALSE,secondary_exploratory,all_eligible_drugs,Compound bronchodilator preparations,0.00181984286017451,TRUE,TRUE,0.406396700655209,FALSE
020505,0205052P0,Losartan potassium with diuretic,0.321164565867339,poisson,HAC-Wald,7.25716402903376,1.5262735701288e-05,0.0181582357229243,1.96690499727992,FALSE,,0.00253353492419912,-0.00455247777204468,-0.00333464121375487,-0.00205578439273493,TRUE,,0.458000420431607,FALSE,secondary_exploratory,all_eligible_drugs,Renin-angiotensin system drugs,0.0166702504942612,TRUE,TRUE,0.406396700655209,FALSE
091200,091200000,Other health supplement preparations,0.323321749013318,negbin,NB-LRT,26.75648831279,0.0327710364589569,0.195263340460777,,,505.415676885789,0.00423636177982207,0.0102296116607143,-0.0172988047503902,0.00317757568109501,TRUE,,0.460402607513117,FALSE,secondary_exploratory,all_eligible_drugs,Other health supplements,0.408797613695,FALSE,FALSE,,FALSE
040704,0407041R0,Rizatriptan,0.324211082774203,poisson,HAC-Wald,18.7818844772608,2.9270495711322e-08,0.00665703025282594,2.39714334138296,FALSE,,-0.00151470928554437,-0.00154433125272146,-0.0016706734477646,0.00651369047740805,TRUE,,0.460995028645363,FALSE,secondary_exploratory,all_eligible_drugs,Antimigraine drugs,0.745226127019671,FALSE,FALSE,,FALSE
020801,0208010AB,Fondaparinux sodium,0.325157710254895,poisson,Poisson-LRT,1.44135202018543,0.227843787841094,0.0820839699375545,,,,0.00844388758542654,0.028223547523257,-0.0198869711846379,0.0297374522070477,TRUE,,0.46139653994263,FALSE,secondary_exploratory,all_eligible_drugs,Parenteral anticoagulants,0.249371307594594,FALSE,FALSE,,FALSE
040801,040801060,Clobazam,0.325440885975962,poisson,HAC-Wald,28.6086863401991,1.20164343299117e-05,0.00387614527162605,4.88414268299872,FALSE,,-0.000855380373363727,0.000827130631011924,-0.000218646262133307,0.00598569921851991,TRUE,,0.46139653994263,FALSE,secondary_exploratory,all_eligible_drugs,Control of epilepsy,0.0462428934317855,TRUE,TRUE,0.411017472115514,FALSE
110600,1106000AH,Timolol and travoprost,0.328714109271249,negbin,NB-LRT,18.780349875458,0.00112045937646547,0.170038472727314,,,861.936458862736,-0.00200140860538184,-0.0128720586168435,-0.00342747878014363,-0.00840099204755199,TRUE,,0.46535980004389,FALSE,secondary_exploratory,all_eligible_drugs,Treatment of glaucoma,0.405750746864685,FALSE,FALSE,,FALSE
110600,1106000Y0,Pilocarpine nitrate,0.337272629871851,negbin,NB-LRT,9.64891878268217,0.00822490325174756,0.257902557930389,,,124.259862188069,-0.033173801965011,0.00950798132816465,-0.00222498558491982,-0.0265975012399273,TRUE,,0.476783079093153,FALSE,secondary_exploratory,all_eligible_drugs,Treatment of glaucoma,0.405750746864685,FALSE,FALSE,,FALSE
040702,040702050,Hydromorphone hydrochloride,0.338949494244385,poisson,Poisson-LRT,1.23618184469373,0.428873278252682,0.929637465296648,,,,-0.0137938892933347,-0.0135221573998153,0.00669439806313569,-0.00516916120880145,TRUE,,0.47845914115077,FALSE,secondary_exploratory,all_eligible_drugs,Opioid analgesics,0.272633294918465,FALSE,FALSE,,FALSE
010200,0102000X0,Mebeverine hydrochloride compound preparations,0.339938774358272,poisson,HAC-Wald,11.971478668282,0.00102665528787127,0.043513948754499,12,TRUE,,0.00484937438297669,-0.0084735977651388,0.00167473098634859,0.00795064351025299,TRUE,,0.479161166751022,FALSE,secondary_exploratory,all_eligible_drugs,Antispasmodics and other drugs altering gut motility,0.0936735611860228,FALSE,FALSE,,FALSE
100201,1002010Q0,Pyridostigmine bromide,0.345247463345734,negbin,NB-LRT,12.2378676158675,0.000987402440611847,0.281999423628098,,,741.095923810143,-0.0131487879113267,-0.000858425648590186,0.0109002828879626,0.00271390288276122,TRUE,,0.485940793784313,FALSE,secondary_exploratory,all_eligible_drugs,Drugs which enhance neuromuscular transmission,0.427922989119413,FALSE,FALSE,,FALSE
020505,0205051I0,Enalapril maleate,0.348352441797887,poisson,HAC-Wald,62.3837745790443,3.5984065679639e-09,3.802623190996e-06,5.40650430618388,FALSE,,0.000666164565819472,0.00170714179827536,-0.00225050609763936,0.00118761812543626,TRUE,,0.488898095549196,FALSE,secondary_exploratory,all_eligible_drugs,Renin-angiotensin system drugs,0.0166702504942612,TRUE,TRUE,0.439110932381244,FALSE
040802,0408020W0,Midazolam hydrochloride,0.347863579639727,poisson,HAC-Wald,56.3061873724835,8.86443190925465e-07,0.00786133419716573,1.63030180319506,FALSE,,-0.028445706717579,-0.0508156971499463,0.00417184061948332,-0.0294775594087522,TRUE,,0.488898095549196,FALSE,secondary_exploratory,all_eligible_drugs,Drugs used in status epilepticus,0.319092326902552,FALSE,FALSE,,FALSE
110801,1108010H0,Hyetellose,0.348939713803582,negbin,NB-LRT,24.6108118759811,0.00297852846614476,0.42288276244116,,,70.3529490376544,0.0405026840522132,0.00517597975766835,-0.0311939476570228,0.0170089495141239,TRUE,,0.489017670855667,FALSE,secondary_exploratory,all_eligible_drugs,"Tear deficiency, eye lubricant and astringent",0.402879512529337,FALSE,FALSE,,FALSE
060302,0603020S0,Methylprednisolone,0.351033589670024,negbin,NB-LRT,1.97780312914942,0.0404785538096228,0.546985358501236,,,473.805650813237,0.0103831801380123,-0.0282544426801184,-0.00320442092453915,-0.0127991451487241,TRUE,,0.490708882442188,FALSE,secondary_exploratory,all_eligible_drugs,Glucocorticoid therapy,7.99962161406946e-42,TRUE,TRUE,0.440953046222649,FALSE
070302,0703022P0,Etonogestrel,0.3511540975998,poisson,HAC-Wald,87.1216014690302,6.0070082071812e-08,2.35549080240816e-09,2.70684388929889,FALSE,,0.0265987624612434,0.0137941811118325,0.00334362542140395,-0.029832150891508,TRUE,,0.490708882442188,FALSE,secondary_exploratory,all_eligible_drugs,Progestogen-only contraceptives,0.000388275226870467,TRUE,TRUE,0.440953046222649,FALSE
040201,0402010H0,Flupentixol hydrochloride,0.355028767061648,poisson,HAC-Wald,2.31006666707708,0.00197945184456337,0.0469128072403003,7.16381392723116,FALSE,,0.00147808636711291,0.00326575939099515,-0.00108759262207413,-0.00185685395781359,TRUE,,0.495412634839607,FALSE,secondary_exploratory,all_eligible_drugs,Antipsychotic drugs,0.00313994020549551,TRUE,TRUE,0.444969388050599,FALSE
040201,0402010X0,Trifluoperazine,0.356584723517469,poisson,HAC-Wald,3.50114799427313,0.000933915062497135,0.0479478735880887,3.64932273261564,FALSE,,0.00131460874036786,0.00520248348507327,-0.00673781497030353,-0.0143888631719883,TRUE,,0.496871989565114,FALSE,secondary_exploratory,all_eligible_drugs,Antipsychotic drugs,0.00313994020549551,TRUE,TRUE,0.446069863259496,FALSE
110600,1106000AD,Latanoprost and timolol,0.359824051503467,negbin,NB-LRT,58.9449070463026,4.3643087536233e-05,0.162251366590386,,,742.334121732651,0.00803402353081983,-0.0134891881647489,0.000873780394597144,0.00477571294631035,TRUE,,0.499955244171722,FALSE,secondary_exploratory,all_eligible_drugs,Treatment of glaucoma,0.405750746864685,FALSE,FALSE,,FALSE
131002,1310020L0,Ketoconazole,0.359516713999454,poisson,HAC-Wald,47.9303868360279,8.82237472119131e-07,0.000543693442812909,5.91851662746822,FALSE,,-0.0157575586140517,0.0237216374971525,-0.0120889784801312,-0.00328384600732415,TRUE,,0.499955244171722,FALSE,secondary_exploratory,all_eligible_drugs,Antifungal preparations,0.000226648496068398,TRUE,TRUE,0.448884246321899,FALSE
110801,1108010K0,Sodium chloride,0.36601406056132,negbin,NB-LRT,2.01329682124485,0.042520966637822,0.190952508693726,,,1910.36374559183,-0.00988611806440078,-0.0105106395492435,-0.000184440852362773,0.00649826169547828,TRUE,,0.507831474340065,FALSE,secondary_exploratory,all_eligible_drugs,"Tear deficiency, eye lubricant and astringent",0.402879512529337,FALSE,FALSE,,FALSE
130400,1304000H0,Clobetasone butyrate,0.37334804148184,poisson,HAC-Wald,1014.45883292191,1.74125918230069e-06,4.93321597305751e-06,0.842957240192078,FALSE,,0.0430753293728398,0.02877994977142,0.00297056199724307,-0.0118492419954163,TRUE,,0.51727025946417,FALSE,secondary_exploratory,all_eligible_drugs,Topical corticosteroids,0.000772676262857242,TRUE,TRUE,0.465270854725474,FALSE
040702,0407020G0,Dihydrocodeine tartrate,0.382213044237783,poisson,HAC-Wald,77.5631567628517,2.26804625205439e-09,2.59560406064008e-05,12,TRUE,,-0.00225895149020421,0.00104732940041659,-0.00259076489042151,0.00154262255102718,TRUE,,0.52880043336307,FALSE,secondary_exploratory,all_eligible_drugs,Opioid analgesics,0.272633294918465,FALSE,FALSE,,FALSE
040400,0404000S0,Atomoxetine hydrochloride,0.386685717756789,poisson,HAC-Wald,27.1836953589371,5.86074673203651e-05,0.000334017019311572,1.29599132296898,FALSE,,0.0190713752326254,0.00291922066921169,-0.00584532736128341,0.00925934107996639,TRUE,,0.534229629922145,FALSE,secondary_exploratory,all_eligible_drugs,CNS stimulants and drugs used for ADHD,0.0251947058398018,TRUE,TRUE,0.480981478797669,FALSE
040801,0408010I0,Ethosuximide,0.387447184381828,negbin,NB-LRT,3.49805886625216,0.0010586383377194,0.0503890716109189,,,1974.11789219978,0.00753145652147415,-0.00027316352292169,0.000237760732260792,0.00919171559682129,TRUE,,0.53452345267408,FALSE,secondary_exploratory,all_eligible_drugs,Control of epilepsy,0.0462428934317855,TRUE,TRUE,0.481019334572156,FALSE
050103,0501030V0,Tetracycline,0.391556308554061,poisson,HAC-Wald,5.17510838007271,1.19844496480704e-05,0.000207865911709848,1.46761477703195,FALSE,,0.0401038751061913,0.018712309258607,0.00763891611832437,-0.00743515808704037,TRUE,,0.539428351529923,FALSE,secondary_exploratory,all_eligible_drugs,Tetracyclines,3.22372888099791e-88,TRUE,TRUE,0.485205369168686,FALSE
040801,0408010AI,Eslicarbazepine acetate,0.394265629869589,poisson,HAC-Wald,3.45723446708922,0.00180828503427225,0.049602901254533,5.79176656557799,FALSE,,-0.00622026398742557,0.000613019613460852,-0.00342239024042148,0.00705404119548734,TRUE,,0.542393677249971,FALSE,secondary_exploratory,all_eligible_drugs,Control of epilepsy,0.0462428934317855,TRUE,TRUE,0.487644331680808,FALSE
020602,0206020Z0,Valsartan/amlodipine,0.395017790289928,negbin,NB-LRT,2.72084895642643,0.00111668579135904,0.19971062166484,,,1462.90128328993,-0.000548819848327346,0.0119476327549789,0.00735774236191784,-0.00442504098104696,TRUE,,0.54266195732354,FALSE,secondary_exploratory,all_eligible_drugs,Calcium-channel blockers,3.20982104870482e-14,TRUE,TRUE,0.48765798501083,FALSE
090501,0905012I0,Cinacalcet hydrochloride,0.395644502425471,poisson,HAC-Wald,5.34505808902856,3.21859936058594e-06,0.00202766837986523,1.38479534598621,FALSE,,-0.00496961652338575,0.00453975415726816,-0.00266738260451789,0.00163478950369127,TRUE,,0.542757387834378,FALSE,secondary_exploratory,all_eligible_drugs,Calcium and magnesium,0.507072588053869,FALSE,FALSE,,FALSE
040201,0402010AJ,Cariprazine,0.396255394641844,poisson,HAC-Wald,1.02114305325853,0.856155490371437,0.017513154635688,3.62766075161987,FALSE,,0.00299448610492308,0.00572611128517546,0.0191369140807529,0.0067283712568067,TRUE,,0.542830878173215,FALSE,secondary_exploratory,all_eligible_drugs,Antipsychotic drugs,0.00313994020549551,TRUE,TRUE,0.488269755944444,FALSE
110600,1106000AF,Bimatoprost,0.398507613995085,poisson,HAC-Wald,47.4839257179723,4.03026588704913e-09,3.57476693756409e-05,6.54736264140983,FALSE,,-0.00125869956567026,-0.00042287451757142,-0.00276738825877593,8.97327625160879e-05,TRUE,,0.545149460717996,FALSE,secondary_exploratory,all_eligible_drugs,Treatment of glaucoma,0.405750746864685,FALSE,FALSE,,FALSE
021200,0212000AM,Inclisiran,0.399613358685231,poisson,HAC-Wald,22.1853865016945,5.70144796293691e-10,0,0.243189918748559,FALSE,,0.0122062973446725,0.0426402004092615,-0.00190251479741828,0.0258637055046958,TRUE,,0.545895387600862,FALSE,secondary_exploratory,all_eligible_drugs,Lipid-regulating drugs,0.0304008061863522,TRUE,TRUE,0.491487084139966,FALSE
050110,0501100H0,Dapsone,0.404981785855213,poisson,HAC-Wald,1.53309896691418,0.105764866108768,0.0028114400210737,1.61560677888033,FALSE,,-0.000617082661339258,0.00528924455296609,0.00285411194738555,0.00336060434804067,TRUE,,0.552454144850109,FALSE,secondary_exploratory,all_eligible_drugs,Antileprotic drugs,0.436825891726952,FALSE,FALSE,,FALSE
040701,0407010Q0,Co-proxamol (Dextropropoxyphene hydrochloride/paracetamol),0.408439928920848,negbin,NB-LRT,2.64359852090856,0.009155057505511,0.4296928171921,,,347.824085466894,0.0172121833210729,-0.00761192871627123,-0.0235940144851548,-0.0081872791121782,TRUE,,0.554067535889841,FALSE,secondary_exploratory,all_eligible_drugs,Non-opioid analgesics and compound preparations,8.43977774190808e-06,TRUE,TRUE,0.500472017187929,FALSE
040902,0409020C0,Trihexyphenidyl hydrochloride,0.407248621146254,poisson,HAC-Wald,8.14045558115341,5.00572041624399e-06,0.00496119543327156,3.12404951428025,FALSE,,-0.00205304885985557,-0.000342034089635789,0.00273924579307027,0.00414542002790889,TRUE,,0.554067535889841,FALSE,secondary_exploratory,all_eligible_drugs,Antimuscarinic drugs used in parkinsonism,0.164776863506407,FALSE,FALSE,,FALSE
060401,0604011P0,Oestrogens conjugated,0.407991558312459,negbin,NB-LRT,18.0140357935858,0.000184894287660268,0.142585472205156,,,632.681805287557,-0.0110538605283755,0.00807241229115808,0.00999860300595391,-0.00323439490638423,TRUE,,0.554067535889841,FALSE,secondary_exploratory,all_eligible_drugs,Female sex hormones and their modulators,0.000113754559464022,TRUE,TRUE,0.500472017187929,FALSE
080201,0802010N0,Mycophenolic sodium,0.407888652271457,poisson,Poisson-LRT,1.4851328341936,0.165917283123806,0.370406068060516,,,,-0.00979655812664773,0.0107901562120634,0.00854028045700037,-0.00470909959608203,TRUE,,0.554067535889841,FALSE,secondary_exploratory,all_eligible_drugs,Antiproliferative immunosuppressants,0.185313710897741,FALSE,FALSE,,FALSE
010200,0102000L0,Glycopyrronium bromide,0.409633673476835,poisson,HAC-Wald,12.1345558470979,1.53161752643145e-07,3.47524528107046e-05,4.81146197048018,FALSE,,-0.010482802902619,0.0108525077713507,-0.00711443711896302,0.00629375230706174,TRUE,,0.55491404445958,FALSE,secondary_exploratory,all_eligible_drugs,Antispasmodics and other drugs altering gut motility,0.0936735611860228,FALSE,FALSE,,FALSE
021200,0212000AC,Simvastatin and ezetimibe,0.410973558954863,poisson,HAC-Wald,2.49443514982233,0.00108301136279195,0.0255044701432531,1.19169332499668,FALSE,,-0.00859406984422704,0.0126626651307334,-0.0116129399591934,0.00457293944839683,TRUE,,0.555955897808384,FALSE,secondary_exploratory,all_eligible_drugs,Lipid-regulating drugs,0.0304008061863522,TRUE,TRUE,0.502640523777509,FALSE
060201,0602010V0,Levothyroxine sodium,0.414603583022471,poisson,HAC-Wald,1628.3832592985,8.07613485948154e-09,7.99866423950579e-06,12,TRUE,,-0.00202278736609334,0.000432953464233792,-0.00172401128580761,0.00297965076257184,TRUE,,0.560088612848664,FALSE,secondary_exploratory,all_eligible_drugs,Thyroid hormones,0.499494593018627,FALSE,FALSE,,FALSE
020602,0206020Q0,Nicardipine hydrochloride,0.421513725911676,poisson,HAC-Wald,14.6405287824698,2.73425937543533e-09,2.01727523574391e-13,1.24819490694106,FALSE,,-0.0178048919859227,-0.114182986019789,0.0168077051546312,-0.0254540774885837,TRUE,,0.568634860163397,FALSE,secondary_exploratory,all_eligible_drugs,Calcium-channel blockers,3.20982104870482e-14,TRUE,TRUE,0.514575197866202,FALSE
010502,0105020E0,Prednisolone sodium phosphate,0.424454140199394,poisson,HAC-Wald,2.81139052699004,3.76207954253539e-06,2.47175531116195e-05,3.09481846301095,FALSE,,-0.0306700149786061,-0.0094083747229533,0.00481488696563007,-0.00254157591312262,TRUE,,0.570294903919011,FALSE,secondary_exploratory,all_eligible_drugs,Corticosteroids,0.188917301871277,FALSE,FALSE,,FALSE
090201,0902011AA,Patiromer calcium,0.4245008268391,poisson,HAC-Wald,1.23671168150541,0.436287038162225,5.00295602484657e-05,0.506538999187288,FALSE,,-0.0227305492904677,-0.00044352880066267,0.00914106900149799,0.0158241497759025,TRUE,,0.570294903919011,FALSE,secondary_exploratory,all_eligible_drugs,Oral preparation for fluid and electrolyte imbalance,8.65885960246975e-07,TRUE,TRUE,0.516305996414284,FALSE
131001,1310012F0,Fusidic acid,0.42361239917139,poisson,HAC-Wald,222.39919076647,1.40832105575895e-09,0.00219067111063376,1.72072910643995,FALSE,,-0.0202026364207756,-0.00501743757118802,0.00311364781185495,-0.00847981609284211,TRUE,,0.570294903919011,FALSE,secondary_exploratory,all_eligible_drugs,Antibacterial preparations,0.0117193096799549,TRUE,TRUE,0.516179553064397,FALSE
020801,0208010W0,Tinzaparin sodium,0.427640394422794,poisson,HAC-Wald,3.19533745964997,0.000808584913301196,0.0363991202876531,8.4628853560451,FALSE,,-0.00802225616838886,-0.00197943235456049,0.000436548029182546,-0.000393219380345633,TRUE,,0.57372141069945,FALSE,secondary_exploratory,all_eligible_drugs,Parenteral anticoagulants,0.249371307594594,FALSE,FALSE,,FALSE
040901,0409010AB,Opicapone,0.434852451359938,poisson,HAC-Wald,4.00661141527268,0.000103494408241048,0.00167565039729312,1.70431714215261,FALSE,,-0.00481438196954565,0.000447552959504572,-0.000657490109170999,0.00736025556466909,TRUE,,0.582594618465721,FALSE,secondary_exploratory,all_eligible_drugs,Dopaminergic drugs used in parkinsonism,0.000377505620594641,TRUE,TRUE,0.527920503680515,FALSE
110600,1106000AA,Brimonidine tartrate,0.437240138063407,negbin,NB-LRT,25.2477224122704,0.000201771085052881,0.493003806397115,,,1034.77252180686,-0.0131783757746214,-0.000735656181388241,-0.00123721688742319,-0.00202808926499414,TRUE,,0.584988866035382,FALSE,secondary_exploratory,all_eligible_drugs,Treatment of glaucoma,0.405750746864685,FALSE,FALSE,,FALSE
090504,0905041R0,Zinc sulfate monohydrate,0.439553166473339,poisson,HAC-Wald,1.88149986216208,0.0191105451466684,0.012173784867779,3.89279782347242,FALSE,,-0.00580607850806788,0.00138783165699262,0.00733430497373189,-0.00136703087316147,TRUE,,0.587276795809371,FALSE,secondary_exploratory,all_eligible_drugs,Zinc and other minerals,0.954960548417782,FALSE,FALSE,,FALSE
060102,0601023AF,Linagliptin/metformin,0.442052348318866,poisson,HAC-Wald,4.12448822300392,0.000315890475346561,0.000742384884769076,12,TRUE,,-0.00257307534115678,0.00295318927290853,-0.00272858831769229,0.00140733052246242,TRUE,,0.589806831866542,FALSE,secondary_exploratory,all_eligible_drugs,Antidiabetic drugs,0.870182495394554,FALSE,FALSE,,FALSE
100101,1001010C0,Diclofenac sodium,0.444597923128926,negbin,NB-LRT,25.7596773182396,7.65838227103771e-08,0.656657496482128,,,1490.04820001323,-0.00953842897703352,-0.0050816129682907,-0.00175754045223351,0.000850893017087259,TRUE,,0.592391760776435,FALSE,secondary_exploratory,all_eligible_drugs,Non-steroidal anti-inflammatory drugs,5.27206392050756e-10,TRUE,TRUE,0.538757704270411,FALSE
110401,1104010R0,Prednisolone acetate,0.44619855254075,negbin,NB-LRT,8.95655698812677,5.87796156136535e-08,0.112609807901424,,,1318.50948402575,-0.00948836292454356,-0.00742008427428263,7.84998152122945e-06,-0.000828038483477944,TRUE,,0.593712281659414,FALSE,secondary_exploratory,all_eligible_drugs,Corticosteroids,0.940393434747381,FALSE,FALSE,,FALSE
040704,0407041Z0,Zolmitriptan,0.447275594601034,negbin,NB-LRT,26.2002020410053,1.21949840461741e-08,0.35627508607479,,,1668.48435150664,-0.0049400307545135,0.00157952399510852,-0.000598428672724545,0.00888476076766296,TRUE,,0.594333464040119,FALSE,secondary_exploratory,all_eligible_drugs,Antimigraine drugs,0.745226127019671,FALSE,FALSE,,FALSE
070403,0704030J0,Sodium citrate,0.449511409382329,poisson,HAC-Wald,2.31782036820407,0.0128467673732567,0.0224364620022953,0.841126720781935,FALSE,,-0.0275227076398112,-0.047538401647491,-0.0085928359558147,-0.0201591982192379,TRUE,,0.596490616809793,FALSE,secondary_exploratory,all_eligible_drugs,Drugs used in urological pain,0.723508230808036,FALSE,FALSE,,FALSE
050104,0501040H0,Gentamicin sulfate,0.450661884403561,poisson,Poisson-LRT,0.964867556141944,0.930337543487952,0.0606844949395424,,,,0.00121923199219523,0.0231847597611372,0.00914106388424826,-0.010226476825508,TRUE,,0.597203640012339,FALSE,secondary_exploratory,all_eligible_drugs,Aminoglycosides,0.831248362279029,FALSE,FALSE,,FALSE
040400,0404000V0,Guanfacine,0.452741236062999,negbin,NB-LRT,31.6796932781033,0.00665513924851229,0.175199168437518,,,222.784252651587,0.0115613972204407,-0.0207518558109249,0.0150809037521941,-0.000778104538011759,TRUE,,0.599143972724676,FALSE,secondary_exploratory,all_eligible_drugs,CNS stimulants and drugs used for ADHD,0.0251947058398018,TRUE,TRUE,0.547617156855613,FALSE
010501,0105010E0,Sulfasalazine,0.459604906344668,poisson,HAC-Wald,42.851684225683,9.10613006278097e-11,2.5080182755266e-05,0.0806835022457519,FALSE,,-0.000490812526545401,0.00319755310014592,-0.00215328145542186,0.0046060295578787,TRUE,,0.607401870800145,FALSE,secondary_exploratory,all_eligible_drugs,Aminosalicylates,0.351348375932707,FALSE,FALSE,,FALSE
060102,0601023AX,Ertugliflozin,0.462972929705014,poisson,HAC-Wald,3.38603289883215,0.00119198590729713,1.98532867923262e-09,3.21994067193566,FALSE,,-0.00556810923074968,-0.0301538786060399,-0.00287321484132621,-0.0100357087475286,TRUE,,0.611023893675723,FALSE,secondary_exploratory,all_eligible_drugs,Antidiabetic drugs,0.870182495394554,FALSE,FALSE,,FALSE
040702,0407020L0,Meptazinol hydrochloride,0.469507872158378,negbin,NB-LRT,23.1107454675618,0.0173336768986821,0.164231944612824,,,208.546211941351,-0.0160313890661599,0.0139101248190698,-0.0176769295996771,-0.00842929677315156,TRUE,,0.615261779661554,FALSE,secondary_exploratory,all_eligible_drugs,Opioid analgesics,0.272633294918465,FALSE,FALSE,,FALSE
040801,0408010C0,Carbamazepine,0.468248426423806,poisson,HAC-Wald,138.082980693016,3.65725773624508e-09,0.00062462326321,4.07906724521859,FALSE,,0.00302141009467795,0.00191891748007349,-0.00308575673938484,0.0046446902568779,TRUE,,0.615261779661554,FALSE,secondary_exploratory,all_eligible_drugs,Control of epilepsy,0.0462428934317855,TRUE,TRUE,0.564299385690227,FALSE
060102,0601023AD,Metformin hydrochloride/sitagliptin,0.468281195432401,poisson,HAC-Wald,7.84110132705695,2.12653657108566e-08,0.000232050275839057,3.32362940348787,FALSE,,-0.00451722562137451,0.0014263877070589,-0.00205814128241791,0.00155455805053549,TRUE,,0.615261779661554,FALSE,secondary_exploratory,all_eligible_drugs,Antidiabetic drugs,0.870182495394554,FALSE,FALSE,,FALSE
060402,0604020M0,Testosterone enantate,0.469476708621247,poisson,HAC-Wald,19.2120200723884,0.00232806327792146,6.24790291492428e-06,4.40737393285298,FALSE,,0.117103417340321,-0.0127989044787209,0.0630555224624044,-0.0315980182673102,TRUE,,0.615261779661554,FALSE,secondary_exploratory,all_eligible_drugs,Male sex hormones and antagonists,6.44078395714296e-07,TRUE,TRUE,0.564745291175102,FALSE
060602,0606020A0,Alendronic acid,0.470605776024495,poisson,HAC-Wald,356.423835681661,3.82284940629526e-05,0.00245764613404886,2.47810575169505,FALSE,,-0.00055375757670848,0.00393287030497793,-0.00556895244455901,-0.000302928587061397,TRUE,,0.615261779661554,FALSE,secondary_exploratory,all_eligible_drugs,Bisphosphonates and other drugs,0.0694650838455479,FALSE,FALSE,,FALSE
070401,0704010M0,Indoramin,0.467545515242912,negbin,NB-LRT,1.94033695259006,0.0377780580175141,0.0860237418795784,,,2994.06917220539,-0.00863221878256567,0.00720683325092685,-0.00178176642825902,0.00426233760356393,TRUE,,0.615261779661554,FALSE,secondary_exploratory,all_eligible_drugs,Drugs for urinary retention,4.29924047279809e-07,TRUE,TRUE,0.564299385690227,FALSE
110401,1104010D0,Betamethasone sodium phosphate,0.470508552342876,poisson,HAC-Wald,46.2176224387826,4.98320614399806e-10,5.82470838228488e-08,1.47673824743653,FALSE,,0.0358735095335923,0.0119892342020388,-0.005163060940282,-0.00503751679616183,TRUE,,0.615261779661554,FALSE,secondary_exploratory,all_eligible_drugs,Corticosteroids,0.940393434747381,FALSE,FALSE,,FALSE
010607,0106070A0,Prucalopride,0.473724247045985,poisson,HAC-Wald,11.8674051988861,1.8856222358496e-05,1.30468597240307e-05,3.97249242668252,FALSE,,-0.00234111022340194,0.00108823973592503,-0.000815042677426033,0.00493730815921243,TRUE,,0.615542076242479,FALSE,secondary_exploratory,all_eligible_drugs,Other drugs used in constipation,0.815780047540176,FALSE,FALSE,,FALSE
041001,0410010B0,Disulfiram,0.47193307836988,poisson,HAC-Wald,7.64893397957651,0.0101040640039342,2.31596003483769e-05,6.65335131281494,FALSE,,0.0165579373587284,0.0131177459805803,-0.0227520185775447,0.00924047822424498,TRUE,,0.615542076242479,FALSE,secondary_exploratory,all_eligible_drugs,Alcohol dependence,0.0211926509023209,TRUE,TRUE,0.566664170743396,FALSE
050109,0501090H0,Ethambutol hydrochloride,0.475068909358452,poisson,HAC-Wald,5.51128542266854,0.00035619859930947,0,7.13801092754574,FALSE,,-0.0442840818696532,0.0378533045889251,-0.0147903051141536,0.0120434398213294,TRUE,,0.615542076242479,FALSE,secondary_exploratory,all_eligible_drugs,Antituberculosis drugs,0.25095865501638,FALSE,FALSE,,FALSE
060102,0601021M0,Gliclazide,0.475243984942859,poisson,HAC-Wald,279.906572122184,2.35245583321287e-09,1.69473491162808e-06,12,TRUE,,0.000441692124440569,3.91082575511689e-05,-0.00218114896752723,0.00131448734084823,TRUE,,0.615542076242479,FALSE,secondary_exploratory,all_eligible_drugs,Antidiabetic drugs,0.870182495394554,FALSE,FALSE,,FALSE
060102,0601023AH,Saxagliptin/metformin,0.474768438949471,poisson,HAC-Wald,11.0318631391874,1.33455277483127e-05,0,2.97041923394178,FALSE,,0.0362572777318638,-0.0241292667959649,-0.0218999702515566,0.0119489293940698,TRUE,,0.615542076242479,FALSE,secondary_exploratory,all_eligible_drugs,Antidiabetic drugs,0.870182495394554,FALSE,FALSE,,FALSE
100103,1001030F0,Penicillamine,0.472825296392904,poisson,HAC-Wald,1.28806988770246,0.396453519144176,0.00814588376224801,2.57906505170113,FALSE,,-0.0135912479424506,-0.0118463370409211,0.00598129243894855,-0.00939284737771558,TRUE,,0.615542076242479,FALSE,secondary_exploratory,all_eligible_drugs,Rheumatic disease suppressant drugs,0.351282739573645,FALSE,FALSE,,FALSE
130900,1309000L0,Benzalkonium chloride,0.473857519562191,negbin,NB-LRT,6.28392655440089,2.34931708486805e-06,0.180709399755105,,,1028.73623166714,0.0064980680230376,-0.00571635306098404,-0.00873442014569869,-0.00594883231436665,TRUE,,0.615542076242479,FALSE,secondary_exploratory,all_eligible_drugs,Shampoo and other preparations for scalp and hair conditions,0.00494846301137637,TRUE,TRUE,0.567938520713883,FALSE
131001,1310011M0,Mupirocin,0.476443995550259,poisson,HAC-Wald,10.019019498195,1.22254337474316e-07,0.000104073749680578,2.33960881783787,FALSE,,-0.00594672355220912,0.00392512377077277,-0.0124362393131659,-0.0055363787482502,TRUE,,0.616276828241636,FALSE,secondary_exploratory,all_eligible_drugs,Antibacterial preparations,0.0117193096799549,TRUE,TRUE,0.570000271040127,FALSE
100101,1001010R0,Piroxicam,0.48074697277792,poisson,Poisson-LRT,0.946589846584128,0.918748734453591,0.0642154019268001,,,,-0.0113368894866236,-0.00690131169961339,-0.00536881028016147,0.00389823562114682,TRUE,,0.621017972792697,FALSE,secondary_exploratory,all_eligible_drugs,Non-steroidal anti-inflammatory drugs,5.27206392050756e-10,TRUE,TRUE,0.57410437039541,FALSE
060102,0601023AN,Empagliflozin,0.482574232012454,poisson,HAC-Wald,185.098053445274,2.94890109187721e-07,6.12745253754099e-05,2.24808098664527,FALSE,,-0.00406905356961435,-0.000626268153463618,-0.000396912739066506,0.00130772312469351,TRUE,,0.622552717854477,FALSE,secondary_exploratory,all_eligible_drugs,Antidiabetic drugs,0.870182495394554,FALSE,FALSE,,FALSE
040901,0409010B0,Amantadine hydrochloride,0.493056692474785,poisson,HAC-Wald,8.37085392566511,7.64488247296741e-08,0.000289259114975793,0.779113815766196,FALSE,,-0.00297171852578323,0.00304979218283579,-0.00161920672372924,0.00329251216844985,TRUE,,0.635234415966191,FALSE,secondary_exploratory,all_eligible_drugs,Dopaminergic drugs used in parkinsonism,0.000377505620594641,TRUE,TRUE,0.587737868928276,FALSE
010101,0101012B0,Sodium bicarbonate,0.494399901032439,poisson,HAC-Wald,1.75376351564972,0.0925179994851271,0.0175272806274739,1.74752564616963,FALSE,,-0.0137626813840548,0.000468859965196091,0.00518407479575674,0.00500630807674625,TRUE,,0.636123518633548,FALSE,secondary_exploratory,all_eligible_drugs,Antacids and simeticone,0.0849006183105911,FALSE,FALSE,,FALSE
020204,0202040C0,Co-amilozide (Amiloride hydrochloride/hydrochlorothiazide),0.497111621199226,poisson,HAC-Wald,2.98097263398924,0.000221731879745368,0.000130765022149038,3.7829129118828,FALSE,,-0.0018496175932507,0.0018740337237425,-0.00331925714993534,0.000451892853328614,TRUE,,0.638768758638583,FALSE,secondary_exploratory,all_eligible_drugs,Potassium sparing diuretics and compounds,0.0115413382112734,TRUE,TRUE,0.591499903705408,FALSE
110802,1108020J0,Apraclonidine,0.502044294423197,poisson,HAC-Wald,21.9139811866978,9.34489886857184e-11,0,3.87127157827091,FALSE,,0.0325781876351105,0.00259492782906747,-0.0174040601631704,0.00323990207080569,TRUE,,0.644257105096435,FALSE,secondary_exploratory,all_eligible_drugs,Ocular diagnostic & peri-operative prepn & photodynamic tt,0.436913075381646,FALSE,FALSE,,FALSE
040303,0403030L0,Fluvoxamine maleate,0.504463603516215,poisson,HAC-Wald,13.5844376263533,2.04837685095026e-08,0,5.3997395784138,FALSE,,0.013443801713345,0.00910333901180183,-0.00962079882853187,0.0162411779986788,TRUE,,0.644485659274857,FALSE,secondary_exploratory,all_eligible_drugs,Selective serotonin re-uptake inhibitors,0.000373686698569591,TRUE,TRUE,0.597489037237194,FALSE
040901,0409010X0,Levodopa/carbidopa/entacapone,0.504869156084924,poisson,HAC-Wald,5.77932178373379,3.12641476649587e-07,0.00131048388144506,4.29623300111306,FALSE,,0.00106732672625297,-0.000219419137993555,0.00178853439691429,0.00340417373498471,TRUE,,0.644485659274857,FALSE,secondary_exploratory,all_eligible_drugs,Dopaminergic drugs used in parkinsonism,0.000377505620594641,TRUE,TRUE,0.597489037237194,FALSE
090502,0905022T0,Lanthanum carbonate,0.503205765562505,poisson,Poisson-LRT,1.41341907340885,0.205966791082601,0.126560712813729,,,,-0.00421536732708996,0.00544523056433794,-0.0121409734546556,0.000744875208211756,TRUE,,0.644485659274857,FALSE,secondary_exploratory,all_eligible_drugs,Phosphorus,0.016540956368645,TRUE,TRUE,0.597489037237194,FALSE
090503,0905030G0,Sodium fluoride,0.504677328959896,poisson,HAC-Wald,10.4577190693897,1.42448628246193e-09,0.0294480941347172,10.3916484524221,FALSE,,-0.00614212034186222,0.00181892771540677,0.00409752740730914,0.000978126220553638,TRUE,,0.644485659274857,FALSE,secondary_exploratory,all_eligible_drugs,Fluoride,0.596930174038586,FALSE,FALSE,,FALSE
020900,0209000Z0,Ticagrelor,0.508552208019487,poisson,HAC-Wald,26.6697540755471,1.76329095968696e-07,0.00192056338213353,3.90575531759234,FALSE,,-0.00281958265598448,0.000362561699791747,-0.00261820630854531,0.00320030445262554,TRUE,,0.64580163052279,FALSE,secondary_exploratory,all_eligible_drugs,Antiplatelet drugs,0.000402533574512188,TRUE,TRUE,0.598617804788591,FALSE
090606,0906060L0,Menadiol sodium phosphate,0.508371220425414,poisson,HAC-Wald,10.4542715940063,5.39728083666792e-06,1.07820419259497e-11,0.81282656967108,FALSE,,-0.0285211891748748,0.0737898215670765,0.00937201533222083,0.00135807777845261,TRUE,,0.64580163052279,FALSE,secondary_exploratory,all_eligible_drugs,Vitamin K,0.331280947310131,FALSE,FALSE,,FALSE
100101,1001010L0,Ketoprofen,0.507476460614891,poisson,HAC-Wald,5.96084186004378,2.35665192611551e-07,0,5.16213663440732,FALSE,,-0.0260268279149034,0.000709738527060398,-0.0109279599800747,0.0195644156397405,TRUE,,0.64580163052279,FALSE,secondary_exploratory,all_eligible_drugs,Non-steroidal anti-inflammatory drugs,5.27206392050756e-10,TRUE,TRUE,0.598422062875624,FALSE
130502,1305020V0,Cocois,0.507191452628393,poisson,HAC-Wald,15.1189230925903,1.01707950538639e-10,0.00549536242286763,4.94820683515158,FALSE,,0.0065096982159258,0.00461389009976857,-0.0124401469992056,-0.00570613669091791,TRUE,,0.64580163052279,FALSE,secondary_exploratory,all_eligible_drugs,Preparations for psoriasis,2.00974064079059e-55,TRUE,TRUE,0.598422062875624,FALSE
060106,0601060U0,Urine testing reagents,0.509573052059797,negbin,NB-LRT,5.00246394182939,5.09018574907279e-05,0.38052892092955,,,1581.73912765896,0.00811438109090526,0.00213302256535564,0.00563134123055311,0.00477148257282247,TRUE,,0.646255407169586,FALSE,secondary_exploratory,all_eligible_drugs,Diabetic diagnostic and monitoring agents,1.14226798562315e-07,TRUE,TRUE,0.598689846103335,FALSE
030104,0301040Y0,Indacaterol/glycopyrronium,0.510433136267433,poisson,HAC-Wald,10.9901644538603,7.96596584121535e-08,5.48503596369265e-05,0.417886680223526,FALSE,,-0.00027584599474592,0.00313943938566929,-0.00124970116054729,0.00318827691532813,TRUE,,0.646504388458361,FALSE,secondary_exploratory,all_eligible_drugs,Compound bronchodilator preparations,0.00181984286017451,TRUE,TRUE,0.598689846103335,FALSE
010305,0103050P0,Omeprazole,0.514026520795183,poisson,HAC-Wald,1807.73507570272,5.89688899712701e-09,6.35756553153399e-05,4.8488669231125,FALSE,,0.00103846995296576,0.00211995368449141,-0.0016535227318442,0.000464907835665975,TRUE,,0.647686715723814,FALSE,secondary_exploratory,all_eligible_drugs,Proton pump inhibitors,0.16948873915267,FALSE,FALSE,,FALSE
020201,0202010B0,Bendroflumethiazide,0.513421941852292,poisson,HAC-Wald,278.69076024047,4.32212267827693e-10,4.63496862335155e-07,5.89631180901027,FALSE,,0.000169613913871597,-0.00113690882907476,-0.00290179118264681,0.00148173379475644,TRUE,,0.647686715723814,FALSE,secondary_exploratory,all_eligible_drugs,Thiazides and related diuretics,0.00190095196630072,TRUE,TRUE,0.601123910567274,FALSE
060102,0601023AR,Empagliflozin/metformin,0.512559231566569,poisson,HAC-Wald,8.20039683341448,6.64843884430342e-07,6.00878630427904e-05,5.62350480276003,FALSE,,-0.00361880488136538,0.000686744893763667,-0.000279512152814979,0.00232294548600889,TRUE,,0.647686715723814,FALSE,secondary_exploratory,all_eligible_drugs,Antidiabetic drugs,0.870182495394554,FALSE,FALSE,,FALSE
110600,1106000I0,Betaxolol,0.513680937169911,poisson,Poisson-LRT,1.21904957968465,0.467445294565792,0.228049116989863,,,,0.00498888863540178,0.00501340553399207,-0.0092647869455559,0.00281326317469296,TRUE,,0.647686715723814,FALSE,secondary_exploratory,all_eligible_drugs,Treatment of glaucoma,0.405750746864685,FALSE,FALSE,,FALSE
060102,0601023AP,Canagliflozin/metformin,0.515124576460202,negbin,NB-LRT,2.68071728764274,0.005265569308115,0.0901360746265604,,,654.475003235152,-0.017228655981905,0.00498290150873849,-0.000785090251345134,0.0105776013680397,TRUE,,0.648231702160513,FALSE,secondary_exploratory,all_eligible_drugs,Antidiabetic drugs,0.870182495394554,FALSE,FALSE,,FALSE
020400,0204000M0,Nadolol,0.518095250688263,negbin,NB-LRT,3.38425447789661,6.28883758529104e-05,0.131095544398678,,,736.523532434531,-0.0140983237243896,-0.00684753091001979,-0.00674590318342946,0.00531863972740075,TRUE,,0.651128740864991,FALSE,secondary_exploratory,all_eligible_drugs,Beta-adrenoceptor blocking drugs,0.0081054061707156,TRUE,TRUE,0.605518072740456,FALSE
040102,0401020K0,Diazepam,0.520358089862511,poisson,HAC-Wald,241.734452240152,3.20648153976945e-09,1.88487985399721e-05,9.9272820605031,FALSE,,-0.000583584002829409,0.0017363866541416,-0.00159805205111502,-0.00204432436392289,TRUE,,0.652500381262285,FALSE,secondary_exploratory,all_eligible_drugs,Anxiolytics,0.411692559020789,FALSE,FALSE,,FALSE
040702,0407020C0,Codeine phosphate,0.520526484846813,poisson,HAC-Wald,325.209456598577,5.08490604801628e-09,4.06906862721046e-05,12,TRUE,,0.00227684983100007,0.00180429711398073,-0.00331725273279701,-0.00262313531451572,TRUE,,0.652500381262285,FALSE,secondary_exploratory,all_eligible_drugs,Opioid analgesics,0.272633294918465,FALSE,FALSE,,FALSE
091000,091000000,Other compound vitamin/mineral formulation preparations,0.52415315695967,negbin,NB-LRT,7.60331049095265,3.11720171954804e-05,0.188748027090894,,,2069.67064727253,-0.0090184778252436,0.00210952204412091,3.06291250541323e-05,0.0013000996537747,TRUE,,0.656202024265705,FALSE,secondary_exploratory,all_eligible_drugs,Compound vitamin and mineral formulations,0.610125367889563,FALSE,FALSE,,FALSE
110600,1106000AK,Tafluprost,0.526188687016399,negbin,NB-LRT,11.1300619800381,0.0179770898230785,0.101064467127547,,,721.648985704954,0.0136086912741993,-0.00180858417612806,0.00266901131885572,0.00583253946656936,TRUE,,0.657904725486486,FALSE,secondary_exploratory,all_eligible_drugs,Treatment of glaucoma,0.405750746864685,FALSE,FALSE,,FALSE
060102,0601023AC,Saxagliptin,0.528110177178818,poisson,HAC-Wald,6.70709293446648,5.08058119510654e-06,0.00724399891067495,3.63785045100597,FALSE,,-0.00323737193920252,0.00438508444154302,-0.000273097860703892,-0.000254126878367819,TRUE,,0.659460657143806,FALSE,secondary_exploratory,all_eligible_drugs,Antidiabetic drugs,0.870182495394554,FALSE,FALSE,,FALSE
060102,0601023AY,Empagliflozin/linagliptin,0.531544374727165,poisson,Poisson-LRT,1.30947487189885,0.3074705513525,0.137225765350698,,,,-0.00926749266283616,0.0103046571149867,0.00373061233761353,0.000755022881787474,TRUE,,0.662899130581637,FALSE,secondary_exploratory,all_eligible_drugs,Antidiabetic drugs,0.870182495394554,FALSE,FALSE,,FALSE
040202,0402020AD,Aripiprazole,0.536192202975756,poisson,HAC-Wald,1.80431263393475,0.0328635487743956,0.016128253695932,0.557917439460938,FALSE,,-0.0033909938701871,-0.00800130395495272,-0.00527462245488344,0.0100460094668434,TRUE,,0.666987491313393,FALSE,secondary_exploratory,all_eligible_drugs,Antipsychotic depot injections,0.000230107269456129,TRUE,TRUE,0.625557570138383,FALSE
060403,0604030Q0,Prasterone,0.535806224930243,negbin,NB-LRT,4.67105460643611,0.000964698440371345,0.0780430534367624,,,153.680304039242,-0.00357256450212761,0.0287023610085278,-0.01510460842034,-0.00994827737754648,TRUE,,0.666987491313393,FALSE,secondary_exploratory,all_eligible_drugs,Anabolic steroids,0.703888409028146,FALSE,FALSE,,FALSE
090504,0905041Q0,Zinc sulfate,0.537728729533078,negbin,NB-LRT,2.85176864229363,2.24590300079897e-05,0.286766377113329,,,699.936568732526,0.0105656414276018,0.00868856420425691,-0.00736129887569918,0.00964529425847568,TRUE,,0.667861510948518,FALSE,secondary_exploratory,all_eligible_drugs,Zinc and other minerals,0.954960548417782,FALSE,FALSE,,FALSE
100103,1001030U0,Methotrexate,0.538266207489308,poisson,HAC-Wald,98.1587837865406,1.87510795618822e-09,1.92092491745344e-05,8.85054537984935,FALSE,,-0.00242932713541935,-1.8185744415137e-06,-0.00164877540373817,0.00231325890963375,TRUE,,0.667861510948518,FALSE,secondary_exploratory,all_eligible_drugs,Rheumatic disease suppressant drugs,0.351282739573645,FALSE,FALSE,,FALSE
041100,0411000E0,Rivastigmine,0.544966473057787,poisson,HAC-Wald,20.9737845140704,1.01293344832814e-10,0.00546149564580289,1.92303054007583,FALSE,,-0.00562317507132595,0.00174917131544333,-0.00224589955491737,0.00455256039145376,TRUE,,0.674456600709383,FALSE,secondary_exploratory,all_eligible_drugs,Dementia,3.28476791770192e-10,TRUE,TRUE,0.633547595886968,FALSE
070301,0703010G0,Combined ethinylestradiol 35mcg,0.544784328877994,negbin,NB-LRT,25.0384967118134,6.58580668905925e-05,0.0873672839638743,,,383.277528291873,0.00350483596375718,0.00294309117791779,-0.0163208409339767,-0.00894123244228368,TRUE,,0.674456600709383,FALSE,secondary_exploratory,all_eligible_drugs,Combined hormonal contraceptives and systems,9.91433051466992e-09,TRUE,TRUE,0.633547595886968,FALSE
040902,0409020N0,Orphenadrine hydrochloride,0.546521790945012,poisson,Poisson-LRT,0.831424103745299,0.97280425065497,0.705123015231961,,,,-0.0058689687072383,0.00100313939001995,-0.0104601736718784,-0.0136932936211872,TRUE,,0.675523127386347,FALSE,secondary_exploratory,all_eligible_drugs,Antimuscarinic drugs used in parkinsonism,0.164776863506407,FALSE,FALSE,,FALSE
021200,0212000F0,Colestyramine,0.554867958215791,negbin,NB-LRT,12.0312905616583,1.04372043568888e-06,0.0607795786751454,,,1508.60417470548,-0.00986906681509311,0.00166719200931089,-0.00178344910189184,0.00177097621522939,TRUE,,0.684775003555877,FALSE,secondary_exploratory,all_eligible_drugs,Lipid-regulating drugs,0.0304008061863522,TRUE,TRUE,0.643418570054545,FALSE
070301,0703010S0,Estradiol and nomegestrol,0.555412990563801,poisson,Poisson-LRT,1.65283296021565,0.117318975215872,0.180618030067808,,,,-0.00760387436417625,0.0097579365780951,-0.00508456506862216,0.0104981826148178,TRUE,,0.684775003555877,FALSE,secondary_exploratory,all_eligible_drugs,Combined hormonal contraceptives and systems,9.91433051466992e-09,TRUE,TRUE,0.643418570054545,FALSE
040400,0404000L0,Dexamfetamine sulfate,0.556418881198477,poisson,HAC-Wald,45.0014239273719,0.000306568233791559,1.27797772364602e-12,6.16324751668065,FALSE,,0.0122288081901165,0.0174437466601868,-0.0115128455597385,0.00187290099278734,TRUE,,0.684914623479804,FALSE,secondary_exploratory,all_eligible_drugs,CNS stimulants and drugs used for ADHD,0.0251947058398018,TRUE,TRUE,0.643451008486112,FALSE
070402,0704020AD,Fesoterodine fumarate,0.556932630180703,poisson,HAC-Wald,11.8952997727786,5.1031807253802e-08,0.00944922131553994,5.98945067952522,FALSE,,0.00118295514231764,0.00164412130544712,0.00110243752907139,0.0018690424753586,TRUE,,0.684914623479804,FALSE,secondary_exploratory,all_eligible_drugs,Drugs for urinary frequency enuresis and incontinence,0.102138015457376,FALSE,FALSE,,FALSE
020502,0205020H0,Methyldopa,0.558822454791613,poisson,HAC-Wald,3.38578582899655,0.000480423557802017,0.00116665725472176,1.53463953424323,FALSE,,0.000349660126666793,-0.00323653276070312,-0.000140105697194917,0.00459757959919434,TRUE,,0.685507646054196,FALSE,secondary_exploratory,all_eligible_drugs,Centrally-acting antihypertensive drugs,0.522292788817607,FALSE,FALSE,,FALSE
070403,0704030G0,Potassium citrate,0.558808837217512,poisson,HAC-Wald,7.32747660539935,1.85532741639602e-05,0.0472549432941507,3.33928497481538,FALSE,,-0.00750532757186434,0.0171792395136328,0.00343538802951011,-0.00372252484869003,TRUE,,0.685507646054196,FALSE,secondary_exploratory,all_eligible_drugs,Drugs used in urological pain,0.723508230808036,FALSE,FALSE,,FALSE
060602,0606020W0,Ibandronic acid,0.568524100640064,poisson,HAC-Wald,27.6757295460577,2.67895911853829e-08,6.45198729660734e-05,2.84328215625847,FALSE,,-0.00892597041354365,-0.00912206062115001,0.00915654384624615,-0.00396385845438072,TRUE,,0.69653141386594,FALSE,secondary_exploratory,all_eligible_drugs,Bisphosphonates and other drugs,0.0694650838455479,FALSE,FALSE,,FALSE
040801,0408010D0,Oxcarbazepine,0.574561464932966,poisson,HAC-Wald,12.1535428852789,0.00012263188754306,0.00027962320488284,2.42145830631087,FALSE,,-0.00269760579968053,-1.63627589793819e-06,-0.00623488707347165,0.00526503278760291,TRUE,,0.702161689892985,FALSE,secondary_exploratory,all_eligible_drugs,Control of epilepsy,0.0462428934317855,TRUE,TRUE,0.662104104949023,FALSE
041002,0410020A0,Bupropion hydrochloride,0.57424174063667,poisson,HAC-Wald,389.190131810108,8.15134666713285e-08,0,2.82518615622181,FALSE,,-0.172423132904572,-0.0168751384740685,-0.083362746818589,0.0159234176643602,TRUE,,0.702161689892985,FALSE,secondary_exploratory,all_eligible_drugs,Nicotine dependence,3.44007179729206e-08,TRUE,TRUE,0.662104104949023,FALSE
040702,0407020AG,Tapentadol,0.576024966276288,poisson,HAC-Wald,9.58008439183697,9.27221331409848e-09,8.97547032671087e-05,3.22885675593775,FALSE,,0.000817342568255524,-0.00383602733033688,-0.00224233926472051,0.00235358447726797,TRUE,,0.7030680666079,FALSE,secondary_exploratory,all_eligible_drugs,Opioid analgesics,0.272633294918465,FALSE,FALSE,,FALSE
010200,0102000A0,Alverine citrate,0.578843095283651,poisson,HAC-Wald,15.5535705302749,6.39455007187776e-08,0.0390887354813095,1.93147666138385,FALSE,,-0.00750166225262709,0.000732164535227128,0.00498580404210984,0.00435044040393216,TRUE,,0.704697725392336,FALSE,secondary_exploratory,all_eligible_drugs,Antispasmodics and other drugs altering gut motility,0.0936735611860228,FALSE,FALSE,,FALSE
020802,0208020Y0,Rivaroxaban,0.579530675604991,poisson,HAC-Wald,254.989665336967,8.592504857667e-10,0.000343486196519693,1.43526439827174,FALSE,,-0.00562687388481907,0.00017622321105464,-0.00162906036903209,0.00261303149731222,TRUE,,0.704697725392336,FALSE,secondary_exploratory,all_eligible_drugs,Oral anticoagulants,0.00531800462558879,TRUE,TRUE,0.666662910049098,FALSE
110401,1104010W0,Loteprednol etabonate,0.579188106732889,poisson,HAC-Wald,2.88806204176031,0.0278610710258639,0.0060891311850817,1.08145850295179,FALSE,,-0.0060439435129399,0.00140931387095918,0.00618931106981718,-0.00884163292421271,TRUE,,0.704697725392336,FALSE,secondary_exploratory,all_eligible_drugs,Corticosteroids,0.940393434747381,FALSE,FALSE,,FALSE
020802,0208020Z0,Apixaban,0.580700099504301,poisson,HAC-Wald,570.81145722037,1.26330632303022e-08,0.00183919315099013,1.68273062878876,FALSE,,-0.0058930968612397,0.0025323984794542,-0.00283525782241609,0.00280153791203697,TRUE,,0.705239272964076,FALSE,secondary_exploratory,all_eligible_drugs,Oral anticoagulants,0.00531800462558879,TRUE,TRUE,0.666842348121867,FALSE
010305,0103050T0,Rabeprazole sodium,0.582694196662866,poisson,HAC-Wald,66.7196512908289,9.41053279235201e-09,1.85458378010317e-06,1.53490313833545,FALSE,,0.0162915177992599,-0.012521119021776,-0.00690293108332206,0.011939868806654,TRUE,,0.70677976033578,FALSE,secondary_exploratory,all_eligible_drugs,Proton pump inhibitors,0.16948873915267,FALSE,FALSE,,FALSE
010607,0106070B0,Linaclotide,0.585064874339271,poisson,HAC-Wald,4.7579967293376,9.47971248360165e-06,0.00305707226625918,5.99636748996088,FALSE,,-0.0021954270093145,-0.00301395204197333,-0.00283633033017804,0.00130507939200146,TRUE,,0.708772621401057,FALSE,secondary_exploratory,all_eligible_drugs,Other drugs used in constipation,0.815780047540176,FALSE,FALSE,,FALSE
020602,0206020C0,Diltiazem hydrochloride,0.587740705827617,poisson,HAC-Wald,98.7155214869174,1.36952336823604e-08,0.000520192353513971,1.98892092142265,FALSE,,-0.000511501046973894,0.00157709387670922,-0.0032808280554003,0.00282060464973236,TRUE,,0.709862728168717,FALSE,secondary_exploratory,all_eligible_drugs,Calcium-channel blockers,3.20982104870482e-14,TRUE,TRUE,0.671881003012274,FALSE
060302,0603020C0,Betamethasone sodium phosphate,0.588151151573054,poisson,HAC-Wald,15.1756838500504,1.13230844599926e-07,0.000121678769657074,2.17833390913002,FALSE,,0.019971491348887,0.0032407225361147,-0.00466404797463116,0.00914710367304789,TRUE,,0.709862728168717,FALSE,secondary_exploratory,all_eligible_drugs,Glucocorticoid therapy,7.99962161406946e-42,TRUE,TRUE,0.671881003012274,FALSE
070401,0704010A0,Alfuzosin hydrochloride,0.587651350503435,poisson,HAC-Wald,36.2643329257657,9.99766945128651e-06,0.00677958001394396,1.81961887297679,FALSE,,-0.00460174972255399,0.00362495509931965,-0.00169854897948035,0.00223758879641994,TRUE,,0.709862728168717,FALSE,secondary_exploratory,all_eligible_drugs,Drugs for urinary retention,4.29924047279809e-07,TRUE,TRUE,0.671881003012274,FALSE
130201,1302010E0,Dexpanthenol,0.589252989810443,poisson,HAC-Wald,8.67946524070006,8.46008781646198e-07,1.21965915145239e-08,1.18905150192551,FALSE,,0.0474368180899295,0.0236735845999508,-0.0039227786593039,-0.00468334110291276,TRUE,,0.71031239118239,FALSE,secondary_exploratory,all_eligible_drugs,Emollients,4.56697434699239e-18,TRUE,TRUE,0.671973080234439,FALSE
030101,0301011X0,Indacaterol maleate,0.591515288473155,poisson,Poisson-LRT,0.663903621065415,0.999995614230491,0.0676733788653786,,,,-0.0105020136620858,0.00881856807295871,-0.0033215143317964,0.00534242075619249,TRUE,,0.712158085256926,FALSE,secondary_exploratory,all_eligible_drugs,Adrenoceptor agonists,2.96694404817216e-20,TRUE,TRUE,0.67338591663553,FALSE
041100,0411000F0,Galantamine,0.593936889035307,negbin,NB-LRT,11.81615895845,0.000169721413766374,0.507119859321302,,,1084.04862814074,0.00282334078330728,-0.00595224121096699,0.00355634360649032,0.00816943233491719,TRUE,,0.713678102021271,FALSE,secondary_exploratory,all_eligible_drugs,Dementia,3.28476791770192e-10,TRUE,TRUE,0.674158739301896,FALSE
100302,1003020U0,Diclofenac sodium,0.594243265646048,poisson,HAC-Wald,3.47038999372611,0.0036745072206624,0.0274121330514393,2.56076660312133,FALSE,,-0.00102871854749287,0.00669462924136822,-0.00355567387924469,0.00401982827128863,TRUE,,0.713678102021271,FALSE,secondary_exploratory,all_eligible_drugs,"Rubefacients, topical NSAIDs, capsaicin and poultices",1.55919199584476e-59,TRUE,TRUE,0.674158739301896,FALSE
010602,0106020C0,Bisacodyl,0.598996865394157,poisson,HAC-Wald,52.1181745845308,1.78935412947307e-08,0.000257406389247095,12,TRUE,,-0.00348485133846766,0.00145168512038948,9.99651756976425e-05,0.00174231747149333,TRUE,,0.717617400853517,FALSE,secondary_exploratory,all_eligible_drugs,Stimulant laxatives,0.0429708493171327,TRUE,TRUE,0.677216387335662,FALSE
020201,0202010V0,Metolazone,0.59844899658576,poisson,HAC-Wald,46.6024469397375,2.32237359600862e-07,1.62092561595273e-14,0.745416074983081,FALSE,,-0.0146037517256868,-0.0493918828035392,-0.0436745897683582,-0.0542291008809995,TRUE,,0.717617400853517,FALSE,secondary_exploratory,all_eligible_drugs,Thiazides and related diuretics,0.00190095196630072,TRUE,TRUE,0.677216387335662,FALSE
020604,0206040X0,Cilostazol,0.600598914808866,poisson,Poisson-LRT,1.77124132199274,0.0653767122242144,0.0569216770662244,,,,-0.00374409547799261,-0.00811145640764102,-0.00346053795349013,-0.00251265467583237,TRUE,,0.718652755557537,FALSE,secondary_exploratory,all_eligible_drugs,Peripheral vasodilators and related drugs,0.844365795596646,FALSE,FALSE,,FALSE
010604,0106040M0,Macrogol 3350,0.603383575002306,poisson,HAC-Wald,566.923227567775,2.75309698039687e-12,0.00452117469007696,2.03177407542352,FALSE,,0.00199167305848818,0.00484372606111963,0.00046044430962579,0.00152912039613674,TRUE,,0.721098898223615,FALSE,secondary_exploratory,all_eligible_drugs,Osmotic laxatives,0.411692559020789,FALSE,FALSE,,FALSE
040802,0408020Q0,Paraldehyde,0.608230639730826,poisson,HAC-Wald,2.21890181150297,0.0297033411298388,0.00841780198871778,2.95913535915555,FALSE,,-0.0243203528508207,-0.00364839461567206,-0.00931588577061009,-0.0232563158867512,TRUE,,0.726000788110078,FALSE,secondary_exploratory,all_eligible_drugs,Drugs used in status epilepticus,0.319092326902552,FALSE,FALSE,,FALSE
090602,0906022K0,Nicotinamide,0.609313882630083,negbin,NB-LRT,2.38236783673776,0.0431309397485153,0.640543755123987,,,452.63716270355,0.00766553321234087,-0.00297287735228745,-0.0171266352693371,-0.0127983667048254,TRUE,,0.726403576109792,FALSE,secondary_exploratory,all_eligible_drugs,Vitamin B group,0.0224467549907545,TRUE,TRUE,0.687699030481294,FALSE
080302,0803020H0,Medroxyprogesterone acetate,0.612740925325602,negbin,NB-LRT,2.95299377617306,0.0238623003939226,0.554042912378743,,,826.242885832955,0.0113636640350026,-0.00517911820953814,-0.0088622030405917,0.00183536617782326,TRUE,,0.728005912625931,FALSE,secondary_exploratory,all_eligible_drugs,Progestogens,0.954033231010769,FALSE,FALSE,,FALSE
110500,1105000B0,Atropine sulfate,0.613349558294481,poisson,HAC-Wald,6.06948343891351,0.000114935914904392,0.0119818498783711,5.15824409184578,FALSE,,-0.00611037779051307,0.0037523343782668,0.00102409144731297,0.00521378098285284,TRUE,,0.728005912625931,FALSE,secondary_exploratory,all_eligible_drugs,Mydriatics and cycloplegics,0.951830971572487,FALSE,FALSE,,FALSE
130202,1302020B0,Benzalkonium chloride,0.613647694318162,poisson,HAC-Wald,69.4426265467026,2.44810646681975e-10,0,10.2510935280502,FALSE,,-0.0266473410594391,-0.0443619683955945,-0.0130304017080133,0.0113231655440725,TRUE,,0.728005912625931,FALSE,secondary_exploratory,all_eligible_drugs,Barrier preparations,0.637619953574516,FALSE,FALSE,,FALSE
130601,1306010F0,Clindamycin phosphate,0.613436227003416,negbin,NB-LRT,43.1327681659366,1.38803786255683e-05,0.0800006626074332,,,228.419667596052,-0.0229283427285101,0.00354482222963368,-0.0052977977621782,-0.00218990127892969,TRUE,,0.728005912625931,FALSE,secondary_exploratory,all_eligible_drugs,Topical preparations for acne,0.0462428934317855,TRUE,TRUE,0.691166159877136,FALSE
040701,0407010F0,Co-codamol (Codeine phosphate/paracetamol),0.625392448075745,poisson,HAC-Wald,871.787880081444,5.90202203830558e-09,5.38234674304361e-05,12,TRUE,,0.00124173669586998,0.000169999768208376,-0.00295242594731189,-0.000667725884634116,TRUE,,0.741036793705323,FALSE,secondary_exploratory,all_eligible_drugs,Non-opioid analgesics and compound preparations,8.43977774190808e-06,TRUE,TRUE,0.703432873220239,FALSE
040704,0407041T0,Sumatriptan succinate,0.626693597448873,poisson,HAC-Wald,173.633278575879,5.69615692851002e-08,0.00852897720868273,3.8208831540507,FALSE,,-0.0002409505455357,0.00200661735860264,-0.00419351469852698,0.00111899034832791,TRUE,,0.7416762623514,FALSE,secondary_exploratory,all_eligible_drugs,Antimigraine drugs,0.745226127019671,FALSE,FALSE,,FALSE
021200,0212000AD,Colesevelam hydrochloride,0.629124131483524,poisson,HAC-Wald,10.8887865928015,7.48387710919053e-05,0.00922103331823421,1.32219303620493,FALSE,,-0.00133762943698579,0.000598195357861989,-0.00101682575546657,0.00695841440729147,TRUE,,0.743649155418632,FALSE,secondary_exploratory,all_eligible_drugs,Lipid-regulating drugs,0.0304008061863522,TRUE,TRUE,0.706422659583889,FALSE
021200,0212000M0,Fluvastatin sodium,0.630903848978686,negbin,NB-LRT,5.10058279436065,0.000243273719324541,0.703716050789928,,,2149.73352668693,0.0033330931070414,-0.0033237570769026,-0.00113591346744827,0.00659557126541292,TRUE,,0.744848907763928,FALSE,secondary_exploratory,all_eligible_drugs,Lipid-regulating drugs,0.0304008061863522,TRUE,TRUE,0.707214195277641,FALSE
070401,0704010W0,Solifenacin/tamsulosin,0.635925583706322,negbin,NB-LRT,2.82126407799256,0.000571534116388083,0.0502567424811292,,,2577.64024149976,0.0012959587540766,0.00791278557718584,-0.0030519469951472,0.000820969189349678,TRUE,,0.74986866650116,FALSE,secondary_exploratory,all_eligible_drugs,Drugs for urinary retention,4.29924047279809e-07,TRUE,TRUE,0.711631010338027,FALSE
020501,0205010N0,Minoxidil,0.636768738063482,negbin,NB-LRT,2.02219166235742,0.0376193105531821,0.0864653115852853,,,2625.87136313954,-0.000352774662210131,0.008854804379419,0.00479837144080872,-0.000738265613593371,TRUE,,0.749954958734984,FALSE,secondary_exploratory,all_eligible_drugs,Vasodilator antihypertensive drugs,0.164794925639792,FALSE,FALSE,,FALSE
060102,0601023AW,Semaglutide,0.638860775203816,poisson,HAC-Wald,1179.66062008943,7.40984846968348e-07,0,5.83150428012694,FALSE,,0.0164611009378278,-0.0288011099681537,-0.0159636253206997,-0.005417263073353,TRUE,,0.751510138947484,FALSE,secondary_exploratory,all_eligible_drugs,Antidiabetic drugs,0.870182495394554,FALSE,FALSE,,FALSE
040101,0401010F0,Clomethiazole,0.641839152835208,poisson,HAC-Wald,8.01371185280799,0.00177937451524082,9.41469124882133e-14,0.779387210878764,FALSE,,0.0177270468657224,0.0606819315529498,0.0122945616726566,-0.0288340214102273,TRUE,,0.751531890541533,FALSE,secondary_exploratory,all_eligible_drugs,Hypnotics,8.49270687446684e-13,TRUE,TRUE,0.714743470101324,FALSE
040302,0403020H0,Isocarboxazid,0.641740274487879,poisson,Poisson-LRT,1.15758995474522,0.559657523026262,0.568310315971023,,,,0.0236366367018308,-0.0163950546299003,0.00594205916255197,0.0106375097226867,TRUE,,0.751531890541533,FALSE,secondary_exploratory,all_eligible_drugs,Monoamine-oxidase inhibitors (maois),0.832959518117474,FALSE,FALSE,,FALSE
070301,0703011A0,Etonogestrel/ethinylestradiol,0.640894045454778,negbin,NB-LRT,5.20750616545442,0.00224270969762975,0.215695646941208,,,356.808460545806,-0.00855120847731735,0.000926820661000199,-0.0115513123581086,0.0145492137213441,TRUE,,0.751531890541533,FALSE,secondary_exploratory,all_eligible_drugs,Combined hormonal contraceptives and systems,9.91433051466992e-09,TRUE,TRUE,0.714743470101324,FALSE
090602,0906024N0,Pyridoxine hydrochloride,0.641965639559092,negbin,NB-LRT,4.44995373959234,6.23925660876849e-07,0.14259471517879,,,2790.9092065448,-0.00267756690678589,0.00236704782500439,-0.00405053336299159,0.00522821029403659,TRUE,,0.751531890541533,FALSE,secondary_exploratory,all_eligible_drugs,Vitamin B group,0.0224467549907545,TRUE,TRUE,0.714743470101324,FALSE
041003,0410030B0,Buprenorph hydrochloride/naloxone hydrochloride,0.643667455440969,poisson,Poisson-LRT,1.46102039261584,0.234038935296377,0.138903306687735,,,,-0.0184978056084016,0.000314418335529641,0.000343086510951508,-0.00312596386642318,TRUE,,0.752619569747303,FALSE,secondary_exploratory,all_eligible_drugs,Opioid dependence,0.00172848088230961,TRUE,TRUE,0.715427678513779,FALSE
060202,0602020N0,Propylthiouracil,0.646007642881109,negbin,NB-LRT,2.85446863791457,0.0011769066453426,0.0879840951579075,,,3028.82005050343,0.00188058125055203,-0.00452961365321205,-7.6214792123479e-05,0.00603926479148034,TRUE,,0.754450172861152,FALSE,secondary_exploratory,all_eligible_drugs,Antithyroid drugs,0.755012174047654,FALSE,FALSE,,FALSE
050102,0501021M0,Cefradine,0.648660500575433,poisson,Poisson-LRT,1.21923427892315,0.47657850273684,0.720619112083601,,,,0.00458091091971235,0.00726728120623944,-0.00446840238388776,0.00281591224543088,TRUE,,0.756641110850865,FALSE,secondary_exploratory,all_eligible_drugs,Cephalosporins and other beta-lactams,4.30504844194276e-06,TRUE,TRUE,0.719761567248963,FALSE
020802,0208020AA,Edoxaban,0.653673043835958,poisson,HAC-Wald,342.50439801753,1.24069245132135e-07,0.000241545186877135,2.42426481044421,FALSE,,0.0090698102798367,0.0010946747355204,-0.00146090905213955,0.000777959763209322,TRUE,,0.761576010402181,FALSE,secondary_exploratory,all_eligible_drugs,Oral anticoagulants,0.00531800462558879,TRUE,TRUE,0.724102462700438,FALSE
010601,0106010E0,Ispaghula husk,0.662407645184937,poisson,HAC-Wald,364.770139221551,0.0101233046953221,4.26591884783445e-06,2.61319431669538,FALSE,,0.00436495524187947,-0.0370628074767615,6.80666883491533e-05,-0.0200126868909395,TRUE,,0.769289368238511,FALSE,secondary_exploratory,all_eligible_drugs,Bulk-forming laxatives,0.729235303989457,FALSE,FALSE,,FALSE
090606,0906060Q0,Phytomenadione,0.661705273289841,poisson,HAC-Wald,3.35747339313264,0.000704404345552414,6.2450409382131e-05,3.19166942828519,FALSE,,0.0179674280713948,-0.0070251496116139,-0.00475983789249328,-0.00634913526004637,TRUE,,0.769289368238511,FALSE,secondary_exploratory,all_eligible_drugs,Vitamin K,0.331280947310131,FALSE,FALSE,,FALSE
110600,1106000AM,Tafluprost and timolol,0.662663018431325,negbin,NB-LRT,20.6026295776077,0.00605104255137617,0.0869260218422051,,,203.420678256424,-0.011653246735603,-0.00492662123229632,-0.0169395868416558,-0.0104121082011279,TRUE,,0.769289368238511,FALSE,secondary_exploratory,all_eligible_drugs,Treatment of glaucoma,0.405750746864685,FALSE,FALSE,,FALSE
020302,0203020R0,Propafenone hydrochloride,0.66461194746492,poisson,Poisson-LRT,1.35888336019452,0.254531313449527,0.062517112531553,,,,-0.00236136348545652,0.00486840820309871,-0.00532547223934665,0.00491340331846626,TRUE,,0.770633377179562,FALSE,secondary_exploratory,all_eligible_drugs,Drugs for arrhythmias,0.145276570341784,FALSE,FALSE,,FALSE
060402,0604020K0,Testosterone,0.665820579211866,negbin,NB-LRT,40.1678928743076,5.84096383289062e-09,0.244523538395662,,,1096.56227267112,-0.00205484544391052,0.000643002295308522,-0.00946819482384019,0.00233245215993384,TRUE,,0.771116818254884,FALSE,secondary_exploratory,all_eligible_drugs,Male sex hormones and antagonists,6.44078395714296e-07,TRUE,TRUE,0.736019802436586,FALSE
100101,1001010X0,Nabumetone,0.666668392480555,poisson,HAC-Wald,1.62612507440203,0.0941162650562086,0.00909891371509608,2.40236376205929,FALSE,,-0.00161801406569141,-0.00467202696586112,0.00459099146305905,-0.000242511413008081,TRUE,,0.771181727168718,FALSE,secondary_exploratory,all_eligible_drugs,Non-steroidal anti-inflammatory drugs,5.27206392050756e-10,TRUE,TRUE,0.736019802436586,FALSE
040901,0409010T0,Selegiline hydrochloride,0.676090744253557,poisson,HAC-Wald,42.9813031019295,1.15882902227055e-05,0,0.629725571726259,FALSE,,0.0265334014393079,0.037680129307992,-0.0207604297231853,0.00144831127634525,TRUE,,0.781153481498179,FALSE,secondary_exploratory,all_eligible_drugs,Dopaminergic drugs used in parkinsonism,0.000377505620594641,TRUE,TRUE,0.745172043080135,FALSE
020400,0204000R0,Propranolol hydrochloride,0.679251677947612,poisson,HAC-Wald,474.696544179505,1.64249286900377e-08,0.000156703553087167,4.42243747720839,FALSE,,0.00174460904410552,0.00187440570156929,-0.00264164154028118,-0.00122720382678846,TRUE,,0.783707528542563,FALSE,secondary_exploratory,all_eligible_drugs,Beta-adrenoceptor blocking drugs,0.0081054061707156,TRUE,TRUE,0.747404020216603,FALSE
090603,0906031C0,Ascorbic acid,0.679910535542573,poisson,HAC-Wald,4.18863500767393,1.8554285399967e-05,0.00116529594352988,2.3606166986338,FALSE,,-0.00393734955465968,0.00219315061639667,-0.000363624937630134,0.00530948848094879,TRUE,,0.783707528542563,FALSE,secondary_exploratory,all_eligible_drugs,Vitamin C,0.750088243057685,FALSE,FALSE,,FALSE
040801,0408010AB,Tiagabine,0.682360247384522,poisson,HAC-Wald,1.1935709358363,0.510869901561479,0.00193718225334483,3.2850317494657,FALSE,,0.016830189231805,0.0029370713582563,-0.00615740532454284,0.00690498577422297,TRUE,,0.78560151412828,FALSE,secondary_exploratory,all_eligible_drugs,Control of epilepsy,0.0462428934317855,TRUE,TRUE,0.749571023003365,FALSE
040600,0406000A0,Hyoscine,0.684590164844085,poisson,HAC-Wald,54.4706296126937,1.72903827237373e-08,0,6.64376351647417,FALSE,,0.0339252257530424,-0.0146921959826657,0.000684550082220543,-0.000788092093684774,TRUE,,0.787238276928146,FALSE,secondary_exploratory,all_eligible_drugs,Drugs used in nausea and vertigo,4.48078666131178e-09,TRUE,TRUE,0.750767214112347,FALSE
070405,0704050AC,Avanafil,0.686515842554721,poisson,HAC-Wald,1.6687982617821,0.0294057734786033,0.00158899477336216,0.535065221149172,FALSE,,-0.00830520461769329,0.00252187583981788,0.00857768185001763,0.00148062252173127,TRUE,,0.788521734255069,FALSE,secondary_exploratory,all_eligible_drugs,Drugs for erectile dysfunction,0.31408709366056,FALSE,FALSE,,FALSE
070402,0704020AA,Duloxetine hydrochloride,0.690967952314191,poisson,HAC-Wald,32.93183025065,6.04165915713495e-07,0.00225513291147084,9.57665569499606,FALSE,,0.00220906092933851,-0.0134017882657741,0.00491189209653461,-0.00264354235709874,TRUE,,0.792700571912865,FALSE,secondary_exploratory,all_eligible_drugs,Drugs for urinary frequency enuresis and incontinence,0.102138015457376,FALSE,FALSE,,FALSE
060202,0602020D0,Carbimazole,0.693300053517523,poisson,HAC-Wald,35.6696166607779,1.90443481128473e-07,0.00109353477391472,0.267050815620661,FALSE,,-0.00365606837682073,0.00130764093053992,-0.000911221033410138,0.00354546820822129,TRUE,,0.794440296618903,FALSE,secondary_exploratory,all_eligible_drugs,Antithyroid drugs,0.755012174047654,FALSE,FALSE,,FALSE
020302,0203020G0,Disopyramide phosphate,0.694582006513395,poisson,HAC-Wald,7.19623196014115,0.000215201968663327,1.77182712945978e-11,2.20299230972495,FALSE,,0.0181251278007063,0.0530513313889293,-0.00477255501210068,-0.0443439139838858,TRUE,,0.794974000404285,FALSE,secondary_exploratory,all_eligible_drugs,Drugs for arrhythmias,0.145276570341784,FALSE,FALSE,,FALSE
131001,1310011Y0,Silver sulfadiazine,0.695534098523404,poisson,HAC-Wald,24.8720579739683,0.000291595764801422,6.48922940937879e-08,5.43697724570349,FALSE,,-0.0162350458364681,-0.00883982692496521,0.01299168162222,0.0183915851512127,TRUE,,0.795129356762671,FALSE,secondary_exploratory,all_eligible_drugs,Antibacterial preparations,0.0117193096799549,TRUE,TRUE,0.761499894889185,FALSE
110600,1106000AG,Timolol and brimonidine,0.700647615716117,negbin,NB-LRT,3.9308708226072,0.0049639276544421,0.0928265156649355,,,1569.17421690359,-0.00725734499457516,0.00273039436270832,-0.00582774545311155,0.0016690148426196,TRUE,,0.800036081720396,FALSE,secondary_exploratory,all_eligible_drugs,Treatment of glaucoma,0.405750746864685,FALSE,FALSE,,FALSE
050302,0503021E0,Famciclovir,0.704696894512072,poisson,HAC-Wald,1.2696031528539,0.366121296588805,1.62900490319196e-07,1.16324564394348,FALSE,,-0.0119426974755886,0.00780284087062392,-0.000496808097318472,0.00575758789529236,TRUE,,0.801897950048313,FALSE,secondary_exploratory,all_eligible_drugs,Herpesvirus infections,0.0771200863996355,FALSE,FALSE,,FALSE
110600,1106000AC,Brinzolamide,0.705571399580497,poisson,HAC-Wald,54.5072443132002,1.60127901666262e-10,0.000163773552145696,2.36511098430088,FALSE,,-0.00346362518081739,-0.0027109223470691,-0.003143157595881,-0.000529635650458965,TRUE,,0.801897950048313,FALSE,secondary_exploratory,all_eligible_drugs,Treatment of glaucoma,0.405750746864685,FALSE,FALSE,,FALSE
120302,1203020H0,Miconazole,0.704918974314832,poisson,HAC-Wald,411.12591278193,7.30000288058696e-06,1.71403973681095e-07,1.1068849607542,FALSE,,-0.0122034718197434,-0.0085358543611764,0.00741182480812339,0.0216152328059069,TRUE,,0.801897950048313,FALSE,secondary_exploratory,all_eligible_drugs,Oropharyngeal anti-infective drugs,0.774536571070278,FALSE,FALSE,,FALSE
120304,1203040G0,Hexetidine,0.705071169660987,poisson,Poisson-LRT,1.05997599604677,0.723225599222775,0.674804746649778,,,,0.012316110774581,-0.0261281721703964,0.000636566764955173,0.010916796335994,TRUE,,0.801897950048313,FALSE,secondary_exploratory,all_eligible_drugs,"Mouth-washes, gargles and dentifrices",0.235366949615701,FALSE,FALSE,,FALSE
040201,0402010AI,Lurasidone,0.709306151562483,negbin,NB-LRT,4.83075855495881,2.8659332342807e-05,0.387898110898909,,,1272.61841100226,0.00454576187293877,-0.00804373431812127,0.000778069670788884,0.00367645643066392,TRUE,,0.803472305828557,FALSE,secondary_exploratory,all_eligible_drugs,Antipsychotic drugs,0.00313994020549551,TRUE,TRUE,0.772857385435672,FALSE
110303,1103030W0,Ganciclovir,0.709431399396878,poisson,Poisson-LRT,1.4244160540837,0.197496530324658,0.436030694594482,,,,-0.000771786274343374,0.00813410644084066,0.00135182457422465,0.00581676381041265,TRUE,,0.803472305828557,FALSE,secondary_exploratory,all_eligible_drugs,Antivirals,1.44223095977901e-09,TRUE,TRUE,0.772857385435672,FALSE
130502,1305020S0,Salicylic acid,0.707985936582331,poisson,HAC-Wald,4.64793852433325,1.83940297571126e-06,3.31481596616001e-08,1.71379982758341,FALSE,,0.0532373811050084,-0.0151382169150233,-0.0103422368842799,-0.00981158607309941,TRUE,,0.803472305828557,FALSE,secondary_exploratory,all_eligible_drugs,Preparations for psoriasis,2.00974064079059e-55,TRUE,TRUE,0.772857385435672,FALSE
010402,0104020H0,Co-phenotrope (Diphenox hydrochloride/atropine sulfate),0.718692279496694,negbin,NB-LRT,5.126581239545,0.00531831475101146,0.381411912464951,,,34.2925528966687,0.0601051891418138,0.00272355638356135,0.00894806406180603,-0.0105026227397459,TRUE,,0.808186610493733,FALSE,secondary_exploratory,all_eligible_drugs,Antimotility drugs,2.18265840235112e-06,TRUE,TRUE,0.779076639059019,FALSE
020604,0206040AG,Pentoxifylline,0.717326545526884,negbin,NB-LRT,2.33379815988784,0.0353295708935407,0.889523346820985,,,1505.3031698468,0.00981392379328609,-0.00441181873159029,-0.00360485429908486,-0.00111261748711591,TRUE,,0.808186610493733,FALSE,secondary_exploratory,all_eligible_drugs,Peripheral vasodilators and related drugs,0.844365795596646,FALSE,FALSE,,FALSE
040801,040801020,Valproic acid,0.717619479871213,negbin,NB-LRT,1.94778933391287,0.0223891787640943,0.0525230698664242,,,1834.6016902222,-0.000954975866010845,0.0102091402349048,-0.00448428931417907,0.00209231696126786,TRUE,,0.808186610493733,FALSE,secondary_exploratory,all_eligible_drugs,Control of epilepsy,0.0462428934317855,TRUE,TRUE,0.779076639059019,FALSE
050303,0503031B0,Entecavir,0.718368974079559,poisson,HAC-Wald,1.5700944192708,0.109867296163701,4.70600600220861e-05,3.33120393428013,FALSE,,-0.0218065609900825,0.00972337712769894,0.0175322081904724,0.0197013589062493,TRUE,,0.808186610493733,FALSE,secondary_exploratory,all_eligible_drugs,Viral hepatitis,0.897778377416134,FALSE,FALSE,,FALSE
090605,0906050T0,Tocopheryl acetate,0.717658525553117,poisson,Poisson-LRT,1.4454178054889,0.214919667954234,0.367513167084591,,,,-0.00230524187848417,0.00699969610798859,-0.0116342307008885,0.00396672249563135,TRUE,,0.808186610493733,FALSE,secondary_exploratory,all_eligible_drugs,Vitamin E,0.789571897409945,FALSE,FALSE,,FALSE
110500,1105000S0,Tropicamide,0.719402249792676,poisson,Poisson-LRT,1.19511055150553,0.510230274854713,0.116762128088328,,,,-0.00343283316390927,-0.0288490828281982,0.000410412342550152,0.00543971875016743,TRUE,,0.808186610493733,FALSE,secondary_exploratory,all_eligible_drugs,Mydriatics and cycloplegics,0.951830971572487,FALSE,FALSE,,FALSE
130601,1306010AB,Clindamycin/tretinoin,0.715647582613319,negbin,NB-LRT,99.6364228026395,0.00196187363655612,0.397292705704819,,,50.3578667773922,-0.0108359854715557,0.0236259994078878,0.010196497947762,-0.0314298019232833,TRUE,,0.808186610493733,FALSE,secondary_exploratory,all_eligible_drugs,Topical preparations for acne,0.0462428934317855,TRUE,TRUE,0.778340676627378,FALSE
070201,0702010G0,Estradiol,0.721324568006595,poisson,HAC-Wald,137.891584646843,6.30204712446763e-12,0.0164585824751344,7.22204272832814,FALSE,,-0.000684104434938364,0.000330709332403877,-0.00499530200984024,9.89347333637988e-05,TRUE,,0.809412591288507,FALSE,secondary_exploratory,all_eligible_drugs,Preparations for vaginal and vulval changes,0.380896625937797,FALSE,FALSE,,FALSE
030401,0304010K0,Cyproheptadine hydrochloride,0.722360966743204,poisson,HAC-Wald,4.00372793264127,0.000219128048974191,2.22044604925031e-16,1.65304525827593,FALSE,,0.0647071234640326,0.0142054989759691,-0.0179218416834461,0.00814814249752247,TRUE,,0.809642786660392,FALSE,secondary_exploratory,all_eligible_drugs,Antihistamines,1.95040709693529e-226,TRUE,TRUE,0.78176565150827,FALSE
060701,0607010T0,Quinagolide hydrochloride,0.724407120257046,poisson,HAC-Wald,0.671975274890557,0.999990782402411,0.0183800385481441,3.09906234426549,FALSE,,-0.00365414311644705,0.0065300353908736,0.00767680985309793,-0.00463260571243219,TRUE,,0.811002913942946,FALSE,secondary_exploratory,all_eligible_drugs,Bromocriptine and other dopaminergic drugs,0.545517828547879,FALSE,FALSE,,FALSE
040302,0403020Q0,Tranylcypromine sulfate,0.73245331412296,poisson,Poisson-LRT,0.772309853677029,0.997002061270959,0.479089431500086,,,,0.00287739133356791,0.0143446992700128,-0.00363960108130228,-0.00726938152236978,TRUE,,0.816185479845662,FALSE,secondary_exploratory,all_eligible_drugs,Monoamine-oxidase inhibitors (maois),0.832959518117474,FALSE,FALSE,,FALSE
080103,0801030L0,Mercaptopurine,0.732458207189664,poisson,HAC-Wald,4.01590423526851,0.00055917952502968,0.0219410063801504,6.3304239682292,FALSE,,0.00104537048356007,0.000774198555298141,-0.000940781554392051,0.00417102611274498,TRUE,,0.816185479845662,FALSE,secondary_exploratory,all_eligible_drugs,Antimetabolites,0.769739487426067,FALSE,FALSE,,FALSE
080304,0803042R0,Degarelix,0.733414642634556,negbin,NB-LRT,2.60628143019219,0.018276629053451,0.304628162771266,,,2186.07111012352,-0.00337231152330693,-0.00362404694457286,-0.00111730904112105,-0.00680891585827454,TRUE,,0.816185479845662,FALSE,secondary_exploratory,all_eligible_drugs,Hormone antagonists,0.00341395403142288,TRUE,TRUE,0.789831153606445,FALSE
090605,0906050P0,Vitamin E,0.734064148197946,negbin,NB-LRT,2.41018095768375,0.00170952705238144,0.288270931252309,,,1694.42643337288,0.00351226042091628,0.00412876625548612,-0.000297279016919844,0.00846816292453503,TRUE,,0.816185479845662,FALSE,secondary_exploratory,all_eligible_drugs,Vitamin E,0.789571897409945,FALSE,FALSE,,FALSE
100101,1001010I0,Flurbiprofen,0.732080907701068,poisson,Poisson-LRT,0.504404041346598,0.999999999999688,0.545878297381748,,,,0.00608125458826152,0.00362691646188977,-0.00712919494420447,0.0243023895889183,TRUE,,0.816185479845662,FALSE,secondary_exploratory,all_eligible_drugs,Non-steroidal anti-inflammatory drugs,5.27206392050756e-10,TRUE,TRUE,0.789687274208693,FALSE
110402,1104020AE,Ciclosporin (Eye Anti Inflammatory),0.731946022117152,negbin,NB-LRT,15.6050401230118,0.000227330426754316,0.0527494263762549,,,755.286426845065,-0.0100205707371112,-0.00203413291501768,0.0033368218686007,-0.00328889327154553,TRUE,,0.816185479845662,FALSE,secondary_exploratory,all_eligible_drugs,Other anti-inflammatory preparations,7.18501992677657e-144,TRUE,TRUE,0.789687274208693,FALSE
010200,0102000N0,Hyoscine butylbromide,0.736294859942015,negbin,NB-LRT,196.094143893254,0.00696104619993591,0.312898711546169,,,819.149117565349,0.00358534002640042,0.00749810625329043,-0.00536565115995987,0.00280754647398037,TRUE,,0.816800903853671,FALSE,secondary_exploratory,all_eligible_drugs,Antispasmodics and other drugs altering gut motility,0.0936735611860228,FALSE,FALSE,,FALSE
020505,0205052X0,Valsartan with diuretic,0.735746473169495,negbin,NB-LRT,2.51741188839749,0.0022606956487674,0.0573808758785975,,,3092.2749665703,-0.00357563016462499,-0.00567764994411292,-0.00265080727896197,0.00128316855906563,TRUE,,0.816800903853671,FALSE,secondary_exploratory,all_eligible_drugs,Renin-angiotensin system drugs,0.0166702504942612,TRUE,TRUE,0.791047678669163,FALSE
060401,0604011Q0,Oestrogens conjugated with progestogen,0.738390250543763,negbin,NB-LRT,7.14676100060568,0.0011331246721539,0.55560455463191,,,392.089842798099,0.00656271212025738,-0.00794954915078031,0.00127562058840535,0.0120775285253733,TRUE,,0.818193519942691,FALSE,secondary_exploratory,all_eligible_drugs,Female sex hormones and their modulators,0.000113754559464022,TRUE,TRUE,0.792595081334088,FALSE
060102,0601023Y0,Exenatide,0.74065838304434,poisson,HAC-Wald,67.1625241514921,5.7856072426313e-10,6.88338275267597e-15,2.43680139257826,FALSE,,-0.0149821234103059,-0.0301995493226935,0.0324911518727728,-0.00646376793249967,TRUE,,0.819774164869531,FALSE,secondary_exploratory,all_eligible_drugs,Antidiabetic drugs,0.870182495394554,FALSE,FALSE,,FALSE
080202,0802020G0,Ciclosporin,0.743252267151777,negbin,NB-LRT,2.30101608560631,0.000948626930683331,0.132632642416309,,,3389.48257240985,-0.00357140597331597,-0.000520483370104317,-0.00551265993914044,0.00350781729903699,TRUE,,0.821711360052021,FALSE,secondary_exploratory,all_eligible_drugs,Corticosteroids and other immunosuppressants,0.189539192211055,FALSE,FALSE,,FALSE
030104,0301040R0,Salbutamol,0.744184950057074,poisson,HAC-Wald,19.7363887221722,0.00767534310161555,0.000349619402516765,2.48981824121665,FALSE,,-0.00423727173225691,0.0176438853968621,-0.0365070412296639,-0.00998185517496304,TRUE,,0.821809684076633,FALSE,secondary_exploratory,all_eligible_drugs,Compound bronchodilator preparations,0.00181984286017451,TRUE,TRUE,0.797514164719145,FALSE
091101,0911010T0,Taurine,0.746605735954786,poisson,Poisson-LRT,0.911409027687718,0.962726637517632,0.344374901332954,,,,-0.0206862934587291,0.018416087333788,-0.00273752328903347,0.00979097223638501,TRUE,,0.823549248946729,FALSE,secondary_exploratory,all_eligible_drugs,Amino acids and nutritional agents,0.000970892062721036,TRUE,TRUE,0.798807437818291,FALSE
090501,0905011D0,Calcium carbonate,0.748344143450275,poisson,HAC-Wald,23.8567704086889,5.96385603094368e-06,0.0088958801777409,1.67726942816679,FALSE,,-0.0019742661021834,-0.00346421740727518,-0.00400069510212207,-0.000668441483309812,TRUE,,0.824533026833222,FALSE,secondary_exploratory,all_eligible_drugs,Calcium and magnesium,0.507072588053869,FALSE,FALSE,,FALSE
040901,0409010A0,Apomorphine hydrochloride,0.749553772042302,poisson,Poisson-LRT,1.15546960497232,0.575296926652733,0.468911258017334,,,,-0.00723441911234038,0.00109627992034093,-0.00838250260742279,0.00331899787666245,TRUE,,0.8249326259539,FALSE,secondary_exploratory,all_eligible_drugs,Dopaminergic drugs used in parkinsonism,0.000377505620594641,TRUE,TRUE,0.800659711045186,FALSE
080301,0803010K0,Diethylstilbestrol,0.75614737591685,poisson,HAC-Wald,1.09191246975561,0.72280276953271,0.0352699836127034,1.30056194108379,FALSE,,0.0107663790886604,0.0188767556874654,0.0054493185198178,0.0050085178916861,TRUE,,0.831250049822813,FALSE,secondary_exploratory,all_eligible_drugs,Oestrogens,0.815780047540176,FALSE,FALSE,,FALSE
030101,0301012F0,Ephedrine hydrochloride,0.757821103560062,poisson,Poisson-LRT,1.02371418112969,0.791548276329595,0.319123652064569,,,,-0.0132249223081486,0.00752266079533423,-0.00745208058977814,-0.0113358940452469,TRUE,,0.832150794664601,FALSE,secondary_exploratory,all_eligible_drugs,Adrenoceptor agonists,2.96694404817216e-20,TRUE,TRUE,0.80817874577394,FALSE
130400,1304000N0,Fluocinolone acetonide,0.767874305420972,poisson,HAC-Wald,39.7290189618499,8.45844953045497e-06,0.00123586332248227,0.310067025101822,FALSE,,0.00579919111820424,-0.0121248588726434,-0.00318675690653225,0.0114875011970301,TRUE,,0.842240510675706,FALSE,secondary_exploratory,all_eligible_drugs,Topical corticosteroids,0.000772676262857242,TRUE,TRUE,0.817574907713592,FALSE
060102,0601022B0,Metformin hydrochloride,0.772891553751891,poisson,HAC-Wald,1231.21919708186,1.42121610809694e-08,4.91129377744315e-06,7.20251395101788,FALSE,,-0.0013544206648368,0.000488963792619276,-0.00181455422960586,0.00192559831500562,TRUE,,0.846790071264726,FALSE,secondary_exploratory,all_eligible_drugs,Antidiabetic drugs,0.870182495394554,FALSE,FALSE,,FALSE
110600,1106000P0,Dorzolamide,0.781331081572147,poisson,HAC-Wald,24.4478127070012,1.69192454543943e-07,0.000863914866473192,1.19726651250948,FALSE,,0.00146009165547701,-0.00189206870237244,-0.00148783197263883,0.000837211960179352,TRUE,,0.854115009485152,FALSE,secondary_exploratory,all_eligible_drugs,Treatment of glaucoma,0.405750746864685,FALSE,FALSE,,FALSE
131301,1313010S0,Medicated stockings,0.78056216229293,poisson,HAC-Wald,10.7985906872167,0.00155714586098828,0.00612154314229108,2.98993264399359,FALSE,,-0.0270240843128026,-0.0186624056610509,0.00364344014021667,-0.00303534678015359,TRUE,,0.854115009485152,FALSE,secondary_exploratory,all_eligible_drugs,Medicated stockings,0.832959518117474,FALSE,FALSE,,FALSE
021200,0212000AK,Bempedoic acid,0.784568582961894,poisson,HAC-Wald,15.3105376971836,7.20949753110121e-08,6.27276008913213e-14,1.58067306903759,FALSE,,-0.00101885540789018,0.00986420438441639,0.00342545896498112,0.00800598077706498,TRUE,,0.856692600678121,FALSE,secondary_exploratory,all_eligible_drugs,Lipid-regulating drugs,0.0304008061863522,TRUE,TRUE,0.834000206121044,FALSE
090102,0901020G0,Folic acid,0.788816965666782,negbin,NB-LRT,734.026003426462,1.01124008787756e-09,0.0942122043525967,,,1285.04787429942,-0.00174547292388519,-0.00647433492447839,-0.000782007777250868,-0.00337640440586931,TRUE,,0.860366992787734,FALSE,secondary_exploratory,all_eligible_drugs,Drugs used in megaloblastic anaemias,0.368742866068691,FALSE,FALSE,,FALSE
020604,0206040AE,Naftidrofuryl oxalate,0.794665248580876,negbin,NB-LRT,15.9385047686222,4.18080303421281e-05,0.456438412344456,,,824.100188636434,-0.00357478781936879,-0.00325452455410181,-0.00720880951575649,0.00469878297012712,TRUE,,0.864808885047792,FALSE,secondary_exploratory,all_eligible_drugs,Peripheral vasodilators and related drugs,0.844365795596646,FALSE,FALSE,,FALSE
040202,0402020AB,Paliperidone,0.794567516554817,negbin,NB-LRT,2.22398003649013,0.00559865584089043,0.306268073484806,,,1327.83094841287,0.00158763153617348,0.0103405585327689,-0.00150721544715716,-0.00215854322346312,TRUE,,0.864808885047792,FALSE,secondary_exploratory,all_eligible_drugs,Antipsychotic depot injections,0.000230107269456129,TRUE,TRUE,0.843266815956564,FALSE
021200,0212000L0,Ezetimibe,0.796684459346414,poisson,HAC-Wald,286.645410737242,1.26596280669905e-07,0.0498422807569505,12,TRUE,,0.0024730677151334,0.00195208246482993,0.00163053330925857,-0.000547260009629184,TRUE,,0.86603868683416,FALSE,secondary_exploratory,all_eligible_drugs,Lipid-regulating drugs,0.0304008061863522,TRUE,TRUE,0.844151971416973,FALSE
060401,0604011X0,Raloxifene hydrochloride,0.800335582300168,poisson,HAC-Wald,2.17813778788213,0.016626618384763,0.00729795232420605,0.0394789076988812,FALSE,,-0.00218363654158131,0.00360270353200661,-0.00191870384741662,-0.00104514440867041,TRUE,,0.869037744883349,FALSE,secondary_exploratory,all_eligible_drugs,Female sex hormones and their modulators,0.000113754559464022,TRUE,TRUE,0.846657255873812,FALSE
010101,0101010L0,Aluminium and magnesium and activated simeticone,0.8036238913458,poisson,HAC-Wald,31.5510918799612,4.50564832386759e-09,0,12,TRUE,,0.0312256600175895,0.0382247288413701,0.0259191189715888,0.011586700153393,TRUE,,0.870258422162893,FALSE,secondary_exploratory,all_eligible_drugs,Antacids and simeticone,0.0849006183105911,FALSE,FALSE,,FALSE
020302,0203020X0,Dronedarone hydrochloride,0.805480822579433,poisson,HAC-Wald,1.92865561480213,0.0331016963231224,0.00313042064152436,1.39690238719499,FALSE,,-0.00410072326887552,0.00212109087672214,-0.00413195315619858,0.00254721682557064,TRUE,,0.870258422162893,FALSE,secondary_exploratory,all_eligible_drugs,Drugs for arrhythmias,0.145276570341784,FALSE,FALSE,,FALSE
020400,020400040,Co-tenidone (Atenolol/chlortalidone),0.803065818652007,negbin,NB-LRT,6.13299876981551,3.39942270846373e-07,0.0908812430120136,,,1620.86297928233,-0.0033350598486396,0.00277001064719734,-0.0060364766539706,-0.00118700365496,TRUE,,0.870258422162893,FALSE,secondary_exploratory,all_eligible_drugs,Beta-adrenoceptor blocking drugs,0.0081054061707156,TRUE,TRUE,0.848181875879647,FALSE
040600,0406000L0,Hyoscine hydrobromide,0.806271996626892,poisson,HAC-Wald,27.0609297866218,2.04714978998089e-08,9.31588139962969e-12,3.96739510243931,FALSE,,-0.0184183289747128,0.0105231811329915,-0.00397034890130762,0.0024362136566789,TRUE,,0.870258422162893,FALSE,secondary_exploratory,all_eligible_drugs,Drugs used in nausea and vertigo,4.48078666131178e-09,TRUE,TRUE,0.848843158048792,FALSE
040801,040801050,Topiramate,0.808036380087435,negbin,NB-LRT,74.3390017070278,2.19482361785663e-09,0.295863391514865,,,1580.87152617749,0.0043007577605712,-0.000240715144352272,0.00375676059890632,0.00360521748261939,TRUE,,0.870258422162893,FALSE,secondary_exploratory,all_eligible_drugs,Control of epilepsy,0.0462428934317855,TRUE,TRUE,0.849341754149412,FALSE
040903,0409030R0,Riluzole,0.808408576859822,poisson,HAC-Wald,3.39389550575625,0.000484070538703323,0.00105559956666013,1.99734837447019,FALSE,,0.00276626442240109,0.0118685537538275,0.00252523989141434,0.012807473274243,TRUE,,0.870258422162893,FALSE,secondary_exploratory,all_eligible_drugs,"Essential tremor,chorea,tics and related disorders",0.289865436190808,FALSE,FALSE,,FALSE
041001,0410010D0,Nalmefene,0.806218141661582,poisson,Poisson-LRT,0.727069797255916,0.999880325568557,0.114671362696622,,,,0.00106612023831329,0.00695240882664716,-0.0238198234990326,0.0121032189294086,TRUE,,0.870258422162893,FALSE,secondary_exploratory,all_eligible_drugs,Alcohol dependence,0.0211926509023209,TRUE,TRUE,0.848843158048792,FALSE
060602,0606020T0,Sodium clodronate,0.808607671516857,poisson,Poisson-LRT,0.839654125512225,0.992689547839802,0.478459405369744,,,,-0.000543108869452109,0.00393121568541522,-0.00165919341819649,0.0099081549885419,TRUE,,0.870258422162893,FALSE,secondary_exploratory,all_eligible_drugs,Bisphosphonates and other drugs,0.0694650838455479,FALSE,FALSE,,FALSE
060102,0601023R0,Repaglinide,0.817904901841235,poisson,HAC-Wald,7.10077314793644,0.00103771109793655,0.0122591567107263,2.41617188004377,FALSE,,-0.00383946107958839,-0.0156540454693609,-0.000230115228396374,-0.00525318517072473,TRUE,,0.879292907718944,FALSE,secondary_exploratory,all_eligible_drugs,Antidiabetic drugs,0.870182495394554,FALSE,FALSE,,FALSE
020203,0202030C0,Amiloride hydrochloride,0.821571018958349,poisson,HAC-Wald,5.95574641075566,2.07762804625681e-06,0.000613549754802878,1.68349277388053,FALSE,,-0.00302085450852262,0.000645737517051151,-0.00310321258914844,0.0014052612730274,TRUE,,0.880932785329114,FALSE,secondary_exploratory,all_eligible_drugs,Potassium-sparing diuretics and aldosterone antagonists,0.0219910094935298,TRUE,TRUE,0.862190957694726,FALSE
080100,0801000I0,Calcium folinate,0.821013891339648,poisson,Poisson-LRT,1.27454580154306,0.386836372451561,0.0778082832673351,,,,-0.00442971387607912,0.00578948981382179,-0.004959239468522,0.0145822044740218,TRUE,,0.880932785329114,FALSE,secondary_exploratory,all_eligible_drugs,Drugs for cytotoxic-induced side-effects,0.892852149318202,FALSE,FALSE,,FALSE
110600,1106000AL,Brinzolamide/brimonidine,0.822143636410847,negbin,NB-LRT,24.9923755927803,0.00193093158001548,0.0792565162862228,,,763.450929327021,-0.00314779728206022,0.00633552390979322,-0.00662698018847938,0.000198172184081587,TRUE,,0.880932785329114,FALSE,secondary_exploratory,all_eligible_drugs,Treatment of glaucoma,0.405750746864685,FALSE,FALSE,,FALSE
080202,0802020U0,Sirolimus,0.823840524281171,poisson,Poisson-LRT,0.659206104334901,0.999992595501677,0.391747237865644,,,,0.00996427702251224,0.00552683562804425,0.00366454288130744,0.00703997176137836,TRUE,,0.881037275732861,FALSE,secondary_exploratory,all_eligible_drugs,Corticosteroids and other immunosuppressants,0.189539192211055,FALSE,FALSE,,FALSE
100101,100101080,Aceclofenac,0.824050265084842,poisson,Poisson-LRT,0.797524975904895,0.988376316473702,0.0759087934391617,,,,-0.011288568519449,0.00240413314402899,-0.00614861259441834,-0.0052884865944166,TRUE,,0.881037275732861,FALSE,secondary_exploratory,all_eligible_drugs,Non-steroidal anti-inflammatory drugs,5.27206392050756e-10,TRUE,TRUE,0.863415723608003,FALSE
021200,021200010,Ciprofibrate,0.828247411597016,poisson,HAC-Wald,1.78568154934317,0.0271806996394755,0.00830589226348144,0.101313604007264,FALSE,,0.000258843988411767,0.00225718844823882,-0.00268808385916585,0.00207833183261369,TRUE,,0.884553704929269,FALSE,secondary_exploratory,all_eligible_drugs,Lipid-regulating drugs,0.0304008061863522,TRUE,TRUE,0.866433699254112,FALSE
010304,0103040M0,Misoprostol,0.831748997764157,poisson,Poisson-LRT,0.836547991108356,0.986421087043893,0.657864110591398,,,,-0.0114624151843102,0.00289011604985127,-0.011745331972232,0.000478243993586378,TRUE,,0.886311505880244,FALSE,secondary_exploratory,all_eligible_drugs,Prostaglandin analogues,0.871356092895784,FALSE,FALSE,,FALSE
020801,0208010P0,Heparin flushes,0.832623231910085,poisson,Poisson-LRT,1.69707584978331,0.0740595706243712,0.500155481090752,,,,-0.000360097103448375,0.00785698362819715,-0.00465032629984071,0.00812081317976526,TRUE,,0.886311505880244,FALSE,secondary_exploratory,all_eligible_drugs,Parenteral anticoagulants,0.249371307594594,FALSE,FALSE,,FALSE
021200,0212000Q0,Gemfibrozil,0.831752601088419,poisson,Poisson-LRT,0.92010742927933,0.956597127226115,0.327221950364716,,,,-0.00162235375685098,0.0111264396145608,0.000391596266930867,0.000311884843722351,TRUE,,0.886311505880244,FALSE,secondary_exploratory,all_eligible_drugs,Lipid-regulating drugs,0.0304008061863522,TRUE,TRUE,0.868719383359015,FALSE
040901,0409010AA,Safinamide,0.837994730280678,negbin,NB-LRT,1.89700789276562,0.0372741195388865,0.0506253063351435,,,4926.45668176668,-0.00227788791149641,-0.000388549636885843,-0.00454333373532134,0.00337520219004778,TRUE,,0.890083824747416,FALSE,secondary_exploratory,all_eligible_drugs,Dopaminergic drugs used in parkinsonism,0.000377505620594641,TRUE,TRUE,0.873851874048631,FALSE
090504,090504700,Other selenium preparations,0.837587838347276,poisson,HAC-Wald,2.30404510258747,0.00297857294310254,0.046077673464713,0.819950810933918,FALSE,,0.00611928223792673,0.00449587120391216,-0.00573886685827509,0.00318702523166513,TRUE,,0.890083824747416,FALSE,secondary_exploratory,all_eligible_drugs,Zinc and other minerals,0.954960548417782,FALSE,FALSE,,FALSE
070402,0704020P0,Propiverine hydrochloride,0.839588980852637,poisson,HAC-Wald(NBfail),1.78004138659333,0.0213094638852297,0.0583418731118104,2.80230694033704,FALSE,,0.00252482123544955,0.00435332152736547,-0.000735647554590233,-0.00309404865010975,TRUE,,0.890805737854541,FALSE,secondary_exploratory,all_eligible_drugs,Drugs for urinary frequency enuresis and incontinence,0.102138015457376,FALSE,FALSE,,FALSE
030104,0301040AA,Glycopyrronium/formoterol,0.843618481445628,poisson,HAC-Wald,7.10324332694405,0.000106787606560706,0.00228577972095934,2.98416104760175,FALSE,,0.00416942002583328,0.000511270638952371,1.10788146569566e-05,0.00265839085726279,TRUE,,0.891966999208021,FALSE,secondary_exploratory,all_eligible_drugs,Compound bronchodilator preparations,0.00181984286017451,TRUE,TRUE,0.875553565916756,FALSE
040202,0402020AA,Risperidone,0.845262361672488,negbin,NB-LRT,2.36491389728185,0.00511248543443594,0.0919270037680242,,,703.798904708846,0.00120543166546212,0.005661727904879,0.0112912447891994,0.00307923599922508,TRUE,,0.891966999208021,FALSE,secondary_exploratory,all_eligible_drugs,Antipsychotic depot injections,0.000230107269456129,TRUE,TRUE,0.875878163748814,FALSE
060401,0604011K0,Estradiol valerate,0.843492865414022,negbin,NB-LRT,5.89168515223164,3.49679785911723e-07,0.212126105850744,,,2237.45163148086,-0.000893795876483533,-0.000685489523424886,-0.0035809682694856,0.0045025873566526,TRUE,,0.891966999208021,FALSE,secondary_exploratory,all_eligible_drugs,Female sex hormones and their modulators,0.000113754559464022,TRUE,TRUE,0.875553565916756,FALSE
070402,0704020N0,Tolterodine,0.844375129036639,poisson,HAC-Wald,47.900333427118,3.77946892946735e-10,0.000837337071461719,2.92903682719829,FALSE,,0.00084561553321547,-0.00106457937021128,0.000800591335347054,0.00195147447588796,TRUE,,0.891966999208021,FALSE,secondary_exploratory,all_eligible_drugs,Drugs for urinary frequency enuresis and incontinence,0.102138015457376,FALSE,FALSE,,FALSE
080304,0803043P0,Lanreotide,0.842473848230055,poisson,Poisson-LRT,0.752916990540636,0.994945136767894,0.534140589481071,,,,0.00757483460703867,-0.00111897707052639,0.0104052110301807,0.00872649053205509,TRUE,,0.891966999208021,FALSE,secondary_exploratory,all_eligible_drugs,Hormone antagonists,0.00341395403142288,TRUE,TRUE,0.875553565916756,FALSE
040302,0403020K0,Moclobemide,0.846715512848819,poisson,Poisson-LRT,1.75099280388512,0.0726725911469172,0.108077304432024,,,,-0.00364352269047986,0.00532709439480379,0.00648226947131878,-0.00132104375173527,TRUE,,0.89253345185579,FALSE,secondary_exploratory,all_eligible_drugs,Monoamine-oxidase inhibitors (maois),0.832959518117474,FALSE,FALSE,,FALSE
030101,0301011Z0,Olodaterol,0.853316633811244,poisson,Poisson-LRT,0.77518081112907,0.998755878321684,0.732314700174319,,,,-0.0151286723033661,-0.00999710759493367,-0.00162503548939834,0.00494489028803023,TRUE,,0.898519352791515,FALSE,secondary_exploratory,all_eligible_drugs,Adrenoceptor agonists,2.96694404817216e-20,TRUE,TRUE,0.882833875861318,FALSE
020501,0205010Y0,Sildenafil(Vasodilator Antihypertensive),0.858976992529857,poisson,Poisson-LRT,0.495279134172348,0.999999999999707,0.558551229102457,,,,0.00599351200471151,0.0112350086055308,-0.00128060285968358,0.00573822692019324,TRUE,,0.902710648642567,FALSE,secondary_exploratory,all_eligible_drugs,Vasodilator antihypertensive drugs,0.164794925639792,FALSE,FALSE,,FALSE
110600,1106000AE,Travoprost,0.859150689211149,negbin,NB-LRT,25.0681686141784,0.000764069723525221,0.0566689121033485,,,1184.52780515075,0.00394244685108922,0.00481542218796195,0.00278362271952053,0.00190800790161139,TRUE,,0.902710648642567,FALSE,secondary_exploratory,all_eligible_drugs,Treatment of glaucoma,0.405750746864685,FALSE,FALSE,,FALSE
040201,0402010D0,Chlorpromazine hydrochloride,0.860624619397087,poisson,HAC-Wald,9.52009078503088,1.1638356667691e-06,7.77719325162352e-07,4.5087636171573,FALSE,,-0.00269629270700996,0.00166300403859277,0.000265860585900509,0.00105432174627109,TRUE,,0.90328489147927,FALSE,secondary_exploratory,all_eligible_drugs,Antipsychotic drugs,0.00313994020549551,TRUE,TRUE,0.888996859596991,FALSE
020505,0205051U0,Trandolapril,0.864078926938493,poisson,HAC-Wald,40.3683450273089,4.00465090516534e-05,0,0.971751490117953,FALSE,,-0.0199691226756133,-0.0468682678282749,0.00306038629644624,-0.00673176485216181,TRUE,,0.905934203270283,FALSE,secondary_exploratory,all_eligible_drugs,Renin-angiotensin system drugs,0.0166702504942612,TRUE,TRUE,0.891166040635625,FALSE
060102,0601023AQ,Dulaglutide,0.869470493851385,poisson,HAC-Wald,306.230069580374,1.72584467987302e-08,0,10.8383806249114,FALSE,,-0.016017412889865,0.00140421935253944,-0.0053832963506213,-0.00342593737541318,TRUE,,0.91060673227016,FALSE,secondary_exploratory,all_eligible_drugs,Antidiabetic drugs,0.870182495394554,FALSE,FALSE,,FALSE
060401,0604011J0,Estradiol and estriol with progestogen,0.875018076042807,poisson,Poisson-LRT,1.18129464601784,0.531917590173514,0.319687346835184,,,,0.0101001399183391,0.000339569857860366,0.0085019903271084,-0.00103183960366606,TRUE,,0.915432444753699,FALSE,secondary_exploratory,all_eligible_drugs,Female sex hormones and their modulators,0.000113754559464022,TRUE,TRUE,0.901035827912624,FALSE
040702,0407020M0,Methadone hydrochloride,0.881322825470119,poisson,HAC-Wald,115.525841038125,3.77150206007101e-08,0,0.400405813790427,FALSE,,0.035127218068961,-0.0160679889311511,0.0232632156862403,0.00283627389683638,TRUE,,0.920074600955095,FALSE,secondary_exploratory,all_eligible_drugs,Opioid analgesics,0.272633294918465,FALSE,FALSE,,FALSE
110500,1105000E0,Cyclopentolate hydrochloride,0.881344561284501,negbin,NB-LRT,2.06317252713622,0.0448124871190891,0.206740989890252,,,1770.58303188008,0.00803817017720979,0.0023620141762716,-0.000798753435950681,0.000269180322257856,TRUE,,0.920074600955095,FALSE,secondary_exploratory,all_eligible_drugs,Mydriatics and cycloplegics,0.951830971572487,FALSE,FALSE,,FALSE
060102,0601023AK,Alogliptin,0.882973906579814,poisson,HAC-Wald,81.0868359961768,2.09561043408559e-10,0.000239536836924903,4.21984980878484,FALSE,,-0.00115236091263061,0.00176142040377769,-0.000744195964372489,0.000867870248995331,TRUE,,0.920788634912996,FALSE,secondary_exploratory,all_eligible_drugs,Antidiabetic drugs,0.870182495394554,FALSE,FALSE,,FALSE
010101,0101010N0,Aluminium and magnesium and oxetacaine,0.886768092613832,poisson,Poisson-LRT,1.18304977365232,0.531277855268569,0.483214113330532,,,,0.00641816953590814,0.01254170607709,0.00455946682965118,-0.00407936387749864,TRUE,,0.923756280434088,FALSE,secondary_exploratory,all_eligible_drugs,Antacids and simeticone,0.0849006183105911,FALSE,FALSE,,FALSE
021200,0212000AL,Bempedoic acid/Ezetimibe,0.891962136676074,poisson,HAC-Wald,61.5339952814233,1.20817047850268e-09,0,1.48600885631,FALSE,,0.00849002403613454,0.00996887218196164,0.00450057622933038,0.00552137419003593,TRUE,,0.927706085900345,FALSE,secondary_exploratory,all_eligible_drugs,Lipid-regulating drugs,0.0304008061863522,TRUE,TRUE,0.916370085766343,FALSE
040801,0408010AG,Stiripentol,0.892694870784538,poisson,Poisson-LRT,0.948416848245299,0.906668718702645,0.222438388294801,,,,0.000136741279918321,-0.00308374868047221,0.011882832415627,0.0062117893441238,TRUE,,0.927706085900345,FALSE,secondary_exploratory,all_eligible_drugs,Control of epilepsy,0.0462428934317855,TRUE,TRUE,0.916370085766343,FALSE
070402,0704020AC,Darifenacin hydrobromide,0.894292159534754,poisson,HAC-Wald,5.15623572136451,1.15474357347674e-06,1.37627466775259e-05,8.4997748872471,FALSE,,0.000759882360533737,0.000150162757785493,-0.0019016970646584,0.00220564977966754,TRUE,,0.927706085900345,FALSE,secondary_exploratory,all_eligible_drugs,Drugs for urinary frequency enuresis and incontinence,0.102138015457376,FALSE,FALSE,,FALSE
090602,090602800,Other vitamin B preparations,0.894369624908033,poisson,Poisson-LRT,1.45553565854293,0.134365241365946,0.119709046571199,,,,0.0135952338653346,-0.00425786950011276,0.00745109375321243,0.00438515536760645,TRUE,,0.927706085900345,FALSE,secondary_exploratory,all_eligible_drugs,Vitamin B group,0.0224467549907545,TRUE,TRUE,0.916659210575522,FALSE
090801,0908010C0,Levocarnitine,0.905825511004379,poisson,HAC-Wald,7.93542003826357,1.81045132657771e-05,2.63966626334877e-12,1.93559433985101,FALSE,,-0.0303299909370943,0.0486040295320738,-0.0219656836140071,0.00350366747595249,TRUE,,0.938589412466239,FALSE,secondary_exploratory,all_eligible_drugs,Drugs used in metabolic disorders,0.764859447354077,FALSE,FALSE,,FALSE
110801,1108010N0,Paraffin soft yellow,0.907085763346716,poisson,HAC-Wald,22.1106044461663,4.85326945815907e-09,0,5.4958772915448,FALSE,,0.0448328538883635,-0.0160710136358557,-0.0017007437224041,0.00117642341435632,TRUE,,0.938896422422637,FALSE,secondary_exploratory,all_eligible_drugs,"Tear deficiency, eye lubricant and astringent",0.402879512529337,FALSE,FALSE,,FALSE
040600,0406000V0,Promethazine teoclate,0.910437295307488,poisson,HAC-Wald,4.93610351920444,8.44855666947425e-05,0.0448106739854078,2.35262471351763,FALSE,,-0.0054680946959364,0.00664507185177383,0.00467428814583098,-0.00431950625141171,TRUE,,0.940682370404392,FALSE,secondary_exploratory,all_eligible_drugs,Drugs used in nausea and vertigo,4.48078666131178e-09,TRUE,TRUE,0.931676112460851,FALSE
060102,0601023A0,Acarbose,0.910742787773452,poisson,HAC-Wald,3.20974635274064,0.000420819429519738,0.000219736727713915,4.20830954159051,FALSE,,-0.00283347248189358,0.00470139165608521,-0.00831979429275261,0.00364699116762925,TRUE,,0.940682370404392,FALSE,secondary_exploratory,all_eligible_drugs,Antidiabetic drugs,0.870182495394554,FALSE,FALSE,,FALSE
130202,1302020E0,Zinc oxide,0.912968518032867,poisson,HAC-Wald,12.2677305758061,1.81539483883216e-06,0.033483294218035,1.71548093422613,FALSE,,-0.0022846603388819,-0.00773820218979518,-0.00153462924947912,0.000509651074047773,TRUE,,0.941982348055098,FALSE,secondary_exploratory,all_eligible_drugs,Barrier preparations,0.637619953574516,FALSE,FALSE,,FALSE
050203,0502030B0,Nystatin,0.920655795880009,negbin,NB-LRT,329.775313459236,0.0158366337050969,0.216476674644327,,,194.201594366891,0.000994453164133411,0.00937625737064301,0.010270431344616,-0.00322274563914371,TRUE,,0.948908725065745,FALSE,secondary_exploratory,all_eligible_drugs,Polyene antifungals,0.94640537676066,FALSE,FALSE,,FALSE
040704,0407041A0,Analgesics with anti-emetics,0.924325640610902,negbin,NB-LRT,9.97848264675808,3.56822277683386e-06,0.0528563224182871,,,892.019965247846,0.00363227933593056,-0.00240101002997817,-0.00350117464035876,-0.00434601319108418,TRUE,,0.951684116231521,FALSE,secondary_exploratory,all_eligible_drugs,Antimigraine drugs,0.745226127019671,FALSE,FALSE,,FALSE
131005,1310050M0,Magnesium sulfate,0.930403771674082,poisson,HAC-Wald,8.56947044207283,7.56186779041438e-07,2.78720158064516e-10,2.3306039567422,FALSE,,0.0106655333352571,0.0117567296087891,-0.0131010297196106,-0.0126426484874991,TRUE,,0.956930595153702,FALSE,secondary_exploratory,all_eligible_drugs,Preparations for minor cuts and abrasions,0.169535003759075,FALSE,FALSE,,FALSE
020202,0202020U0,Torasemide,0.932805298342292,poisson,Poisson-LRT,1.60391459362387,0.123600298378447,0.720502972506244,,,,-0.00432312269171775,0.00171340545891941,0.00164777880331125,-0.0024339473586927,TRUE,,0.957392849762484,FALSE,secondary_exploratory,all_eligible_drugs,Loop diuretics,1.23408769764989e-38,TRUE,TRUE,0.953083674393212,FALSE
080302,0803020L0,Megestrol acetate,0.932819111318888,poisson,HAC-Wald,9.78152187455114,0.000124961228356423,0.00208900813573543,4.07558481732773,FALSE,,-0.0319277229265542,0.0373647890649707,0.00507346042027634,0.00479265578632049,TRUE,,0.957392849762484,FALSE,secondary_exploratory,all_eligible_drugs,Progestogens,0.954033231010769,FALSE,FALSE,,FALSE
010301,0103010D0,Cimetidine,0.943778709252957,poisson,HAC-Wald,7.39540383566587,0.00111642094519205,0.00149273869545596,3.91460579554872,FALSE,,0.000511583254634545,0.00145000893594262,0.000234456560905371,0.00204271800159522,TRUE,,0.967621539802505,FALSE,secondary_exploratory,all_eligible_drugs,H2-receptor antagonists,5.45997117848395e-06,TRUE,TRUE,0.96280060571852,FALSE
130502,1305020A0,Acitretin,0.945989809081236,poisson,Poisson-LRT,1.75587944206831,0.0602503090044146,0.674771598535505,,,,0.00182996845639752,-0.000787113930397214,-0.00453298643116116,0.00470502087727763,TRUE,,0.968868637271424,FALSE,secondary_exploratory,all_eligible_drugs,Preparations for psoriasis,2.00974064079059e-55,TRUE,TRUE,0.9635623751942,FALSE
090502,0905022U0,Calcium acetate/magnesium carbonate,0.94806804475209,poisson,HAC-Wald,33.9212684471366,1.97624109861009e-07,0,5.75930264308958,FALSE,,0.0469834071214008,0.00321183431465146,-0.00674680312484401,-0.000101670687471484,TRUE,,0.969977180240058,FALSE,secondary_exploratory,all_eligible_drugs,Phosphorus,0.016540956368645,TRUE,TRUE,0.964186666842157,FALSE
090505,0905050A0,Selenium,0.949293089415894,poisson,Poisson-LRT,0.814546701152114,0.99232159062322,0.123978350960822,,,,-0.00295655640990581,0.0112358696905081,-0.0085823462106925,0.00931762951384162,TRUE,,0.970211405132298,FALSE,secondary_exploratory,all_eligible_drugs,Selenium,0.954033231010769,FALSE,FALSE,,FALSE
010200,0102000J0,Dicycloverine hydrochloride,0.950323009222466,poisson,HAC-Wald(NBfail),1.83450618041975,0.0322676346250834,0.150450461702009,3.48729690014791,FALSE,,0.00285804009199356,-0.00271226833266324,0.00131786016532302,-0.00387474298623149,TRUE,,0.97024592346193,FALSE,secondary_exploratory,all_eligible_drugs,Antispasmodics and other drugs altering gut motility,0.0936735611860228,FALSE,FALSE,,FALSE
010101,0101010I0,Magnesium oxide,0.951848002991785,poisson,Poisson-LRT,1.35772541344752,0.300815101986306,0.136128051877158,,,,0.00865999356401532,0.000252491210567047,0.00362033354053627,-0.00103710174552401,TRUE,,0.970785293103664,FALSE,secondary_exploratory,all_eligible_drugs,Antacids and simeticone,0.0849006183105911,FALSE,FALSE,,FALSE
020302,0203020D0,Amiodarone hydrochloride,0.955756452836783,negbin,NB-LRT,36.4964330824258,0.00104129358646783,0.403562946893061,,,1162.80546354126,-0.00112028551294804,0.00397237659225995,0.00115740567905512,0.00261300568418732,TRUE,,0.972263916132935,FALSE,secondary_exploratory,all_eligible_drugs,Drugs for arrhythmias,0.145276570341784,FALSE,FALSE,,FALSE
030200,0302000W0,Mometasone/glycopyrronium/indacaterol,0.957290652537458,poisson,HAC-Wald,8.07201876926145,0.00503119298860437,8.88907975005182e-07,1.62765746177691,FALSE,,-0.00378737952651128,0.00395101974757101,0.00485607817882938,-0.00330558814084851,TRUE,,0.972263916132935,FALSE,secondary_exploratory,all_eligible_drugs,Corticosteroids (respiratory),5.7573277320653e-30,TRUE,TRUE,0.969072691337919,FALSE
060302,0603020L0,Hydrocortisone sodium phosphate,0.954933414760599,poisson,HAC-Wald,63.5734101827673,5.14223573351201e-05,1.99151806157261e-12,0.896740692271544,FALSE,,-0.0618312941392986,-0.0126186607272979,0.0387235375951301,-0.0319589949219838,TRUE,,0.972263916132935,FALSE,secondary_exploratory,all_eligible_drugs,Glucocorticoid therapy,7.99962161406946e-42,TRUE,TRUE,0.969072691337919,FALSE
130201,1302010Y0,Wool alcohols,0.95694224476156,poisson,HAC-Wald,12.6346710520915,1.95082133147628e-07,3.77455690747652e-06,0.312056682490508,FALSE,,-0.0275758188791283,0.00898373645142997,-0.0013959133546274,0.0336391087599047,TRUE,,0.972263916132935,FALSE,secondary_exploratory,all_eligible_drugs,Emollients,4.56697434699239e-18,TRUE,TRUE,0.969072691337919,FALSE
010605,0106050S0,Sodium picosulfate,0.958725527692556,negbin,NB-LRT,2.130065142283,0.0111595205385542,0.190741003940512,,,888.09067926828,0.00239711067469791,0.00787984894310497,7.23106827507969e-05,0.00106346741681933,TRUE,,0.972706941638073,FALSE,secondary_exploratory,all_eligible_drugs,Bowel cleansing preparations,0.169064721999555,FALSE,FALSE,,FALSE
020505,0205052Y0,Olmesartan medoxomil/hydrochlorothiazide,0.960713545141759,poisson,Poisson-LRT,1.2872637887345,0.355089145391986,0.0706300383546986,,,,0.00363270066872726,-0.00262903338405823,0.000275344913703781,0.00229151872195232,TRUE,,0.973709670102054,FALSE,secondary_exploratory,all_eligible_drugs,Renin-angiotensin system drugs,0.0166702504942612,TRUE,TRUE,0.971043798315326,FALSE
010200,0102000AJ,Alverine citrate/simeticone,0.972562338643549,poisson,HAC-Wald,3.48275929129771,1.02036300164034e-05,0.000223359310728588,2.57687805200321,FALSE,,-0.0152127530802031,-0.013864161269527,-0.00492672773668154,-0.00923176471998906,TRUE,,0.979820143640123,FALSE,secondary_exploratory,all_eligible_drugs,Antispasmodics and other drugs altering gut motility,0.0936735611860228,FALSE,FALSE,,FALSE
020505,0205051H0,Enalapril maleate with diuretic,0.971732632838269,poisson,HAC-Wald,1.1430107955645,0.607968698304147,0.0375684762523949,3.85864342678677,FALSE,,0.000610221571670511,0.00388190924903318,6.51650818965757e-05,-0.000333101257225534,TRUE,,0.979820143640123,FALSE,secondary_exploratory,all_eligible_drugs,Renin-angiotensin system drugs,0.0166702504942612,TRUE,TRUE,0.977233788291298,FALSE
020505,0205052AC,Olmesartan medoxomil/amlodipine/hydrochlorothiazide,0.972778315092402,poisson,Poisson-LRT,0.83145570172311,0.99125987926732,0.368426828652168,,,,-0.00338250161424992,0.00157178065607952,0.00154787011546483,0.00230953790675257,TRUE,,0.979820143640123,FALSE,secondary_exploratory,all_eligible_drugs,Renin-angiotensin system drugs,0.0166702504942612,TRUE,TRUE,0.977233788291298,FALSE
040203,0402030P0,Lithium citrate,0.96799424226804,poisson,HAC-Wald,1.48921583987017,0.134148987450255,0.015671869771188,2.27560652813326,FALSE,,0.00319069536014193,-0.00407176321882802,-0.0030606408961247,-0.000196592930032006,TRUE,,0.979820143640123,FALSE,secondary_exploratory,all_eligible_drugs,Drugs used for mania and hypomania,0.0342362206094809,TRUE,TRUE,0.976902164742899,FALSE
060102,0601023AJ,Alogliptin/metformin,0.969348216919453,poisson,HAC-Wald,4.37811607914101,0.000113431829614271,5.80201202977637e-05,1.802421170253,FALSE,,-0.000675977392918499,0.00142965474971253,0.000198587148672382,0.00313900308003736,TRUE,,0.979820143640123,FALSE,secondary_exploratory,all_eligible_drugs,Antidiabetic drugs,0.870182495394554,FALSE,FALSE,,FALSE
080304,0803042A0,Bicalutamide,0.970483270929065,negbin,NB-LRT,10.556007356679,1.73087487553257e-07,0.106592935965265,,,1980.57989418771,0.00351503189773947,0.000105450230282643,0.000727569859836326,0.000892766653245247,TRUE,,0.979820143640123,FALSE,secondary_exploratory,all_eligible_drugs,Hormone antagonists,0.00341395403142288,TRUE,TRUE,0.977233788291298,FALSE
040201,0402010P0,Pericyazine,0.97801459397469,negbin,NB-LRT,5.52787672117876,8.77167116662561e-05,0.14739763744176,,,1282.25455259364,-0.00051155051797145,-0.00183380055928453,-0.000829779030396758,-0.00379614223246779,TRUE,,0.983833277923812,FALSE,secondary_exploratory,all_eligible_drugs,Antipsychotic drugs,0.00313994020549551,TRUE,TRUE,0.980996345785588,FALSE
130202,1302020D0,Dimeticone (Barrier),0.978782799084367,poisson,HAC-Wald,614.597926345076,4.33579750706791e-10,0,7.48253311581053,FALSE,,0.0170314161295504,0.0247527872910856,0.00350326864117644,-0.00243224576604958,TRUE,,0.983833277923812,FALSE,secondary_exploratory,all_eligible_drugs,Barrier preparations,0.637619953574516,FALSE,FALSE,,FALSE
060102,0601023B0,Pioglitazone hydrochloride,0.983102073972721,poisson,HAC-Wald,27.977995193715,1.78958014285221e-08,0.00249382554432731,0.394498196689419,FALSE,,0.000876828405570467,-0.00207075571640043,-0.0022589218702673,0.00107972326025873,TRUE,,0.987156103143743,FALSE,secondary_exploratory,all_eligible_drugs,Antidiabetic drugs,0.870182495394554,FALSE,FALSE,,FALSE
100202,1002020T0,Tizanidine hydrochloride,0.989778730555327,negbin,NB-LRT,6.54191103183709,9.37807726858179e-07,0.269903239516324,,,1936.02302731491,-0.00263979644285351,0.000735664687622846,-0.00096937547812832,0.00070661989064522,TRUE,,0.992836749290307,FALSE,secondary_exploratory,all_eligible_drugs,Skeletal muscle relaxants,0.108400217093321,FALSE,FALSE,,FALSE
040901,0409010Y0,Rasagiline mesilate,0.991009438254388,poisson,HAC-Wald,14.6923466981671,1.9570682006833e-08,0.0182079536064286,2.7315029905639,FALSE,,-0.00267418512037016,0.00217050108105452,-0.0021545518144958,0.000433308929839685,TRUE,,0.99304855232487,FALSE,secondary_exploratory,all_eligible_drugs,Dopaminergic drugs used in parkinsonism,0.000377505620594641,TRUE,TRUE,0.992517824005155,FALSE
060201,0602010Z0,Levothyroxine sodium and liothyronine,0.995339057521407,poisson,HAC-Wald,5.56507551462854,0.00238994278641143,0.00159837578509214,2.06434202204491,FALSE,,0.00652655893623448,0.00559276775822026,0.00544207642676729,0.00944866507743284,TRUE,,0.996362016470555,FALSE,secondary_exploratory,all_eligible_drugs,Thyroid hormones,0.499494593018627,FALSE,FALSE,,FALSE
131001,1310012Q0,Sodium fusidate,0.996896892805615,negbin,NB-LRT,7.7505399377704,1.75730289952366e-06,0.630395473682119,,,380.279466530888,0.00222914540956377,0.00342453096772447,-0.000964902810676686,0.00190295407786143,TRUE,,0.996896892805615,FALSE,secondary_exploratory,all_eligible_drugs,Antibacterial preparations,0.0117193096799549,TRUE,TRUE,0.996896892805615,FALSE
