"source_id","dataset_role","analysis_scope","publisher","dataset_title","source_period","canonical_url","licence","source_access_date","source_access_date_status","provenance_recorded_date","local_path","authoritative_file","file_format","file_size_bytes","sha256","file_modified_utc","archive_member","archive_uncompressed_bytes","extracted_path","extracted_size_bytes","extracted_size_matches_archive","schema_variant","row_count","row_count_status","column_count","columns","declared_grain","candidate_key","duplicate_key_count","missing_key_count","minimum_date","maximum_date","measure_total","notes"
"EPD_202101","monthly prescribing source archive","descriptive 2021 window assessment only","NHS Business Services Authority","English Prescribing Dataset (EPD) with SNOMED Code","202101","https://opendata.nhsbsa.net/dataset/english-prescribing-dataset-epd-with-snomed-code","Open Government Licence 3.0",,"not recorded contemporaneously; local archive modification/copy time retained","2026-08-05","data/epd/EPD_SNOMED_202101.ZIP","yes - SHA-256 is for the source ZIP archive","ZIP containing one CSV","625588978","12e5dd48cf88cad4304947d2d7f0b143db9941ed214f42599cb56a996a1e510a","2026-07-17T20:52:35Z","EPD_SNOMED_202101.csv","6487610676","data/epd/EPD_SNOMED_202101.csv","6487610676","TRUE","legacy_through_202502",,"deferred to Stage 2 raw import to avoid a separate 300+ GB scan","27","YEAR_MONTH;REGIONAL_OFFICE_NAME;REGIONAL_OFFICE_CODE;STP_NAME;STP_CODE;PCO_NAME;PCO_CODE;PRACTICE_NAME;PRACTICE_CODE;ADDRESS_1;ADDRESS_2;ADDRESS_3;ADDRESS_4;POSTCODE;BNF_CHEMICAL_SUBSTANCE;CHEMICAL_SUBSTANCE_BNF_DESCR;BNF_CODE;BNF_DESCRIPTION;BNF_CHAPTER_PLUS_CODE;QUANTITY;ITEMS;TOTAL_QUANTITY;ADQUSAGE;NIC;ACTUAL_COST;UNIDENTIFIED;SNOMED_CODE","published EPD record; expected practice/presentation/month grain, to be verified in Stage 2","YEAR_MONTH + PRACTICE_CODE + presentation code (candidate; verify in Stage 2)",,,"202101","202101",,"Archive member name/size matches extracted CSV. The canonical analysis should consume the hashed archive directly, or independently verify the extracted content before use."
"EPD_202102","monthly prescribing source archive","descriptive 2021 window assessment only","NHS Business Services Authority","English Prescribing Dataset (EPD) with SNOMED Code","202102","https://opendata.nhsbsa.net/dataset/english-prescribing-dataset-epd-with-snomed-code","Open Government Licence 3.0",,"not recorded contemporaneously; local archive modification/copy time retained","2026-08-05","data/epd/EPD_SNOMED_202102.ZIP","yes - SHA-256 is for the source ZIP archive","ZIP containing one CSV","609582420","49342936176d70867c2942e19d660de8f5e981cac6cfb2c3686d1b51c1ddbd31","2026-07-17T20:56:13Z","EPD_SNOMED_202102.csv","6317101619","data/epd/EPD_SNOMED_202102.csv","6317101619","TRUE","legacy_through_202502",,"deferred to Stage 2 raw import to avoid a separate 300+ GB scan","27","YEAR_MONTH;REGIONAL_OFFICE_NAME;REGIONAL_OFFICE_CODE;STP_NAME;STP_CODE;PCO_NAME;PCO_CODE;PRACTICE_NAME;PRACTICE_CODE;ADDRESS_1;ADDRESS_2;ADDRESS_3;ADDRESS_4;POSTCODE;BNF_CHEMICAL_SUBSTANCE;CHEMICAL_SUBSTANCE_BNF_DESCR;BNF_CODE;BNF_DESCRIPTION;BNF_CHAPTER_PLUS_CODE;QUANTITY;ITEMS;TOTAL_QUANTITY;ADQUSAGE;NIC;ACTUAL_COST;UNIDENTIFIED;SNOMED_CODE","published EPD record; expected practice/presentation/month grain, to be verified in Stage 2","YEAR_MONTH + PRACTICE_CODE + presentation code (candidate; verify in Stage 2)",,,"202102","202102",,"Archive member name/size matches extracted CSV. The canonical analysis should consume the hashed archive directly, or independently verify the extracted content before use."
"EPD_202103","monthly prescribing source archive","descriptive 2021 window assessment only","NHS Business Services Authority","English Prescribing Dataset (EPD) with SNOMED Code","202103","https://opendata.nhsbsa.net/dataset/english-prescribing-dataset-epd-with-snomed-code","Open Government Licence 3.0",,"not recorded contemporaneously; local archive modification/copy time retained","2026-08-05","data/epd/EPD_SNOMED_202103.ZIP","yes - SHA-256 is for the source ZIP archive","ZIP containing one CSV","637759542","3c46668157bd0a7848f5fd21c0f18afd9e7dc555e625e92a5673b1526de1f8ba","2026-07-17T20:57:36Z","EPD_SNOMED_202103.csv","6617587279","data/epd/EPD_SNOMED_202103.csv","6617587279","TRUE","legacy_through_202502",,"deferred to Stage 2 raw import to avoid a separate 300+ GB scan","27","YEAR_MONTH;REGIONAL_OFFICE_NAME;REGIONAL_OFFICE_CODE;STP_NAME;STP_CODE;PCO_NAME;PCO_CODE;PRACTICE_NAME;PRACTICE_CODE;ADDRESS_1;ADDRESS_2;ADDRESS_3;ADDRESS_4;POSTCODE;BNF_CHEMICAL_SUBSTANCE;CHEMICAL_SUBSTANCE_BNF_DESCR;BNF_CODE;BNF_DESCRIPTION;BNF_CHAPTER_PLUS_CODE;QUANTITY;ITEMS;TOTAL_QUANTITY;ADQUSAGE;NIC;ACTUAL_COST;UNIDENTIFIED;SNOMED_CODE","published EPD record; expected practice/presentation/month grain, to be verified in Stage 2","YEAR_MONTH + PRACTICE_CODE + presentation code (candidate; verify in Stage 2)",,,"202103","202103",,"Archive member name/size matches extracted CSV. The canonical analysis should consume the hashed archive directly, or independently verify the extracted content before use."
"EPD_202104","monthly prescribing source archive","descriptive 2021 window assessment only","NHS Business Services Authority","English Prescribing Dataset (EPD) with SNOMED Code","202104","https://opendata.nhsbsa.net/dataset/english-prescribing-dataset-epd-with-snomed-code","Open Government Licence 3.0",,"not recorded contemporaneously; local archive modification/copy time retained","2026-08-05","data/epd/EPD_SNOMED_202104.ZIP","yes - SHA-256 is for the source ZIP archive","ZIP containing one CSV","632103857","5943385ad4501106fa3e9498f5a04c7cfc167c2fd5da7b53682ab6270286d4f0","2026-07-17T20:59:15Z","EPD_SNOMED_202104.csv","6582203870","data/epd/EPD_SNOMED_202104.csv","6582203870","TRUE","legacy_through_202502",,"deferred to Stage 2 raw import to avoid a separate 300+ GB scan","27","YEAR_MONTH;REGIONAL_OFFICE_NAME;REGIONAL_OFFICE_CODE;STP_NAME;STP_CODE;PCO_NAME;PCO_CODE;PRACTICE_NAME;PRACTICE_CODE;ADDRESS_1;ADDRESS_2;ADDRESS_3;ADDRESS_4;POSTCODE;BNF_CHEMICAL_SUBSTANCE;CHEMICAL_SUBSTANCE_BNF_DESCR;BNF_CODE;BNF_DESCRIPTION;BNF_CHAPTER_PLUS_CODE;QUANTITY;ITEMS;TOTAL_QUANTITY;ADQUSAGE;NIC;ACTUAL_COST;UNIDENTIFIED;SNOMED_CODE","published EPD record; expected practice/presentation/month grain, to be verified in Stage 2","YEAR_MONTH + PRACTICE_CODE + presentation code (candidate; verify in Stage 2)",,,"202104","202104",,"Archive member name/size matches extracted CSV. The canonical analysis should consume the hashed archive directly, or independently verify the extracted content before use."
"EPD_202105","monthly prescribing source archive","descriptive 2021 window assessment only","NHS Business Services Authority","English Prescribing Dataset (EPD) with SNOMED Code","202105","https://opendata.nhsbsa.net/dataset/english-prescribing-dataset-epd-with-snomed-code","Open Government Licence 3.0",,"not recorded contemporaneously; local archive modification/copy time retained","2026-08-05","data/epd/EPD_SNOMED_202105.ZIP","yes - SHA-256 is for the source ZIP archive","ZIP containing one CSV","623789273","3722165efd715d6afe15482a24052cc79ab82f654ebc32de5efcdaeca7a1a4b8","2026-07-17T20:55:37Z","EPD_SNOMED_202105.csv","6502137963","data/epd/EPD_SNOMED_202105.csv","6502137963","TRUE","legacy_through_202502",,"deferred to Stage 2 raw import to avoid a separate 300+ GB scan","27","YEAR_MONTH;REGIONAL_OFFICE_NAME;REGIONAL_OFFICE_CODE;STP_NAME;STP_CODE;PCO_NAME;PCO_CODE;PRACTICE_NAME;PRACTICE_CODE;ADDRESS_1;ADDRESS_2;ADDRESS_3;ADDRESS_4;POSTCODE;BNF_CHEMICAL_SUBSTANCE;CHEMICAL_SUBSTANCE_BNF_DESCR;BNF_CODE;BNF_DESCRIPTION;BNF_CHAPTER_PLUS_CODE;QUANTITY;ITEMS;TOTAL_QUANTITY;ADQUSAGE;NIC;ACTUAL_COST;UNIDENTIFIED;SNOMED_CODE","published EPD record; expected practice/presentation/month grain, to be verified in Stage 2","YEAR_MONTH + PRACTICE_CODE + presentation code (candidate; verify in Stage 2)",,,"202105","202105",,"Archive member name/size matches extracted CSV. The canonical analysis should consume the hashed archive directly, or independently verify the extracted content before use."
"EPD_202106","monthly prescribing source archive","descriptive 2021 window assessment only","NHS Business Services Authority","English Prescribing Dataset (EPD) with SNOMED Code","202106","https://opendata.nhsbsa.net/dataset/english-prescribing-dataset-epd-with-snomed-code","Open Government Licence 3.0",,"not recorded contemporaneously; local archive modification/copy time retained","2026-08-05","data/epd/EPD_SNOMED_202106.ZIP","yes - SHA-256 is for the source ZIP archive","ZIP containing one CSV","643264368","954d69ceee70eabab83095de936549af1d512fb5681cfed9c41f76d776bb4778","2026-07-17T20:53:19Z","EPD_SNOMED_202106.csv","6701867090","data/epd/EPD_SNOMED_202106.csv","6701867090","TRUE","legacy_through_202502",,"deferred to Stage 2 raw import to avoid a separate 300+ GB scan","27","YEAR_MONTH;REGIONAL_OFFICE_NAME;REGIONAL_OFFICE_CODE;STP_NAME;STP_CODE;PCO_NAME;PCO_CODE;PRACTICE_NAME;PRACTICE_CODE;ADDRESS_1;ADDRESS_2;ADDRESS_3;ADDRESS_4;POSTCODE;BNF_CHEMICAL_SUBSTANCE;CHEMICAL_SUBSTANCE_BNF_DESCR;BNF_CODE;BNF_DESCRIPTION;BNF_CHAPTER_PLUS_CODE;QUANTITY;ITEMS;TOTAL_QUANTITY;ADQUSAGE;NIC;ACTUAL_COST;UNIDENTIFIED;SNOMED_CODE","published EPD record; expected practice/presentation/month grain, to be verified in Stage 2","YEAR_MONTH + PRACTICE_CODE + presentation code (candidate; verify in Stage 2)",,,"202106","202106",,"Archive member name/size matches extracted CSV. The canonical analysis should consume the hashed archive directly, or independently verify the extracted content before use."
"EPD_202107","monthly prescribing source archive","descriptive 2021 window assessment only","NHS Business Services Authority","English Prescribing Dataset (EPD) with SNOMED Code","202107","https://opendata.nhsbsa.net/dataset/english-prescribing-dataset-epd-with-snomed-code","Open Government Licence 3.0",,"not recorded contemporaneously; local archive modification/copy time retained","2026-08-05","data/epd/EPD_SNOMED_202107.ZIP","yes - SHA-256 is for the source ZIP archive","ZIP containing one CSV","640397577","5b46f71ac7be7ebb703b9c28dca9e2d760d77cb441650c8d17430ac52467afd2","2026-07-17T19:03:56Z","EPD_SNOMED_202107.csv","6682981735","data/epd/EPD_SNOMED_202107.csv","6682981735","TRUE","legacy_through_202502",,"deferred to Stage 2 raw import to avoid a separate 300+ GB scan","27","YEAR_MONTH;REGIONAL_OFFICE_NAME;REGIONAL_OFFICE_CODE;STP_NAME;STP_CODE;PCO_NAME;PCO_CODE;PRACTICE_NAME;PRACTICE_CODE;ADDRESS_1;ADDRESS_2;ADDRESS_3;ADDRESS_4;POSTCODE;BNF_CHEMICAL_SUBSTANCE;CHEMICAL_SUBSTANCE_BNF_DESCR;BNF_CODE;BNF_DESCRIPTION;BNF_CHAPTER_PLUS_CODE;QUANTITY;ITEMS;TOTAL_QUANTITY;ADQUSAGE;NIC;ACTUAL_COST;UNIDENTIFIED;SNOMED_CODE","published EPD record; expected practice/presentation/month grain, to be verified in Stage 2","YEAR_MONTH + PRACTICE_CODE + presentation code (candidate; verify in Stage 2)",,,"202107","202107",,"Archive member name/size matches extracted CSV. The canonical analysis should consume the hashed archive directly, or independently verify the extracted content before use."
"EPD_202108","monthly prescribing source archive","descriptive 2021 window assessment only","NHS Business Services Authority","English Prescribing Dataset (EPD) with SNOMED Code","202108","https://opendata.nhsbsa.net/dataset/english-prescribing-dataset-epd-with-snomed-code","Open Government Licence 3.0",,"not recorded contemporaneously; local archive modification/copy time retained","2026-08-05","data/epd/EPD_SNOMED_202108.ZIP","yes - SHA-256 is for the source ZIP archive","ZIP containing one CSV","622737770","110a7515aaa1d80c68910375429fd93f40f9a02125834754e16bdeb7509224d0","2026-07-17T19:01:06Z","EPD_SNOMED_202108.csv","6508415106","data/epd/EPD_SNOMED_202108.csv","6508415106","TRUE","legacy_through_202502",,"deferred to Stage 2 raw import to avoid a separate 300+ GB scan","27","YEAR_MONTH;REGIONAL_OFFICE_NAME;REGIONAL_OFFICE_CODE;STP_NAME;STP_CODE;PCO_NAME;PCO_CODE;PRACTICE_NAME;PRACTICE_CODE;ADDRESS_1;ADDRESS_2;ADDRESS_3;ADDRESS_4;POSTCODE;BNF_CHEMICAL_SUBSTANCE;CHEMICAL_SUBSTANCE_BNF_DESCR;BNF_CODE;BNF_DESCRIPTION;BNF_CHAPTER_PLUS_CODE;QUANTITY;ITEMS;TOTAL_QUANTITY;ADQUSAGE;NIC;ACTUAL_COST;UNIDENTIFIED;SNOMED_CODE","published EPD record; expected practice/presentation/month grain, to be verified in Stage 2","YEAR_MONTH + PRACTICE_CODE + presentation code (candidate; verify in Stage 2)",,,"202108","202108",,"Archive member name/size matches extracted CSV. The canonical analysis should consume the hashed archive directly, or independently verify the extracted content before use."
"EPD_202109","monthly prescribing source archive","descriptive 2021 window assessment only","NHS Business Services Authority","English Prescribing Dataset (EPD) with SNOMED Code","202109","https://opendata.nhsbsa.net/dataset/english-prescribing-dataset-epd-with-snomed-code","Open Government Licence 3.0",,"not recorded contemporaneously; local archive modification/copy time retained","2026-08-05","data/epd/EPD_SNOMED_202109.ZIP","yes - SHA-256 is for the source ZIP archive","ZIP containing one CSV","638816752","edfe5567af7774ee91ce6fd126ba148802ed481fdac0895b7fc3cfcc920ee9a8","2026-07-17T19:03:29Z","EPD_SNOMED_202109.csv","6667974553","data/epd/EPD_SNOMED_202109.csv","6667974553","TRUE","legacy_through_202502",,"deferred to Stage 2 raw import to avoid a separate 300+ GB scan","27","YEAR_MONTH;REGIONAL_OFFICE_NAME;REGIONAL_OFFICE_CODE;STP_NAME;STP_CODE;PCO_NAME;PCO_CODE;PRACTICE_NAME;PRACTICE_CODE;ADDRESS_1;ADDRESS_2;ADDRESS_3;ADDRESS_4;POSTCODE;BNF_CHEMICAL_SUBSTANCE;CHEMICAL_SUBSTANCE_BNF_DESCR;BNF_CODE;BNF_DESCRIPTION;BNF_CHAPTER_PLUS_CODE;QUANTITY;ITEMS;TOTAL_QUANTITY;ADQUSAGE;NIC;ACTUAL_COST;UNIDENTIFIED;SNOMED_CODE","published EPD record; expected practice/presentation/month grain, to be verified in Stage 2","YEAR_MONTH + PRACTICE_CODE + presentation code (candidate; verify in Stage 2)",,,"202109","202109",,"Archive member name/size matches extracted CSV. The canonical analysis should consume the hashed archive directly, or independently verify the extracted content before use."
"EPD_202110","monthly prescribing source archive","descriptive 2021 window assessment only","NHS Business Services Authority","English Prescribing Dataset (EPD) with SNOMED Code","202110","https://opendata.nhsbsa.net/dataset/english-prescribing-dataset-epd-with-snomed-code","Open Government Licence 3.0",,"not recorded contemporaneously; local archive modification/copy time retained","2026-08-05","data/epd/EPD_SNOMED_202110.ZIP","yes - SHA-256 is for the source ZIP archive","ZIP containing one CSV","627886763","ef40ae1bc14706afce583491111dc401900a65ddbe279882de32aa9006886ef7","2026-07-17T19:03:15Z","EPD_SNOMED_202110.csv","6548753347","data/epd/EPD_SNOMED_202110.csv","6548753347","TRUE","legacy_through_202502",,"deferred to Stage 2 raw import to avoid a separate 300+ GB scan","27","YEAR_MONTH;REGIONAL_OFFICE_NAME;REGIONAL_OFFICE_CODE;STP_NAME;STP_CODE;PCO_NAME;PCO_CODE;PRACTICE_NAME;PRACTICE_CODE;ADDRESS_1;ADDRESS_2;ADDRESS_3;ADDRESS_4;POSTCODE;BNF_CHEMICAL_SUBSTANCE;CHEMICAL_SUBSTANCE_BNF_DESCR;BNF_CODE;BNF_DESCRIPTION;BNF_CHAPTER_PLUS_CODE;QUANTITY;ITEMS;TOTAL_QUANTITY;ADQUSAGE;NIC;ACTUAL_COST;UNIDENTIFIED;SNOMED_CODE","published EPD record; expected practice/presentation/month grain, to be verified in Stage 2","YEAR_MONTH + PRACTICE_CODE + presentation code (candidate; verify in Stage 2)",,,"202110","202110",,"Archive member name/size matches extracted CSV. The canonical analysis should consume the hashed archive directly, or independently verify the extracted content before use."
"EPD_202111","monthly prescribing source archive","descriptive 2021 window assessment only","NHS Business Services Authority","English Prescribing Dataset (EPD) with SNOMED Code","202111","https://opendata.nhsbsa.net/dataset/english-prescribing-dataset-epd-with-snomed-code","Open Government Licence 3.0",,"not recorded contemporaneously; local archive modification/copy time retained","2026-08-05","data/epd/EPD_SNOMED_202111.ZIP","yes - SHA-256 is for the source ZIP archive","ZIP containing one CSV","637664519","f297b5d2dc7daffff12d78cafe71c0643d98467a38f0c3d0593a82abb75e2166","2026-07-17T19:00:28Z","EPD_SNOMED_202111.csv","6657921788","data/epd/EPD_SNOMED_202111.csv","6657921788","TRUE","legacy_through_202502",,"deferred to Stage 2 raw import to avoid a separate 300+ GB scan","27","YEAR_MONTH;REGIONAL_OFFICE_NAME;REGIONAL_OFFICE_CODE;STP_NAME;STP_CODE;PCO_NAME;PCO_CODE;PRACTICE_NAME;PRACTICE_CODE;ADDRESS_1;ADDRESS_2;ADDRESS_3;ADDRESS_4;POSTCODE;BNF_CHEMICAL_SUBSTANCE;CHEMICAL_SUBSTANCE_BNF_DESCR;BNF_CODE;BNF_DESCRIPTION;BNF_CHAPTER_PLUS_CODE;QUANTITY;ITEMS;TOTAL_QUANTITY;ADQUSAGE;NIC;ACTUAL_COST;UNIDENTIFIED;SNOMED_CODE","published EPD record; expected practice/presentation/month grain, to be verified in Stage 2","YEAR_MONTH + PRACTICE_CODE + presentation code (candidate; verify in Stage 2)",,,"202111","202111",,"Archive member name/size matches extracted CSV. The canonical analysis should consume the hashed archive directly, or independently verify the extracted content before use."
"EPD_202112","monthly prescribing source archive","descriptive 2021 window assessment only","NHS Business Services Authority","English Prescribing Dataset (EPD) with SNOMED Code","202112","https://opendata.nhsbsa.net/dataset/english-prescribing-dataset-epd-with-snomed-code","Open Government Licence 3.0",,"not recorded contemporaneously; local archive modification/copy time retained","2026-08-05","data/epd/EPD_SNOMED_202112.ZIP","yes - SHA-256 is for the source ZIP archive","ZIP containing one CSV","642274771","7b1c6705001302d9cac79e7c125bd36ac56f31f00136a716c0d9443283d51233","2026-07-17T18:57:27Z","EPD_SNOMED_202112.csv","6718701675","data/epd/EPD_SNOMED_202112.csv","6718701675","TRUE","legacy_through_202502",,"deferred to Stage 2 raw import to avoid a separate 300+ GB scan","27","YEAR_MONTH;REGIONAL_OFFICE_NAME;REGIONAL_OFFICE_CODE;STP_NAME;STP_CODE;PCO_NAME;PCO_CODE;PRACTICE_NAME;PRACTICE_CODE;ADDRESS_1;ADDRESS_2;ADDRESS_3;ADDRESS_4;POSTCODE;BNF_CHEMICAL_SUBSTANCE;CHEMICAL_SUBSTANCE_BNF_DESCR;BNF_CODE;BNF_DESCRIPTION;BNF_CHAPTER_PLUS_CODE;QUANTITY;ITEMS;TOTAL_QUANTITY;ADQUSAGE;NIC;ACTUAL_COST;UNIDENTIFIED;SNOMED_CODE","published EPD record; expected practice/presentation/month grain, to be verified in Stage 2","YEAR_MONTH + PRACTICE_CODE + presentation code (candidate; verify in Stage 2)",,,"202112","202112",,"Archive member name/size matches extracted CSV. The canonical analysis should consume the hashed archive directly, or independently verify the extracted content before use."
"EPD_202201","monthly prescribing source archive","main inferential analysis","NHS Business Services Authority","English Prescribing Dataset (EPD) with SNOMED Code","202201","https://opendata.nhsbsa.net/dataset/english-prescribing-dataset-epd-with-snomed-code","Open Government Licence 3.0",,"not recorded contemporaneously; local archive modification/copy time retained","2026-08-05","data/epd/EPD_SNOMED_202201.ZIP","yes - SHA-256 is for the source ZIP archive","ZIP containing one CSV","632996332","21980620c5098ced3e3e4e5b498fb7e4bc5ae45a68253d11cd6a827471567556","2026-07-11T09:39:56Z","EPD_SNOMED_202201.csv","6616710149","data/epd/EPD_SNOMED_202201.csv","6616710149","TRUE","legacy_through_202502",,"deferred to Stage 2 raw import to avoid a separate 300+ GB scan","27","YEAR_MONTH;REGIONAL_OFFICE_NAME;REGIONAL_OFFICE_CODE;STP_NAME;STP_CODE;PCO_NAME;PCO_CODE;PRACTICE_NAME;PRACTICE_CODE;ADDRESS_1;ADDRESS_2;ADDRESS_3;ADDRESS_4;POSTCODE;BNF_CHEMICAL_SUBSTANCE;CHEMICAL_SUBSTANCE_BNF_DESCR;BNF_CODE;BNF_DESCRIPTION;BNF_CHAPTER_PLUS_CODE;QUANTITY;ITEMS;TOTAL_QUANTITY;ADQUSAGE;NIC;ACTUAL_COST;UNIDENTIFIED;SNOMED_CODE","published EPD record; expected practice/presentation/month grain, to be verified in Stage 2","YEAR_MONTH + PRACTICE_CODE + presentation code (candidate; verify in Stage 2)",,,"202201","202201",,"Archive member name/size matches extracted CSV. The canonical analysis should consume the hashed archive directly, or independently verify the extracted content before use."
"EPD_202202","monthly prescribing source archive","main inferential analysis","NHS Business Services Authority","English Prescribing Dataset (EPD) with SNOMED Code","202202","https://opendata.nhsbsa.net/dataset/english-prescribing-dataset-epd-with-snomed-code","Open Government Licence 3.0",,"not recorded contemporaneously; local archive modification/copy time retained","2026-08-05","data/epd/EPD_SNOMED_202202.ZIP","yes - SHA-256 is for the source ZIP archive","ZIP containing one CSV","617644826","cfc9d0eb61f254f9fd3c58328bbed81b89b9ce585a6cc843d3b722f309e8b37b","2026-07-11T09:40:05Z","EPD_SNOMED_202202.csv","6457464664","data/epd/EPD_SNOMED_202202.csv","6457464664","TRUE","legacy_through_202502",,"deferred to Stage 2 raw import to avoid a separate 300+ GB scan","27","YEAR_MONTH;REGIONAL_OFFICE_NAME;REGIONAL_OFFICE_CODE;STP_NAME;STP_CODE;PCO_NAME;PCO_CODE;PRACTICE_NAME;PRACTICE_CODE;ADDRESS_1;ADDRESS_2;ADDRESS_3;ADDRESS_4;POSTCODE;BNF_CHEMICAL_SUBSTANCE;CHEMICAL_SUBSTANCE_BNF_DESCR;BNF_CODE;BNF_DESCRIPTION;BNF_CHAPTER_PLUS_CODE;QUANTITY;ITEMS;TOTAL_QUANTITY;ADQUSAGE;NIC;ACTUAL_COST;UNIDENTIFIED;SNOMED_CODE","published EPD record; expected practice/presentation/month grain, to be verified in Stage 2","YEAR_MONTH + PRACTICE_CODE + presentation code (candidate; verify in Stage 2)",,,"202202","202202",,"Archive member name/size matches extracted CSV. The canonical analysis should consume the hashed archive directly, or independently verify the extracted content before use."
"EPD_202203","monthly prescribing source archive","main inferential analysis","NHS Business Services Authority","English Prescribing Dataset (EPD) with SNOMED Code","202203","https://opendata.nhsbsa.net/dataset/english-prescribing-dataset-epd-with-snomed-code","Open Government Licence 3.0",,"not recorded contemporaneously; local archive modification/copy time retained","2026-08-05","data/epd/EPD_SNOMED_202203.ZIP","yes - SHA-256 is for the source ZIP archive","ZIP containing one CSV","650901804","9d30dd8177804edae2c8a2302bc76cdf97a957d8822d975188c5140ebf6263bf","2026-07-11T09:40:15Z","EPD_SNOMED_202203.csv","6816627421","data/epd/EPD_SNOMED_202203.csv","6816627421","TRUE","legacy_through_202502",,"deferred to Stage 2 raw import to avoid a separate 300+ GB scan","27","YEAR_MONTH;REGIONAL_OFFICE_NAME;REGIONAL_OFFICE_CODE;STP_NAME;STP_CODE;PCO_NAME;PCO_CODE;PRACTICE_NAME;PRACTICE_CODE;ADDRESS_1;ADDRESS_2;ADDRESS_3;ADDRESS_4;POSTCODE;BNF_CHEMICAL_SUBSTANCE;CHEMICAL_SUBSTANCE_BNF_DESCR;BNF_CODE;BNF_DESCRIPTION;BNF_CHAPTER_PLUS_CODE;QUANTITY;ITEMS;TOTAL_QUANTITY;ADQUSAGE;NIC;ACTUAL_COST;UNIDENTIFIED;SNOMED_CODE","published EPD record; expected practice/presentation/month grain, to be verified in Stage 2","YEAR_MONTH + PRACTICE_CODE + presentation code (candidate; verify in Stage 2)",,,"202203","202203",,"Archive member name/size matches extracted CSV. The canonical analysis should consume the hashed archive directly, or independently verify the extracted content before use."
"EPD_202204","monthly prescribing source archive","main inferential analysis","NHS Business Services Authority","English Prescribing Dataset (EPD) with SNOMED Code","202204","https://opendata.nhsbsa.net/dataset/english-prescribing-dataset-epd-with-snomed-code","Open Government Licence 3.0",,"not recorded contemporaneously; local archive modification/copy time retained","2026-08-05","data/epd/EPD_SNOMED_202204.ZIP","yes - SHA-256 is for the source ZIP archive","ZIP containing one CSV","629247028","b6b5c958a7b73ac7d4a54cd90051b60a0a667891bd79227754df05d0217642b0","2026-07-11T09:39:47Z","EPD_SNOMED_202204.csv","6581043084","data/epd/EPD_SNOMED_202204.csv","6581043084","TRUE","legacy_through_202502",,"deferred to Stage 2 raw import to avoid a separate 300+ GB scan","27","YEAR_MONTH;REGIONAL_OFFICE_NAME;REGIONAL_OFFICE_CODE;STP_NAME;STP_CODE;PCO_NAME;PCO_CODE;PRACTICE_NAME;PRACTICE_CODE;ADDRESS_1;ADDRESS_2;ADDRESS_3;ADDRESS_4;POSTCODE;BNF_CHEMICAL_SUBSTANCE;CHEMICAL_SUBSTANCE_BNF_DESCR;BNF_CODE;BNF_DESCRIPTION;BNF_CHAPTER_PLUS_CODE;QUANTITY;ITEMS;TOTAL_QUANTITY;ADQUSAGE;NIC;ACTUAL_COST;UNIDENTIFIED;SNOMED_CODE","published EPD record; expected practice/presentation/month grain, to be verified in Stage 2","YEAR_MONTH + PRACTICE_CODE + presentation code (candidate; verify in Stage 2)",,,"202204","202204",,"Archive member name/size matches extracted CSV. The canonical analysis should consume the hashed archive directly, or independently verify the extracted content before use."
"EPD_202205","monthly prescribing source archive","main inferential analysis","NHS Business Services Authority","English Prescribing Dataset (EPD) with SNOMED Code","202205","https://opendata.nhsbsa.net/dataset/english-prescribing-dataset-epd-with-snomed-code","Open Government Licence 3.0",,"not recorded contemporaneously; local archive modification/copy time retained","2026-08-05","data/epd/EPD_SNOMED_202205.ZIP","yes - SHA-256 is for the source ZIP archive","ZIP containing one CSV","653193408","9ad4e4c96785f97384bbd2af69f8e2a9e9c10a6f4d0b89758e707539d4e59e6f","2026-07-11T09:39:09Z","EPD_SNOMED_202205.csv","7136566442","data/epd/EPD_SNOMED_202205.csv","7136566442","TRUE","legacy_through_202502",,"deferred to Stage 2 raw import to avoid a separate 300+ GB scan","27","YEAR_MONTH;REGIONAL_OFFICE_NAME;REGIONAL_OFFICE_CODE;ICB_NAME;ICB_CODE;PCO_NAME;PCO_CODE;PRACTICE_NAME;PRACTICE_CODE;ADDRESS_1;ADDRESS_2;ADDRESS_3;ADDRESS_4;POSTCODE;BNF_CHEMICAL_SUBSTANCE;CHEMICAL_SUBSTANCE_BNF_DESCR;BNF_CODE;BNF_DESCRIPTION;BNF_CHAPTER_PLUS_CODE;QUANTITY;ITEMS;TOTAL_QUANTITY;ADQUSAGE;NIC;ACTUAL_COST;UNIDENTIFIED;SNOMED_CODE","published EPD record; expected practice/presentation/month grain, to be verified in Stage 2","YEAR_MONTH + PRACTICE_CODE + presentation code (candidate; verify in Stage 2)",,,"202205","202205",,"Archive member name/size matches extracted CSV. The canonical analysis should consume the hashed archive directly, or independently verify the extracted content before use."
"EPD_202206","monthly prescribing source archive","main inferential analysis","NHS Business Services Authority","English Prescribing Dataset (EPD) with SNOMED Code","202206","https://opendata.nhsbsa.net/dataset/english-prescribing-dataset-epd-with-snomed-code","Open Government Licence 3.0",,"not recorded contemporaneously; local archive modification/copy time retained","2026-08-05","data/epd/EPD_SNOMED_202206.ZIP","yes - SHA-256 is for the source ZIP archive","ZIP containing one CSV","647337626","00284f715c306d7359c59f7e737fe54abba5e2d812d3c867c8ff0f998ef903ee","2026-07-11T09:38:59Z","EPD_SNOMED_202206.csv","7068457316","data/epd/EPD_SNOMED_202206.csv","7068457316","TRUE","legacy_through_202502",,"deferred to Stage 2 raw import to avoid a separate 300+ GB scan","27","YEAR_MONTH;REGIONAL_OFFICE_NAME;REGIONAL_OFFICE_CODE;ICB_NAME;ICB_CODE;PCO_NAME;PCO_CODE;PRACTICE_NAME;PRACTICE_CODE;ADDRESS_1;ADDRESS_2;ADDRESS_3;ADDRESS_4;POSTCODE;BNF_CHEMICAL_SUBSTANCE;CHEMICAL_SUBSTANCE_BNF_DESCR;BNF_CODE;BNF_DESCRIPTION;BNF_CHAPTER_PLUS_CODE;QUANTITY;ITEMS;TOTAL_QUANTITY;ADQUSAGE;NIC;ACTUAL_COST;UNIDENTIFIED;SNOMED_CODE","published EPD record; expected practice/presentation/month grain, to be verified in Stage 2","YEAR_MONTH + PRACTICE_CODE + presentation code (candidate; verify in Stage 2)",,,"202206","202206",,"Archive member name/size matches extracted CSV. The canonical analysis should consume the hashed archive directly, or independently verify the extracted content before use."
"EPD_202207","monthly prescribing source archive","main inferential analysis","NHS Business Services Authority","English Prescribing Dataset (EPD) with SNOMED Code","202207","https://opendata.nhsbsa.net/dataset/english-prescribing-dataset-epd-with-snomed-code","Open Government Licence 3.0",,"not recorded contemporaneously; local archive modification/copy time retained","2026-08-05","data/epd/EPD_SNOMED_202207.ZIP","yes - SHA-256 is for the source ZIP archive","ZIP containing one CSV","647526385","ba480ac2d349faf35230a21a40f5cd4c17c14054edd2ca177cac6668c5d21a39","2026-07-11T09:18:11Z","EPD_SNOMED_202207.csv","7068895191","data/epd/EPD_SNOMED_202207.csv","7068895191","TRUE","legacy_through_202502",,"deferred to Stage 2 raw import to avoid a separate 300+ GB scan","27","YEAR_MONTH;REGIONAL_OFFICE_NAME;REGIONAL_OFFICE_CODE;ICB_NAME;ICB_CODE;PCO_NAME;PCO_CODE;PRACTICE_NAME;PRACTICE_CODE;ADDRESS_1;ADDRESS_2;ADDRESS_3;ADDRESS_4;POSTCODE;BNF_CHEMICAL_SUBSTANCE;CHEMICAL_SUBSTANCE_BNF_DESCR;BNF_CODE;BNF_DESCRIPTION;BNF_CHAPTER_PLUS_CODE;QUANTITY;ITEMS;TOTAL_QUANTITY;ADQUSAGE;NIC;ACTUAL_COST;UNIDENTIFIED;SNOMED_CODE","published EPD record; expected practice/presentation/month grain, to be verified in Stage 2","YEAR_MONTH + PRACTICE_CODE + presentation code (candidate; verify in Stage 2)",,,"202207","202207",,"Archive member name/size matches extracted CSV. The canonical analysis should consume the hashed archive directly, or independently verify the extracted content before use."
"EPD_202208","monthly prescribing source archive","main inferential analysis","NHS Business Services Authority","English Prescribing Dataset (EPD) with SNOMED Code","202208","https://opendata.nhsbsa.net/dataset/english-prescribing-dataset-epd-with-snomed-code","Open Government Licence 3.0",,"not recorded contemporaneously; local archive modification/copy time retained","2026-08-05","data/epd/EPD_SNOMED_202208.ZIP","yes - SHA-256 is for the source ZIP archive","ZIP containing one CSV","681809185","3d296e34e30aec286ece21d89f74935271decad3197623c91ab4aa10d5f211fe","2026-07-11T09:20:13Z","EPD_SNOMED_202208.csv","7076448673","data/epd/EPD_SNOMED_202208.csv","7076448673","TRUE","legacy_through_202502",,"deferred to Stage 2 raw import to avoid a separate 300+ GB scan","27","YEAR_MONTH;REGIONAL_OFFICE_NAME;REGIONAL_OFFICE_CODE;ICB_NAME;ICB_CODE;PCO_NAME;PCO_CODE;PRACTICE_NAME;PRACTICE_CODE;ADDRESS_1;ADDRESS_2;ADDRESS_3;ADDRESS_4;POSTCODE;BNF_CHEMICAL_SUBSTANCE;CHEMICAL_SUBSTANCE_BNF_DESCR;BNF_CODE;BNF_DESCRIPTION;BNF_CHAPTER_PLUS_CODE;QUANTITY;ITEMS;TOTAL_QUANTITY;ADQUSAGE;NIC;ACTUAL_COST;UNIDENTIFIED;SNOMED_CODE","published EPD record; expected practice/presentation/month grain, to be verified in Stage 2","YEAR_MONTH + PRACTICE_CODE + presentation code (candidate; verify in Stage 2)",,,"202208","202208",,"Archive member name/size matches extracted CSV. The canonical analysis should consume the hashed archive directly, or independently verify the extracted content before use."
"EPD_202209","monthly prescribing source archive","main inferential analysis","NHS Business Services Authority","English Prescribing Dataset (EPD) with SNOMED Code","202209","https://opendata.nhsbsa.net/dataset/english-prescribing-dataset-epd-with-snomed-code","Open Government Licence 3.0",,"not recorded contemporaneously; local archive modification/copy time retained","2026-08-05","data/epd/EPD_SNOMED_202209.ZIP","yes - SHA-256 is for the source ZIP archive","ZIP containing one CSV","688297796","3584afc37289984fc0fe2969cac6c2ad850fefaf93613a21c6aa2f542aa52f78","2026-07-11T09:19:59Z","EPD_SNOMED_202209.csv","7070184535","data/epd/EPD_SNOMED_202209.csv","7070184535","TRUE","legacy_through_202502",,"deferred to Stage 2 raw import to avoid a separate 300+ GB scan","27","YEAR_MONTH;REGIONAL_OFFICE_NAME;REGIONAL_OFFICE_CODE;ICB_NAME;ICB_CODE;PCO_NAME;PCO_CODE;PRACTICE_NAME;PRACTICE_CODE;ADDRESS_1;ADDRESS_2;ADDRESS_3;ADDRESS_4;POSTCODE;BNF_CHEMICAL_SUBSTANCE;CHEMICAL_SUBSTANCE_BNF_DESCR;BNF_CODE;BNF_DESCRIPTION;BNF_CHAPTER_PLUS_CODE;QUANTITY;ITEMS;TOTAL_QUANTITY;ADQUSAGE;NIC;ACTUAL_COST;UNIDENTIFIED;SNOMED_CODE","published EPD record; expected practice/presentation/month grain, to be verified in Stage 2","YEAR_MONTH + PRACTICE_CODE + presentation code (candidate; verify in Stage 2)",,,"202209","202209",,"Archive member name/size matches extracted CSV. The canonical analysis should consume the hashed archive directly, or independently verify the extracted content before use."
"EPD_202210","monthly prescribing source archive","main inferential analysis","NHS Business Services Authority","English Prescribing Dataset (EPD) with SNOMED Code","202210","https://opendata.nhsbsa.net/dataset/english-prescribing-dataset-epd-with-snomed-code","Open Government Licence 3.0",,"not recorded contemporaneously; local archive modification/copy time retained","2026-08-05","data/epd/EPD_SNOMED_202210.ZIP","yes - SHA-256 is for the source ZIP archive","ZIP containing one CSV","648400380","89cbca86ad8f81a1f55a731fc868d4e7fb0d35f410e377361a00daf0065ef67b","2026-07-11T09:18:11Z","EPD_SNOMED_202210.csv","7070695914","data/epd/EPD_SNOMED_202210.csv","7070695914","TRUE","legacy_through_202502",,"deferred to Stage 2 raw import to avoid a separate 300+ GB scan","27","YEAR_MONTH;REGIONAL_OFFICE_NAME;REGIONAL_OFFICE_CODE;ICB_NAME;ICB_CODE;PCO_NAME;PCO_CODE;PRACTICE_NAME;PRACTICE_CODE;ADDRESS_1;ADDRESS_2;ADDRESS_3;ADDRESS_4;POSTCODE;BNF_CHEMICAL_SUBSTANCE;CHEMICAL_SUBSTANCE_BNF_DESCR;BNF_CODE;BNF_DESCRIPTION;BNF_CHAPTER_PLUS_CODE;QUANTITY;ITEMS;TOTAL_QUANTITY;ADQUSAGE;NIC;ACTUAL_COST;UNIDENTIFIED;SNOMED_CODE","published EPD record; expected practice/presentation/month grain, to be verified in Stage 2","YEAR_MONTH + PRACTICE_CODE + presentation code (candidate; verify in Stage 2)",,,"202210","202210",,"Archive member name/size matches extracted CSV. The canonical analysis should consume the hashed archive directly, or independently verify the extracted content before use."
"EPD_202211","monthly prescribing source archive","main inferential analysis","NHS Business Services Authority","English Prescribing Dataset (EPD) with SNOMED Code","202211","https://opendata.nhsbsa.net/dataset/english-prescribing-dataset-epd-with-snomed-code","Open Government Licence 3.0",,"not recorded contemporaneously; local archive modification/copy time retained","2026-08-05","data/epd/EPD_SNOMED_202211.ZIP","yes - SHA-256 is for the source ZIP archive","ZIP containing one CSV","653996162","ccbccc9fc52b8ba77ef757f62ee91b668381e13fee75aff62bec06b5eef46fc0","2026-07-11T09:19:53Z","EPD_SNOMED_202211.csv","7143547610","data/epd/EPD_SNOMED_202211.csv","7143547610","TRUE","legacy_through_202502",,"deferred to Stage 2 raw import to avoid a separate 300+ GB scan","27","YEAR_MONTH;REGIONAL_OFFICE_NAME;REGIONAL_OFFICE_CODE;ICB_NAME;ICB_CODE;PCO_NAME;PCO_CODE;PRACTICE_NAME;PRACTICE_CODE;ADDRESS_1;ADDRESS_2;ADDRESS_3;ADDRESS_4;POSTCODE;BNF_CHEMICAL_SUBSTANCE;CHEMICAL_SUBSTANCE_BNF_DESCR;BNF_CODE;BNF_DESCRIPTION;BNF_CHAPTER_PLUS_CODE;QUANTITY;ITEMS;TOTAL_QUANTITY;ADQUSAGE;NIC;ACTUAL_COST;UNIDENTIFIED;SNOMED_CODE","published EPD record; expected practice/presentation/month grain, to be verified in Stage 2","YEAR_MONTH + PRACTICE_CODE + presentation code (candidate; verify in Stage 2)",,,"202211","202211",,"Archive member name/size matches extracted CSV. The canonical analysis should consume the hashed archive directly, or independently verify the extracted content before use."
"EPD_202212","monthly prescribing source archive","main inferential analysis","NHS Business Services Authority","English Prescribing Dataset (EPD) with SNOMED Code","202212","https://opendata.nhsbsa.net/dataset/english-prescribing-dataset-epd-with-snomed-code","Open Government Licence 3.0",,"not recorded contemporaneously; local archive modification/copy time retained","2026-08-05","data/epd/EPD_SNOMED_202212.ZIP","yes - SHA-256 is for the source ZIP archive","ZIP containing one CSV","652370730","7d5c6fba1ff564c09dcfc2f2fcff4a5cc6489cfcb7831e26cb8c5485428d4d0e","2026-07-11T09:19:54Z","EPD_SNOMED_202212.csv","7118242505","data/epd/EPD_SNOMED_202212.csv","7118242505","TRUE","legacy_through_202502",,"deferred to Stage 2 raw import to avoid a separate 300+ GB scan","27","YEAR_MONTH;REGIONAL_OFFICE_NAME;REGIONAL_OFFICE_CODE;ICB_NAME;ICB_CODE;PCO_NAME;PCO_CODE;PRACTICE_NAME;PRACTICE_CODE;ADDRESS_1;ADDRESS_2;ADDRESS_3;ADDRESS_4;POSTCODE;BNF_CHEMICAL_SUBSTANCE;CHEMICAL_SUBSTANCE_BNF_DESCR;BNF_CODE;BNF_DESCRIPTION;BNF_CHAPTER_PLUS_CODE;QUANTITY;ITEMS;TOTAL_QUANTITY;ADQUSAGE;NIC;ACTUAL_COST;UNIDENTIFIED;SNOMED_CODE","published EPD record; expected practice/presentation/month grain, to be verified in Stage 2","YEAR_MONTH + PRACTICE_CODE + presentation code (candidate; verify in Stage 2)",,,"202212","202212",,"Archive member name/size matches extracted CSV. The canonical analysis should consume the hashed archive directly, or independently verify the extracted content before use."
"EPD_202301","monthly prescribing source archive","main inferential analysis","NHS Business Services Authority","English Prescribing Dataset (EPD) with SNOMED Code","202301","https://opendata.nhsbsa.net/dataset/english-prescribing-dataset-epd-with-snomed-code","Open Government Licence 3.0",,"not recorded contemporaneously; local archive modification/copy time retained","2026-08-05","data/epd/EPD_SNOMED_202301.ZIP","yes - SHA-256 is for the source ZIP archive","ZIP containing one CSV","659870059","abf16b7019047be31c8d56f6293bbee91cba76df9f17c7ddea26af0357a6c8b3","2026-07-11T08:43:11Z","EPD_SNOMED_202301.csv","7170413889","data/epd/EPD_SNOMED_202301.csv","7170413889","TRUE","legacy_through_202502",,"deferred to Stage 2 raw import to avoid a separate 300+ GB scan","27","YEAR_MONTH;REGIONAL_OFFICE_NAME;REGIONAL_OFFICE_CODE;ICB_NAME;ICB_CODE;PCO_NAME;PCO_CODE;PRACTICE_NAME;PRACTICE_CODE;ADDRESS_1;ADDRESS_2;ADDRESS_3;ADDRESS_4;POSTCODE;BNF_CHEMICAL_SUBSTANCE;CHEMICAL_SUBSTANCE_BNF_DESCR;BNF_CODE;BNF_DESCRIPTION;BNF_CHAPTER_PLUS_CODE;QUANTITY;ITEMS;TOTAL_QUANTITY;ADQUSAGE;NIC;ACTUAL_COST;UNIDENTIFIED;SNOMED_CODE","published EPD record; expected practice/presentation/month grain, to be verified in Stage 2","YEAR_MONTH + PRACTICE_CODE + presentation code (candidate; verify in Stage 2)",,,"202301","202301",,"Archive member name/size matches extracted CSV. The canonical analysis should consume the hashed archive directly, or independently verify the extracted content before use."
"EPD_202302","monthly prescribing source archive","main inferential analysis","NHS Business Services Authority","English Prescribing Dataset (EPD) with SNOMED Code","202302","https://opendata.nhsbsa.net/dataset/english-prescribing-dataset-epd-with-snomed-code","Open Government Licence 3.0",,"not recorded contemporaneously; local archive modification/copy time retained","2026-08-05","data/epd/EPD_SNOMED_202302.ZIP","yes - SHA-256 is for the source ZIP archive","ZIP containing one CSV","637951791","6b3709e876770a269c0931e320d233f8b6c6ae86668806bd3572010433584729","2026-07-11T08:40:19Z","EPD_SNOMED_202302.csv","6925972926","data/epd/EPD_SNOMED_202302.csv","6925972926","TRUE","legacy_through_202502",,"deferred to Stage 2 raw import to avoid a separate 300+ GB scan","27","YEAR_MONTH;REGIONAL_OFFICE_NAME;REGIONAL_OFFICE_CODE;ICB_NAME;ICB_CODE;PCO_NAME;PCO_CODE;PRACTICE_NAME;PRACTICE_CODE;ADDRESS_1;ADDRESS_2;ADDRESS_3;ADDRESS_4;POSTCODE;BNF_CHEMICAL_SUBSTANCE;CHEMICAL_SUBSTANCE_BNF_DESCR;BNF_CODE;BNF_DESCRIPTION;BNF_CHAPTER_PLUS_CODE;QUANTITY;ITEMS;TOTAL_QUANTITY;ADQUSAGE;NIC;ACTUAL_COST;UNIDENTIFIED;SNOMED_CODE","published EPD record; expected practice/presentation/month grain, to be verified in Stage 2","YEAR_MONTH + PRACTICE_CODE + presentation code (candidate; verify in Stage 2)",,,"202302","202302",,"Archive member name/size matches extracted CSV. The canonical analysis should consume the hashed archive directly, or independently verify the extracted content before use."
"EPD_202303","monthly prescribing source archive","main inferential analysis","NHS Business Services Authority","English Prescribing Dataset (EPD) with SNOMED Code","202303","https://opendata.nhsbsa.net/dataset/english-prescribing-dataset-epd-with-snomed-code","Open Government Licence 3.0",,"not recorded contemporaneously; local archive modification/copy time retained","2026-08-05","data/epd/EPD_SNOMED_202303.ZIP","yes - SHA-256 is for the source ZIP archive","ZIP containing one CSV","671998065","37a2fc546e461b88aa6d2dc58cc7908f01cfb3356d3ef9117eab36ece4867a7b","2026-07-11T08:43:07Z","EPD_SNOMED_202303.csv","7304478241","data/epd/EPD_SNOMED_202303.csv","7304478241","TRUE","legacy_through_202502",,"deferred to Stage 2 raw import to avoid a separate 300+ GB scan","27","YEAR_MONTH;REGIONAL_OFFICE_NAME;REGIONAL_OFFICE_CODE;ICB_NAME;ICB_CODE;PCO_NAME;PCO_CODE;PRACTICE_NAME;PRACTICE_CODE;ADDRESS_1;ADDRESS_2;ADDRESS_3;ADDRESS_4;POSTCODE;BNF_CHEMICAL_SUBSTANCE;CHEMICAL_SUBSTANCE_BNF_DESCR;BNF_CODE;BNF_DESCRIPTION;BNF_CHAPTER_PLUS_CODE;QUANTITY;ITEMS;TOTAL_QUANTITY;ADQUSAGE;NIC;ACTUAL_COST;UNIDENTIFIED;SNOMED_CODE","published EPD record; expected practice/presentation/month grain, to be verified in Stage 2","YEAR_MONTH + PRACTICE_CODE + presentation code (candidate; verify in Stage 2)",,,"202303","202303",,"Archive member name/size matches extracted CSV. The canonical analysis should consume the hashed archive directly, or independently verify the extracted content before use."
"EPD_202304","monthly prescribing source archive","main inferential analysis","NHS Business Services Authority","English Prescribing Dataset (EPD) with SNOMED Code","202304","https://opendata.nhsbsa.net/dataset/english-prescribing-dataset-epd-with-snomed-code","Open Government Licence 3.0",,"not recorded contemporaneously; local archive modification/copy time retained","2026-08-05","data/epd/EPD_SNOMED_202304.ZIP","yes - SHA-256 is for the source ZIP archive","ZIP containing one CSV","636837571","a14a6c472171c61098121b7e0af9d656e8398356ef5246b7d2489f86a5aa42bd","2026-07-11T08:42:11Z","EPD_SNOMED_202304.csv","6919049011","data/epd/EPD_SNOMED_202304.csv","6919049011","TRUE","legacy_through_202502",,"deferred to Stage 2 raw import to avoid a separate 300+ GB scan","27","YEAR_MONTH;REGIONAL_OFFICE_NAME;REGIONAL_OFFICE_CODE;ICB_NAME;ICB_CODE;PCO_NAME;PCO_CODE;PRACTICE_NAME;PRACTICE_CODE;ADDRESS_1;ADDRESS_2;ADDRESS_3;ADDRESS_4;POSTCODE;BNF_CHEMICAL_SUBSTANCE;CHEMICAL_SUBSTANCE_BNF_DESCR;BNF_CODE;BNF_DESCRIPTION;BNF_CHAPTER_PLUS_CODE;QUANTITY;ITEMS;TOTAL_QUANTITY;ADQUSAGE;NIC;ACTUAL_COST;UNIDENTIFIED;SNOMED_CODE","published EPD record; expected practice/presentation/month grain, to be verified in Stage 2","YEAR_MONTH + PRACTICE_CODE + presentation code (candidate; verify in Stage 2)",,,"202304","202304",,"Archive member name/size matches extracted CSV. The canonical analysis should consume the hashed archive directly, or independently verify the extracted content before use."
"EPD_202305","monthly prescribing source archive","main inferential analysis","NHS Business Services Authority","English Prescribing Dataset (EPD) with SNOMED Code","202305","https://opendata.nhsbsa.net/dataset/english-prescribing-dataset-epd-with-snomed-code","Open Government Licence 3.0",,"not recorded contemporaneously; local archive modification/copy time retained","2026-08-05","data/epd/EPD_SNOMED_202305.ZIP","yes - SHA-256 is for the source ZIP archive","ZIP containing one CSV","658198892","c0aecd7ebbbafee70057336ab32a24951a65e9ec135cb77c0b99a089c2bf22e1","2026-07-11T08:42:01Z","EPD_SNOMED_202305.csv","7162342632","data/epd/EPD_SNOMED_202305.csv","7162342632","TRUE","legacy_through_202502",,"deferred to Stage 2 raw import to avoid a separate 300+ GB scan","27","YEAR_MONTH;REGIONAL_OFFICE_NAME;REGIONAL_OFFICE_CODE;ICB_NAME;ICB_CODE;PCO_NAME;PCO_CODE;PRACTICE_NAME;PRACTICE_CODE;ADDRESS_1;ADDRESS_2;ADDRESS_3;ADDRESS_4;POSTCODE;BNF_CHEMICAL_SUBSTANCE;CHEMICAL_SUBSTANCE_BNF_DESCR;BNF_CODE;BNF_DESCRIPTION;BNF_CHAPTER_PLUS_CODE;QUANTITY;ITEMS;TOTAL_QUANTITY;ADQUSAGE;NIC;ACTUAL_COST;UNIDENTIFIED;SNOMED_CODE","published EPD record; expected practice/presentation/month grain, to be verified in Stage 2","YEAR_MONTH + PRACTICE_CODE + presentation code (candidate; verify in Stage 2)",,,"202305","202305",,"Archive member name/size matches extracted CSV. The canonical analysis should consume the hashed archive directly, or independently verify the extracted content before use."
"EPD_202306","monthly prescribing source archive","main inferential analysis","NHS Business Services Authority","English Prescribing Dataset (EPD) with SNOMED Code","202306","https://opendata.nhsbsa.net/dataset/english-prescribing-dataset-epd-with-snomed-code","Open Government Licence 3.0",,"not recorded contemporaneously; local archive modification/copy time retained","2026-08-05","data/epd/EPD_SNOMED_202306.ZIP","yes - SHA-256 is for the source ZIP archive","ZIP containing one CSV","666789307","70b3b3c1c637fb0c1757f004371cf64cb2ca149dad9e9048fad4089a647d276b","2026-07-11T08:41:35Z","EPD_SNOMED_202306.csv","7259598797","data/epd/EPD_SNOMED_202306.csv","7259598797","TRUE","legacy_through_202502",,"deferred to Stage 2 raw import to avoid a separate 300+ GB scan","27","YEAR_MONTH;REGIONAL_OFFICE_NAME;REGIONAL_OFFICE_CODE;ICB_NAME;ICB_CODE;PCO_NAME;PCO_CODE;PRACTICE_NAME;PRACTICE_CODE;ADDRESS_1;ADDRESS_2;ADDRESS_3;ADDRESS_4;POSTCODE;BNF_CHEMICAL_SUBSTANCE;CHEMICAL_SUBSTANCE_BNF_DESCR;BNF_CODE;BNF_DESCRIPTION;BNF_CHAPTER_PLUS_CODE;QUANTITY;ITEMS;TOTAL_QUANTITY;ADQUSAGE;NIC;ACTUAL_COST;UNIDENTIFIED;SNOMED_CODE","published EPD record; expected practice/presentation/month grain, to be verified in Stage 2","YEAR_MONTH + PRACTICE_CODE + presentation code (candidate; verify in Stage 2)",,,"202306","202306",,"Archive member name/size matches extracted CSV. The canonical analysis should consume the hashed archive directly, or independently verify the extracted content before use."
"EPD_202307","monthly prescribing source archive","main inferential analysis","NHS Business Services Authority","English Prescribing Dataset (EPD) with SNOMED Code","202307","https://opendata.nhsbsa.net/dataset/english-prescribing-dataset-epd-with-snomed-code","Open Government Licence 3.0",,"not recorded contemporaneously; local archive modification/copy time retained","2026-08-05","data/epd/EPD_SNOMED_202307.ZIP","yes - SHA-256 is for the source ZIP archive","ZIP containing one CSV","658068863","db6eff63d4822ef567893e58169d36614485b6817524f3562ae537b2cc9bcc00","2026-07-11T08:33:29Z","EPD_SNOMED_202307.csv","7185029145","data/epd/EPD_SNOMED_202307.csv","7185029145","TRUE","legacy_through_202502",,"deferred to Stage 2 raw import to avoid a separate 300+ GB scan","27","YEAR_MONTH;REGIONAL_OFFICE_NAME;REGIONAL_OFFICE_CODE;ICB_NAME;ICB_CODE;PCO_NAME;PCO_CODE;PRACTICE_NAME;PRACTICE_CODE;ADDRESS_1;ADDRESS_2;ADDRESS_3;ADDRESS_4;POSTCODE;BNF_CHEMICAL_SUBSTANCE;CHEMICAL_SUBSTANCE_BNF_DESCR;BNF_CODE;BNF_DESCRIPTION;BNF_CHAPTER_PLUS_CODE;QUANTITY;ITEMS;TOTAL_QUANTITY;ADQUSAGE;NIC;ACTUAL_COST;UNIDENTIFIED;SNOMED_CODE","published EPD record; expected practice/presentation/month grain, to be verified in Stage 2","YEAR_MONTH + PRACTICE_CODE + presentation code (candidate; verify in Stage 2)",,,"202307","202307",,"Archive member name/size matches extracted CSV. The canonical analysis should consume the hashed archive directly, or independently verify the extracted content before use."
"EPD_202308","monthly prescribing source archive","main inferential analysis","NHS Business Services Authority","English Prescribing Dataset (EPD) with SNOMED Code","202308","https://opendata.nhsbsa.net/dataset/english-prescribing-dataset-epd-with-snomed-code","Open Government Licence 3.0",,"not recorded contemporaneously; local archive modification/copy time retained","2026-08-05","data/epd/EPD_SNOMED_202308.ZIP","yes - SHA-256 is for the source ZIP archive","ZIP containing one CSV","657153342","9ccc8ea0f2e97c2dfd7ce85bfb92b08ca1a1de77d9af4b9188c2ea1ae9d10693","2026-07-11T08:33:54Z","EPD_SNOMED_202308.csv","7185265230","data/epd/EPD_SNOMED_202308.csv","7185265230","TRUE","legacy_through_202502",,"deferred to Stage 2 raw import to avoid a separate 300+ GB scan","27","YEAR_MONTH;REGIONAL_OFFICE_NAME;REGIONAL_OFFICE_CODE;ICB_NAME;ICB_CODE;PCO_NAME;PCO_CODE;PRACTICE_NAME;PRACTICE_CODE;ADDRESS_1;ADDRESS_2;ADDRESS_3;ADDRESS_4;POSTCODE;BNF_CHEMICAL_SUBSTANCE;CHEMICAL_SUBSTANCE_BNF_DESCR;BNF_CODE;BNF_DESCRIPTION;BNF_CHAPTER_PLUS_CODE;QUANTITY;ITEMS;TOTAL_QUANTITY;ADQUSAGE;NIC;ACTUAL_COST;UNIDENTIFIED;SNOMED_CODE","published EPD record; expected practice/presentation/month grain, to be verified in Stage 2","YEAR_MONTH + PRACTICE_CODE + presentation code (candidate; verify in Stage 2)",,,"202308","202308",,"Archive member name/size matches extracted CSV. The canonical analysis should consume the hashed archive directly, or independently verify the extracted content before use."
"EPD_202309","monthly prescribing source archive","main inferential analysis","NHS Business Services Authority","English Prescribing Dataset (EPD) with SNOMED Code","202309","https://opendata.nhsbsa.net/dataset/english-prescribing-dataset-epd-with-snomed-code","Open Government Licence 3.0",,"not recorded contemporaneously; local archive modification/copy time retained","2026-08-05","data/epd/EPD_SNOMED_202309.ZIP","yes - SHA-256 is for the source ZIP archive","ZIP containing one CSV","655249511","b2c4fd2efb6e0ebc870aa2a87238499c100f66cf0bdab4997b0cce7a262a2c40","2026-07-11T08:33:51Z","EPD_SNOMED_202309.csv","7182569595","data/epd/EPD_SNOMED_202309.csv","7182569595","TRUE","legacy_through_202502",,"deferred to Stage 2 raw import to avoid a separate 300+ GB scan","27","YEAR_MONTH;REGIONAL_OFFICE_NAME;REGIONAL_OFFICE_CODE;ICB_NAME;ICB_CODE;PCO_NAME;PCO_CODE;PRACTICE_NAME;PRACTICE_CODE;ADDRESS_1;ADDRESS_2;ADDRESS_3;ADDRESS_4;POSTCODE;BNF_CHEMICAL_SUBSTANCE;CHEMICAL_SUBSTANCE_BNF_DESCR;BNF_CODE;BNF_DESCRIPTION;BNF_CHAPTER_PLUS_CODE;QUANTITY;ITEMS;TOTAL_QUANTITY;ADQUSAGE;NIC;ACTUAL_COST;UNIDENTIFIED;SNOMED_CODE","published EPD record; expected practice/presentation/month grain, to be verified in Stage 2","YEAR_MONTH + PRACTICE_CODE + presentation code (candidate; verify in Stage 2)",,,"202309","202309",,"Archive member name/size matches extracted CSV. The canonical analysis should consume the hashed archive directly, or independently verify the extracted content before use."
"EPD_202310","monthly prescribing source archive","main inferential analysis","NHS Business Services Authority","English Prescribing Dataset (EPD) with SNOMED Code","202310","https://opendata.nhsbsa.net/dataset/english-prescribing-dataset-epd-with-snomed-code","Open Government Licence 3.0",,"not recorded contemporaneously; local archive modification/copy time retained","2026-08-05","data/epd/EPD_SNOMED_202310.ZIP","yes - SHA-256 is for the source ZIP archive","ZIP containing one CSV","657006845","0a2e8955a282c30c0ecc2925225c3e939d00359973a3dfc5f92df80ae10eaf88","2026-07-11T08:33:16Z","EPD_SNOMED_202310.csv","7219535513","data/epd/EPD_SNOMED_202310.csv","7219535513","TRUE","legacy_through_202502",,"deferred to Stage 2 raw import to avoid a separate 300+ GB scan","27","YEAR_MONTH;REGIONAL_OFFICE_NAME;REGIONAL_OFFICE_CODE;ICB_NAME;ICB_CODE;PCO_NAME;PCO_CODE;PRACTICE_NAME;PRACTICE_CODE;ADDRESS_1;ADDRESS_2;ADDRESS_3;ADDRESS_4;POSTCODE;BNF_CHEMICAL_SUBSTANCE;CHEMICAL_SUBSTANCE_BNF_DESCR;BNF_CODE;BNF_DESCRIPTION;BNF_CHAPTER_PLUS_CODE;QUANTITY;ITEMS;TOTAL_QUANTITY;ADQUSAGE;NIC;ACTUAL_COST;UNIDENTIFIED;SNOMED_CODE","published EPD record; expected practice/presentation/month grain, to be verified in Stage 2","YEAR_MONTH + PRACTICE_CODE + presentation code (candidate; verify in Stage 2)",,,"202310","202310",,"Archive member name/size matches extracted CSV. The canonical analysis should consume the hashed archive directly, or independently verify the extracted content before use."
"EPD_202311","monthly prescribing source archive","main inferential analysis","NHS Business Services Authority","English Prescribing Dataset (EPD) with SNOMED Code","202311","https://opendata.nhsbsa.net/dataset/english-prescribing-dataset-epd-with-snomed-code","Open Government Licence 3.0",,"not recorded contemporaneously; local archive modification/copy time retained","2026-08-05","data/epd/EPD_SNOMED_202311.ZIP","yes - SHA-256 is for the source ZIP archive","ZIP containing one CSV","660666587","1043079ad9869c661a5cb1041a7b299070b811304dba3e5c755b8e401946b95f","2026-07-11T08:35:02Z","EPD_SNOMED_202311.csv","7266791481","data/epd/EPD_SNOMED_202311.csv","7266791481","TRUE","legacy_through_202502",,"deferred to Stage 2 raw import to avoid a separate 300+ GB scan","27","YEAR_MONTH;REGIONAL_OFFICE_NAME;REGIONAL_OFFICE_CODE;ICB_NAME;ICB_CODE;PCO_NAME;PCO_CODE;PRACTICE_NAME;PRACTICE_CODE;ADDRESS_1;ADDRESS_2;ADDRESS_3;ADDRESS_4;POSTCODE;BNF_CHEMICAL_SUBSTANCE;CHEMICAL_SUBSTANCE_BNF_DESCR;BNF_CODE;BNF_DESCRIPTION;BNF_CHAPTER_PLUS_CODE;QUANTITY;ITEMS;TOTAL_QUANTITY;ADQUSAGE;NIC;ACTUAL_COST;UNIDENTIFIED;SNOMED_CODE","published EPD record; expected practice/presentation/month grain, to be verified in Stage 2","YEAR_MONTH + PRACTICE_CODE + presentation code (candidate; verify in Stage 2)",,,"202311","202311",,"Archive member name/size matches extracted CSV. The canonical analysis should consume the hashed archive directly, or independently verify the extracted content before use."
"EPD_202312","monthly prescribing source archive","main inferential analysis","NHS Business Services Authority","English Prescribing Dataset (EPD) with SNOMED Code","202312","https://opendata.nhsbsa.net/dataset/english-prescribing-dataset-epd-with-snomed-code","Open Government Licence 3.0",,"not recorded contemporaneously; local archive modification/copy time retained","2026-08-05","data/epd/EPD_SNOMED_202312.ZIP","yes - SHA-256 is for the source ZIP archive","ZIP containing one CSV","655381688","cf7948b089e565269a26d1801f30af47575864451a6f752db4bcf432f715d1d5","2026-07-11T08:35:09Z","EPD_SNOMED_202312.csv","7203284618","data/epd/EPD_SNOMED_202312.csv","7203284618","TRUE","legacy_through_202502",,"deferred to Stage 2 raw import to avoid a separate 300+ GB scan","27","YEAR_MONTH;REGIONAL_OFFICE_NAME;REGIONAL_OFFICE_CODE;ICB_NAME;ICB_CODE;PCO_NAME;PCO_CODE;PRACTICE_NAME;PRACTICE_CODE;ADDRESS_1;ADDRESS_2;ADDRESS_3;ADDRESS_4;POSTCODE;BNF_CHEMICAL_SUBSTANCE;CHEMICAL_SUBSTANCE_BNF_DESCR;BNF_CODE;BNF_DESCRIPTION;BNF_CHAPTER_PLUS_CODE;QUANTITY;ITEMS;TOTAL_QUANTITY;ADQUSAGE;NIC;ACTUAL_COST;UNIDENTIFIED;SNOMED_CODE","published EPD record; expected practice/presentation/month grain, to be verified in Stage 2","YEAR_MONTH + PRACTICE_CODE + presentation code (candidate; verify in Stage 2)",,,"202312","202312",,"Archive member name/size matches extracted CSV. The canonical analysis should consume the hashed archive directly, or independently verify the extracted content before use."
"EPD_202401","monthly prescribing source archive","main inferential analysis","NHS Business Services Authority","English Prescribing Dataset (EPD) with SNOMED Code","202401","https://opendata.nhsbsa.net/dataset/english-prescribing-dataset-epd-with-snomed-code","Open Government Licence 3.0",,"not recorded contemporaneously; local archive modification/copy time retained","2026-08-05","data/epd/EPD_SNOMED_202401.ZIP","yes - SHA-256 is for the source ZIP archive","ZIP containing one CSV","667321301","03ab3c648162ff8266a342b59164ce5d19c7fa2e8f02c44c57013a357ab1acf3","2026-07-11T08:19:36Z","EPD_SNOMED_202401.csv","7330921367","data/epd/EPD_SNOMED_202401.csv","7330921367","TRUE","legacy_through_202502",,"deferred to Stage 2 raw import to avoid a separate 300+ GB scan","27","YEAR_MONTH;REGIONAL_OFFICE_NAME;REGIONAL_OFFICE_CODE;ICB_NAME;ICB_CODE;PCO_NAME;PCO_CODE;PRACTICE_NAME;PRACTICE_CODE;ADDRESS_1;ADDRESS_2;ADDRESS_3;ADDRESS_4;POSTCODE;BNF_CHEMICAL_SUBSTANCE;CHEMICAL_SUBSTANCE_BNF_DESCR;BNF_CODE;BNF_DESCRIPTION;BNF_CHAPTER_PLUS_CODE;QUANTITY;ITEMS;TOTAL_QUANTITY;ADQUSAGE;NIC;ACTUAL_COST;UNIDENTIFIED;SNOMED_CODE","published EPD record; expected practice/presentation/month grain, to be verified in Stage 2","YEAR_MONTH + PRACTICE_CODE + presentation code (candidate; verify in Stage 2)",,,"202401","202401",,"Archive member name/size matches extracted CSV. The canonical analysis should consume the hashed archive directly, or independently verify the extracted content before use."
"EPD_202402","monthly prescribing source archive","main inferential analysis","NHS Business Services Authority","English Prescribing Dataset (EPD) with SNOMED Code","202402","https://opendata.nhsbsa.net/dataset/english-prescribing-dataset-epd-with-snomed-code","Open Government Licence 3.0",,"not recorded contemporaneously; local archive modification/copy time retained","2026-08-05","data/epd/EPD_SNOMED_202402.ZIP","yes - SHA-256 is for the source ZIP archive","ZIP containing one CSV","651002369","2c8be12cfcc9b14598ab09f4317eaae5ca32af9da1c361e945422578c6f1773f","2026-07-11T08:20:02Z","EPD_SNOMED_202402.csv","7155429235","data/epd/EPD_SNOMED_202402.csv","7155429235","TRUE","legacy_through_202502",,"deferred to Stage 2 raw import to avoid a separate 300+ GB scan","27","YEAR_MONTH;REGIONAL_OFFICE_NAME;REGIONAL_OFFICE_CODE;ICB_NAME;ICB_CODE;PCO_NAME;PCO_CODE;PRACTICE_NAME;PRACTICE_CODE;ADDRESS_1;ADDRESS_2;ADDRESS_3;ADDRESS_4;POSTCODE;BNF_CHEMICAL_SUBSTANCE;CHEMICAL_SUBSTANCE_BNF_DESCR;BNF_CODE;BNF_DESCRIPTION;BNF_CHAPTER_PLUS_CODE;QUANTITY;ITEMS;TOTAL_QUANTITY;ADQUSAGE;NIC;ACTUAL_COST;UNIDENTIFIED;SNOMED_CODE","published EPD record; expected practice/presentation/month grain, to be verified in Stage 2","YEAR_MONTH + PRACTICE_CODE + presentation code (candidate; verify in Stage 2)",,,"202402","202402",,"Archive member name/size matches extracted CSV. The canonical analysis should consume the hashed archive directly, or independently verify the extracted content before use."
"EPD_202403","monthly prescribing source archive","main inferential analysis","NHS Business Services Authority","English Prescribing Dataset (EPD) with SNOMED Code","202403","https://opendata.nhsbsa.net/dataset/english-prescribing-dataset-epd-with-snomed-code","Open Government Licence 3.0",,"not recorded contemporaneously; local archive modification/copy time retained","2026-08-05","data/epd/EPD_SNOMED_202403.ZIP","yes - SHA-256 is for the source ZIP archive","ZIP containing one CSV","655594256","00b74bc4b5d65e3976359ef6098b4e64adc1ced6e9fd82da9086c37e3c35befd","2026-07-11T08:20:26Z","EPD_SNOMED_202403.csv","7207178759","data/epd/EPD_SNOMED_202403.csv","7207178759","TRUE","legacy_through_202502",,"deferred to Stage 2 raw import to avoid a separate 300+ GB scan","27","YEAR_MONTH;REGIONAL_OFFICE_NAME;REGIONAL_OFFICE_CODE;ICB_NAME;ICB_CODE;PCO_NAME;PCO_CODE;PRACTICE_NAME;PRACTICE_CODE;ADDRESS_1;ADDRESS_2;ADDRESS_3;ADDRESS_4;POSTCODE;BNF_CHEMICAL_SUBSTANCE;CHEMICAL_SUBSTANCE_BNF_DESCR;BNF_CODE;BNF_DESCRIPTION;BNF_CHAPTER_PLUS_CODE;QUANTITY;ITEMS;TOTAL_QUANTITY;ADQUSAGE;NIC;ACTUAL_COST;UNIDENTIFIED;SNOMED_CODE","published EPD record; expected practice/presentation/month grain, to be verified in Stage 2","YEAR_MONTH + PRACTICE_CODE + presentation code (candidate; verify in Stage 2)",,,"202403","202403",,"Archive member name/size matches extracted CSV. The canonical analysis should consume the hashed archive directly, or independently verify the extracted content before use."
"EPD_202404","monthly prescribing source archive","main inferential analysis","NHS Business Services Authority","English Prescribing Dataset (EPD) with SNOMED Code","202404","https://opendata.nhsbsa.net/dataset/english-prescribing-dataset-epd-with-snomed-code","Open Government Licence 3.0",,"not recorded contemporaneously; local archive modification/copy time retained","2026-08-05","data/epd/EPD_SNOMED_202404.ZIP","yes - SHA-256 is for the source ZIP archive","ZIP containing one CSV","658149175","f2a4e6f8b7cec5c093c9433224845268fa038fe06bfffc4e29ec617cde2b8bf6","2026-07-11T08:19:25Z","EPD_SNOMED_202404.csv","7309208266","data/epd/EPD_SNOMED_202404.csv","7309208266","TRUE","legacy_through_202502",,"deferred to Stage 2 raw import to avoid a separate 300+ GB scan","27","YEAR_MONTH;REGIONAL_OFFICE_NAME;REGIONAL_OFFICE_CODE;ICB_NAME;ICB_CODE;PCO_NAME;PCO_CODE;PRACTICE_NAME;PRACTICE_CODE;ADDRESS_1;ADDRESS_2;ADDRESS_3;ADDRESS_4;POSTCODE;BNF_CHEMICAL_SUBSTANCE;CHEMICAL_SUBSTANCE_BNF_DESCR;BNF_CODE;BNF_DESCRIPTION;BNF_CHAPTER_PLUS_CODE;QUANTITY;ITEMS;TOTAL_QUANTITY;ADQUSAGE;NIC;ACTUAL_COST;UNIDENTIFIED;SNOMED_CODE","published EPD record; expected practice/presentation/month grain, to be verified in Stage 2","YEAR_MONTH + PRACTICE_CODE + presentation code (candidate; verify in Stage 2)",,,"202404","202404",,"Archive member name/size matches extracted CSV. The canonical analysis should consume the hashed archive directly, or independently verify the extracted content before use."
"EPD_202405","monthly prescribing source archive","main inferential analysis","NHS Business Services Authority","English Prescribing Dataset (EPD) with SNOMED Code","202405","https://opendata.nhsbsa.net/dataset/english-prescribing-dataset-epd-with-snomed-code","Open Government Licence 3.0",,"not recorded contemporaneously; local archive modification/copy time retained","2026-08-05","data/epd/EPD_SNOMED_202405.ZIP","yes - SHA-256 is for the source ZIP archive","ZIP containing one CSV","661419424","5a7b75277973ccc45992cc5199ef89f87919d5a280904cb680f1d9c4646b2c41","2026-07-11T08:18:01Z","EPD_SNOMED_202405.csv","7351373908","data/epd/EPD_SNOMED_202405.csv","7351373908","TRUE","legacy_through_202502",,"deferred to Stage 2 raw import to avoid a separate 300+ GB scan","27","YEAR_MONTH;REGIONAL_OFFICE_NAME;REGIONAL_OFFICE_CODE;ICB_NAME;ICB_CODE;PCO_NAME;PCO_CODE;PRACTICE_NAME;PRACTICE_CODE;ADDRESS_1;ADDRESS_2;ADDRESS_3;ADDRESS_4;POSTCODE;BNF_CHEMICAL_SUBSTANCE;CHEMICAL_SUBSTANCE_BNF_DESCR;BNF_CODE;BNF_DESCRIPTION;BNF_CHAPTER_PLUS_CODE;QUANTITY;ITEMS;TOTAL_QUANTITY;ADQUSAGE;NIC;ACTUAL_COST;UNIDENTIFIED;SNOMED_CODE","published EPD record; expected practice/presentation/month grain, to be verified in Stage 2","YEAR_MONTH + PRACTICE_CODE + presentation code (candidate; verify in Stage 2)",,,"202405","202405",,"Archive member name/size matches extracted CSV. The canonical analysis should consume the hashed archive directly, or independently verify the extracted content before use."
"EPD_202406","monthly prescribing source archive","main inferential analysis","NHS Business Services Authority","English Prescribing Dataset (EPD) with SNOMED Code","202406","https://opendata.nhsbsa.net/dataset/english-prescribing-dataset-epd-with-snomed-code","Open Government Licence 3.0",,"not recorded contemporaneously; local archive modification/copy time retained","2026-08-05","data/epd/EPD_SNOMED_202406.ZIP","yes - SHA-256 is for the source ZIP archive","ZIP containing one CSV","648330754","34a4df176f016397867091e00dd8bc9db140ec3c4d72b6c6ea1ec4b1ef4e1c37","2026-07-11T08:18:35Z","EPD_SNOMED_202406.csv","7199164252","data/epd/EPD_SNOMED_202406.csv","7199164252","TRUE","legacy_through_202502",,"deferred to Stage 2 raw import to avoid a separate 300+ GB scan","27","YEAR_MONTH;REGIONAL_OFFICE_NAME;REGIONAL_OFFICE_CODE;ICB_NAME;ICB_CODE;PCO_NAME;PCO_CODE;PRACTICE_NAME;PRACTICE_CODE;ADDRESS_1;ADDRESS_2;ADDRESS_3;ADDRESS_4;POSTCODE;BNF_CHEMICAL_SUBSTANCE;CHEMICAL_SUBSTANCE_BNF_DESCR;BNF_CODE;BNF_DESCRIPTION;BNF_CHAPTER_PLUS_CODE;QUANTITY;ITEMS;TOTAL_QUANTITY;ADQUSAGE;NIC;ACTUAL_COST;UNIDENTIFIED;SNOMED_CODE","published EPD record; expected practice/presentation/month grain, to be verified in Stage 2","YEAR_MONTH + PRACTICE_CODE + presentation code (candidate; verify in Stage 2)",,,"202406","202406",,"Archive member name/size matches extracted CSV. The canonical analysis should consume the hashed archive directly, or independently verify the extracted content before use."
"EPD_202407","monthly prescribing source archive","main inferential analysis","NHS Business Services Authority","English Prescribing Dataset (EPD) with SNOMED Code","202407","https://opendata.nhsbsa.net/dataset/english-prescribing-dataset-epd-with-snomed-code","Open Government Licence 3.0",,"not recorded contemporaneously; local archive modification/copy time retained","2026-08-05","data/epd/EPD_SNOMED_202407.ZIP","yes - SHA-256 is for the source ZIP archive","ZIP containing one CSV","668269102","20a88a157eddf904fe4f9b7393d938680bec303674d30a75a32eb9a41cc74cf9","2026-07-11T08:10:31Z","EPD_SNOMED_202407.csv","7424010506","data/epd/EPD_SNOMED_202407.csv","7424010506","TRUE","legacy_through_202502",,"deferred to Stage 2 raw import to avoid a separate 300+ GB scan","27","YEAR_MONTH;REGIONAL_OFFICE_NAME;REGIONAL_OFFICE_CODE;ICB_NAME;ICB_CODE;PCO_NAME;PCO_CODE;PRACTICE_NAME;PRACTICE_CODE;ADDRESS_1;ADDRESS_2;ADDRESS_3;ADDRESS_4;POSTCODE;BNF_CHEMICAL_SUBSTANCE;CHEMICAL_SUBSTANCE_BNF_DESCR;BNF_CODE;BNF_DESCRIPTION;BNF_CHAPTER_PLUS_CODE;QUANTITY;ITEMS;TOTAL_QUANTITY;ADQUSAGE;NIC;ACTUAL_COST;UNIDENTIFIED;SNOMED_CODE","published EPD record; expected practice/presentation/month grain, to be verified in Stage 2","YEAR_MONTH + PRACTICE_CODE + presentation code (candidate; verify in Stage 2)",,,"202407","202407",,"Archive member name/size matches extracted CSV. The canonical analysis should consume the hashed archive directly, or independently verify the extracted content before use."
"EPD_202408","monthly prescribing source archive","main inferential analysis","NHS Business Services Authority","English Prescribing Dataset (EPD) with SNOMED Code","202408","https://opendata.nhsbsa.net/dataset/english-prescribing-dataset-epd-with-snomed-code","Open Government Licence 3.0",,"not recorded contemporaneously; local archive modification/copy time retained","2026-08-05","data/epd/EPD_SNOMED_202408.ZIP","yes - SHA-256 is for the source ZIP archive","ZIP containing one CSV","653931385","a0315e1c8b5c7c60561cce9f4c6aa302566760972f687f151aa4c153321a1896","2026-07-11T08:09:43Z","EPD_SNOMED_202408.csv","7264195511","data/epd/EPD_SNOMED_202408.csv","7264195511","TRUE","legacy_through_202502",,"deferred to Stage 2 raw import to avoid a separate 300+ GB scan","27","YEAR_MONTH;REGIONAL_OFFICE_NAME;REGIONAL_OFFICE_CODE;ICB_NAME;ICB_CODE;PCO_NAME;PCO_CODE;PRACTICE_NAME;PRACTICE_CODE;ADDRESS_1;ADDRESS_2;ADDRESS_3;ADDRESS_4;POSTCODE;BNF_CHEMICAL_SUBSTANCE;CHEMICAL_SUBSTANCE_BNF_DESCR;BNF_CODE;BNF_DESCRIPTION;BNF_CHAPTER_PLUS_CODE;QUANTITY;ITEMS;TOTAL_QUANTITY;ADQUSAGE;NIC;ACTUAL_COST;UNIDENTIFIED;SNOMED_CODE","published EPD record; expected practice/presentation/month grain, to be verified in Stage 2","YEAR_MONTH + PRACTICE_CODE + presentation code (candidate; verify in Stage 2)",,,"202408","202408",,"Archive member name/size matches extracted CSV. The canonical analysis should consume the hashed archive directly, or independently verify the extracted content before use."
"EPD_202409","monthly prescribing source archive","main inferential analysis","NHS Business Services Authority","English Prescribing Dataset (EPD) with SNOMED Code","202409","https://opendata.nhsbsa.net/dataset/english-prescribing-dataset-epd-with-snomed-code","Open Government Licence 3.0",,"not recorded contemporaneously; local archive modification/copy time retained","2026-08-05","data/epd/EPD_SNOMED_202409.ZIP","yes - SHA-256 is for the source ZIP archive","ZIP containing one CSV","650988222","4186ec0cb908a4df1fed235a7437d45b8e50b7252e7400db0af720dcf6f66751","2026-07-11T08:09:15Z","EPD_SNOMED_202409.csv","7231577078","data/epd/EPD_SNOMED_202409.csv","7231577078","TRUE","legacy_through_202502",,"deferred to Stage 2 raw import to avoid a separate 300+ GB scan","27","YEAR_MONTH;REGIONAL_OFFICE_NAME;REGIONAL_OFFICE_CODE;ICB_NAME;ICB_CODE;PCO_NAME;PCO_CODE;PRACTICE_NAME;PRACTICE_CODE;ADDRESS_1;ADDRESS_2;ADDRESS_3;ADDRESS_4;POSTCODE;BNF_CHEMICAL_SUBSTANCE;CHEMICAL_SUBSTANCE_BNF_DESCR;BNF_CODE;BNF_DESCRIPTION;BNF_CHAPTER_PLUS_CODE;QUANTITY;ITEMS;TOTAL_QUANTITY;ADQUSAGE;NIC;ACTUAL_COST;UNIDENTIFIED;SNOMED_CODE","published EPD record; expected practice/presentation/month grain, to be verified in Stage 2","YEAR_MONTH + PRACTICE_CODE + presentation code (candidate; verify in Stage 2)",,,"202409","202409",,"Archive member name/size matches extracted CSV. The canonical analysis should consume the hashed archive directly, or independently verify the extracted content before use."
"EPD_202410","monthly prescribing source archive","main inferential analysis","NHS Business Services Authority","English Prescribing Dataset (EPD) with SNOMED Code","202410","https://opendata.nhsbsa.net/dataset/english-prescribing-dataset-epd-with-snomed-code","Open Government Licence 3.0",,"not recorded contemporaneously; local archive modification/copy time retained","2026-08-05","data/epd/EPD_SNOMED_202410.ZIP","yes - SHA-256 is for the source ZIP archive","ZIP containing one CSV","666402872","cefb29af0e7b7f7b958bda2c513b48bf4e42fb2d7d1467e9fafbf6461f80eb69","2026-07-11T08:10:43Z","EPD_SNOMED_202410.csv","7402509395","data/epd/EPD_SNOMED_202410.csv","7402509395","TRUE","legacy_through_202502",,"deferred to Stage 2 raw import to avoid a separate 300+ GB scan","27","YEAR_MONTH;REGIONAL_OFFICE_NAME;REGIONAL_OFFICE_CODE;ICB_NAME;ICB_CODE;PCO_NAME;PCO_CODE;PRACTICE_NAME;PRACTICE_CODE;ADDRESS_1;ADDRESS_2;ADDRESS_3;ADDRESS_4;POSTCODE;BNF_CHEMICAL_SUBSTANCE;CHEMICAL_SUBSTANCE_BNF_DESCR;BNF_CODE;BNF_DESCRIPTION;BNF_CHAPTER_PLUS_CODE;QUANTITY;ITEMS;TOTAL_QUANTITY;ADQUSAGE;NIC;ACTUAL_COST;UNIDENTIFIED;SNOMED_CODE","published EPD record; expected practice/presentation/month grain, to be verified in Stage 2","YEAR_MONTH + PRACTICE_CODE + presentation code (candidate; verify in Stage 2)",,,"202410","202410",,"Archive member name/size matches extracted CSV. The canonical analysis should consume the hashed archive directly, or independently verify the extracted content before use."
"EPD_202411","monthly prescribing source archive","main inferential analysis","NHS Business Services Authority","English Prescribing Dataset (EPD) with SNOMED Code","202411","https://opendata.nhsbsa.net/dataset/english-prescribing-dataset-epd-with-snomed-code","Open Government Licence 3.0",,"not recorded contemporaneously; local archive modification/copy time retained","2026-08-05","data/epd/EPD_SNOMED_202411.ZIP","yes - SHA-256 is for the source ZIP archive","ZIP containing one CSV","655549872","169a01d4537edf08430b4eecba444425be5165c0d4a445d329ffed174a48aeba","2026-07-11T08:07:40Z","EPD_SNOMED_202411.csv","7281641344","data/epd/EPD_SNOMED_202411.csv","7281641344","TRUE","legacy_through_202502",,"deferred to Stage 2 raw import to avoid a separate 300+ GB scan","27","YEAR_MONTH;REGIONAL_OFFICE_NAME;REGIONAL_OFFICE_CODE;ICB_NAME;ICB_CODE;PCO_NAME;PCO_CODE;PRACTICE_NAME;PRACTICE_CODE;ADDRESS_1;ADDRESS_2;ADDRESS_3;ADDRESS_4;POSTCODE;BNF_CHEMICAL_SUBSTANCE;CHEMICAL_SUBSTANCE_BNF_DESCR;BNF_CODE;BNF_DESCRIPTION;BNF_CHAPTER_PLUS_CODE;QUANTITY;ITEMS;TOTAL_QUANTITY;ADQUSAGE;NIC;ACTUAL_COST;UNIDENTIFIED;SNOMED_CODE","published EPD record; expected practice/presentation/month grain, to be verified in Stage 2","YEAR_MONTH + PRACTICE_CODE + presentation code (candidate; verify in Stage 2)",,,"202411","202411",,"Archive member name/size matches extracted CSV. The canonical analysis should consume the hashed archive directly, or independently verify the extracted content before use."
"EPD_202412","monthly prescribing source archive","main inferential analysis","NHS Business Services Authority","English Prescribing Dataset (EPD) with SNOMED Code","202412","https://opendata.nhsbsa.net/dataset/english-prescribing-dataset-epd-with-snomed-code","Open Government Licence 3.0",,"not recorded contemporaneously; local archive modification/copy time retained","2026-08-05","data/epd/EPD_SNOMED_202412.ZIP","yes - SHA-256 is for the source ZIP archive","ZIP containing one CSV","657652619","0409b86430fec5c53334d0d3f3519a2825497d1929700dd97907510a36700a11","2026-07-11T08:10:37Z","EPD_SNOMED_202412.csv","7306445899","data/epd/EPD_SNOMED_202412.csv","7306445899","TRUE","legacy_through_202502",,"deferred to Stage 2 raw import to avoid a separate 300+ GB scan","27","YEAR_MONTH;REGIONAL_OFFICE_NAME;REGIONAL_OFFICE_CODE;ICB_NAME;ICB_CODE;PCO_NAME;PCO_CODE;PRACTICE_NAME;PRACTICE_CODE;ADDRESS_1;ADDRESS_2;ADDRESS_3;ADDRESS_4;POSTCODE;BNF_CHEMICAL_SUBSTANCE;CHEMICAL_SUBSTANCE_BNF_DESCR;BNF_CODE;BNF_DESCRIPTION;BNF_CHAPTER_PLUS_CODE;QUANTITY;ITEMS;TOTAL_QUANTITY;ADQUSAGE;NIC;ACTUAL_COST;UNIDENTIFIED;SNOMED_CODE","published EPD record; expected practice/presentation/month grain, to be verified in Stage 2","YEAR_MONTH + PRACTICE_CODE + presentation code (candidate; verify in Stage 2)",,,"202412","202412",,"Archive member name/size matches extracted CSV. The canonical analysis should consume the hashed archive directly, or independently verify the extracted content before use."
"EPD_202501","monthly prescribing source archive","main inferential analysis","NHS Business Services Authority","English Prescribing Dataset (EPD) with SNOMED Code","202501","https://opendata.nhsbsa.net/dataset/english-prescribing-dataset-epd-with-snomed-code","Open Government Licence 3.0",,"not recorded contemporaneously; local archive modification/copy time retained","2026-08-05","data/epd/EPD_SNOMED_202501.ZIP","yes - SHA-256 is for the source ZIP archive","ZIP containing one CSV","668205973","d1299b5a8fad79b889a7ef446b1de31475d595ca09ca8d1def9bf0bca56ec8e5","2026-07-11T07:52:38Z","EPD_SNOMED_202501.csv","7425682327","data/epd/EPD_SNOMED_202501.csv","7425682327","TRUE","legacy_through_202502",,"deferred to Stage 2 raw import to avoid a separate 300+ GB scan","27","YEAR_MONTH;REGIONAL_OFFICE_NAME;REGIONAL_OFFICE_CODE;ICB_NAME;ICB_CODE;PCO_NAME;PCO_CODE;PRACTICE_NAME;PRACTICE_CODE;ADDRESS_1;ADDRESS_2;ADDRESS_3;ADDRESS_4;POSTCODE;BNF_CHEMICAL_SUBSTANCE;CHEMICAL_SUBSTANCE_BNF_DESCR;BNF_CODE;BNF_DESCRIPTION;BNF_CHAPTER_PLUS_CODE;QUANTITY;ITEMS;TOTAL_QUANTITY;ADQUSAGE;NIC;ACTUAL_COST;UNIDENTIFIED;SNOMED_CODE","published EPD record; expected practice/presentation/month grain, to be verified in Stage 2","YEAR_MONTH + PRACTICE_CODE + presentation code (candidate; verify in Stage 2)",,,"202501","202501",,"Archive member name/size matches extracted CSV. The canonical analysis should consume the hashed archive directly, or independently verify the extracted content before use."
"EPD_202502","monthly prescribing source archive","main inferential analysis","NHS Business Services Authority","English Prescribing Dataset (EPD) with SNOMED Code","202502","https://opendata.nhsbsa.net/dataset/english-prescribing-dataset-epd-with-snomed-code","Open Government Licence 3.0",,"not recorded contemporaneously; local archive modification/copy time retained","2026-08-05","data/epd/EPD_SNOMED_202502.ZIP","yes - SHA-256 is for the source ZIP archive","ZIP containing one CSV","638970139","051cf08fc3d7ce59c2c0b225740ebc84e534c09e93116b33789926c79ead0c1f","2026-07-11T07:51:13Z","EPD_SNOMED_202502.csv","7094438318","data/epd/EPD_SNOMED_202502.csv","7094438318","TRUE","legacy_through_202502",,"deferred to Stage 2 raw import to avoid a separate 300+ GB scan","27","YEAR_MONTH;REGIONAL_OFFICE_NAME;REGIONAL_OFFICE_CODE;ICB_NAME;ICB_CODE;PCO_NAME;PCO_CODE;PRACTICE_NAME;PRACTICE_CODE;ADDRESS_1;ADDRESS_2;ADDRESS_3;ADDRESS_4;POSTCODE;BNF_CHEMICAL_SUBSTANCE;CHEMICAL_SUBSTANCE_BNF_DESCR;BNF_CODE;BNF_DESCRIPTION;BNF_CHAPTER_PLUS_CODE;QUANTITY;ITEMS;TOTAL_QUANTITY;ADQUSAGE;NIC;ACTUAL_COST;UNIDENTIFIED;SNOMED_CODE","published EPD record; expected practice/presentation/month grain, to be verified in Stage 2","YEAR_MONTH + PRACTICE_CODE + presentation code (candidate; verify in Stage 2)",,,"202502","202502",,"Archive member name/size matches extracted CSV. The canonical analysis should consume the hashed archive directly, or independently verify the extracted content before use."
"EPD_202503","monthly prescribing source archive","main inferential analysis","NHS Business Services Authority","English Prescribing Dataset (EPD) with SNOMED Code","202503","https://opendata.nhsbsa.net/dataset/english-prescribing-dataset-epd-with-snomed-code","Open Government Licence 3.0",,"not recorded contemporaneously; local archive modification/copy time retained","2026-08-05","data/epd/EPD_SNOMED_202503.ZIP","yes - SHA-256 is for the source ZIP archive","ZIP containing one CSV","668378891","db58016e52b1f3fade41b97d14caccad1d6f8524e95cf5ebd91f1c22c220890d","2026-07-11T07:51:37Z","EPD_SNOMED_202503.csv","7688476201","data/epd/EPD_SNOMED_202503.csv","7688476201","TRUE","snomed_from_202503",,"deferred to Stage 2 raw import to avoid a separate 300+ GB scan","27","YEAR_MONTH;REGIONAL_OFFICE_NAME;REGIONAL_OFFICE_CODE;ICB_NAME;ICB_CODE;PCO_NAME;PCO_CODE;PRACTICE_NAME;PRACTICE_CODE;ADDRESS_1;ADDRESS_2;ADDRESS_3;ADDRESS_4;POSTCODE;BNF_CHEMICAL_SUBSTANCE_CODE;BNF_CHEMICAL_SUBSTANCE;BNF_PRESENTATION_CODE;BNF_PRESENTATION_NAME;BNF_CHAPTER_PLUS_CODE;QUANTITY;ITEMS;TOTAL_QUANTITY;ADQ_USAGE;NIC;ACTUAL_COST;UNIDENTIFIED;SNOMED_CODE","published EPD record; expected practice/presentation/month grain, to be verified in Stage 2","YEAR_MONTH + PRACTICE_CODE + presentation code (candidate; verify in Stage 2)",,,"202503","202503",,"Archive member name/size matches extracted CSV. The canonical analysis should consume the hashed archive directly, or independently verify the extracted content before use."
"EPD_202504","monthly prescribing source archive","main inferential analysis","NHS Business Services Authority","English Prescribing Dataset (EPD) with SNOMED Code","202504","https://opendata.nhsbsa.net/dataset/english-prescribing-dataset-epd-with-snomed-code","Open Government Licence 3.0",,"not recorded contemporaneously; local archive modification/copy time retained","2026-08-05","data/epd/EPD_SNOMED_202504.ZIP","yes - SHA-256 is for the source ZIP archive","ZIP containing one CSV","662430876","49692bae56ef6ba89e15318e515080b2fb3294c31b479b6d54793a974b7ec3fc","2026-07-11T07:52:21Z","EPD_SNOMED_202504.csv","7613981108","data/epd/EPD_SNOMED_202504.csv","7613981108","TRUE","snomed_from_202503",,"deferred to Stage 2 raw import to avoid a separate 300+ GB scan","27","YEAR_MONTH;REGIONAL_OFFICE_NAME;REGIONAL_OFFICE_CODE;ICB_NAME;ICB_CODE;PCO_NAME;PCO_CODE;PRACTICE_NAME;PRACTICE_CODE;ADDRESS_1;ADDRESS_2;ADDRESS_3;ADDRESS_4;POSTCODE;BNF_CHEMICAL_SUBSTANCE_CODE;BNF_CHEMICAL_SUBSTANCE;BNF_PRESENTATION_CODE;BNF_PRESENTATION_NAME;BNF_CHAPTER_PLUS_CODE;QUANTITY;ITEMS;TOTAL_QUANTITY;ADQ_USAGE;NIC;ACTUAL_COST;UNIDENTIFIED;SNOMED_CODE","published EPD record; expected practice/presentation/month grain, to be verified in Stage 2","YEAR_MONTH + PRACTICE_CODE + presentation code (candidate; verify in Stage 2)",,,"202504","202504",,"Archive member name/size matches extracted CSV. The canonical analysis should consume the hashed archive directly, or independently verify the extracted content before use."
"EPD_202505","monthly prescribing source archive","main inferential analysis","NHS Business Services Authority","English Prescribing Dataset (EPD) with SNOMED Code","202505","https://opendata.nhsbsa.net/dataset/english-prescribing-dataset-epd-with-snomed-code","Open Government Licence 3.0",,"not recorded contemporaneously; local archive modification/copy time retained","2026-08-05","data/epd/EPD_SNOMED_202505.ZIP","yes - SHA-256 is for the source ZIP archive","ZIP containing one CSV","675886838","e4eb65679afe7da26fe4dee2e87be8ce7455dda5dd3f11c209aca0b5c845c3d3","2026-07-11T07:51:34Z","EPD_SNOMED_202505.csv","7775190100","data/epd/EPD_SNOMED_202505.csv","7775190100","TRUE","snomed_from_202503",,"deferred to Stage 2 raw import to avoid a separate 300+ GB scan","27","YEAR_MONTH;REGIONAL_OFFICE_NAME;REGIONAL_OFFICE_CODE;ICB_NAME;ICB_CODE;PCO_NAME;PCO_CODE;PRACTICE_NAME;PRACTICE_CODE;ADDRESS_1;ADDRESS_2;ADDRESS_3;ADDRESS_4;POSTCODE;BNF_CHEMICAL_SUBSTANCE_CODE;BNF_CHEMICAL_SUBSTANCE;BNF_PRESENTATION_CODE;BNF_PRESENTATION_NAME;BNF_CHAPTER_PLUS_CODE;QUANTITY;ITEMS;TOTAL_QUANTITY;ADQ_USAGE;NIC;ACTUAL_COST;UNIDENTIFIED;SNOMED_CODE","published EPD record; expected practice/presentation/month grain, to be verified in Stage 2","YEAR_MONTH + PRACTICE_CODE + presentation code (candidate; verify in Stage 2)",,,"202505","202505",,"Archive member name/size matches extracted CSV. The canonical analysis should consume the hashed archive directly, or independently verify the extracted content before use."
"EPD_202506","monthly prescribing source archive","main inferential analysis","NHS Business Services Authority","English Prescribing Dataset (EPD) with SNOMED Code","202506","https://opendata.nhsbsa.net/dataset/english-prescribing-dataset-epd-with-snomed-code","Open Government Licence 3.0",,"not recorded contemporaneously; local archive modification/copy time retained","2026-08-05","data/epd/EPD_SNOMED_202506.ZIP","yes - SHA-256 is for the source ZIP archive","ZIP containing one CSV","670719468","8ee84ccc20aab675918dd60058baaa3d9a2d1f3f8f6fc0de48b23a8d64e10af9","2026-07-11T07:50:16Z","EPD_SNOMED_202506.csv","7709461540","data/epd/EPD_SNOMED_202506.csv","7709461540","TRUE","snomed_from_202503",,"deferred to Stage 2 raw import to avoid a separate 300+ GB scan","27","YEAR_MONTH;REGIONAL_OFFICE_NAME;REGIONAL_OFFICE_CODE;ICB_NAME;ICB_CODE;PCO_NAME;PCO_CODE;PRACTICE_NAME;PRACTICE_CODE;ADDRESS_1;ADDRESS_2;ADDRESS_3;ADDRESS_4;POSTCODE;BNF_CHEMICAL_SUBSTANCE_CODE;BNF_CHEMICAL_SUBSTANCE;BNF_PRESENTATION_CODE;BNF_PRESENTATION_NAME;BNF_CHAPTER_PLUS_CODE;QUANTITY;ITEMS;TOTAL_QUANTITY;ADQ_USAGE;NIC;ACTUAL_COST;UNIDENTIFIED;SNOMED_CODE","published EPD record; expected practice/presentation/month grain, to be verified in Stage 2","YEAR_MONTH + PRACTICE_CODE + presentation code (candidate; verify in Stage 2)",,,"202506","202506",,"Archive member name/size matches extracted CSV. The canonical analysis should consume the hashed archive directly, or independently verify the extracted content before use."
"EPD_202507","monthly prescribing source archive","main inferential analysis","NHS Business Services Authority","English Prescribing Dataset (EPD) with SNOMED Code","202507","https://opendata.nhsbsa.net/dataset/english-prescribing-dataset-epd-with-snomed-code","Open Government Licence 3.0",,"not recorded contemporaneously; local archive modification/copy time retained","2026-08-05","data/epd/EPD_SNOMED_202507.ZIP","yes - SHA-256 is for the source ZIP archive","ZIP containing one CSV","685638090","80461b46f9003dbe8b1eb3211425a4e35dd3f4b5b15056c1f558bf60babd9f1d","2026-07-11T07:36:37Z","EPD_SNOMED_202507.csv","7890987570","data/epd/EPD_SNOMED_202507.csv","7890987570","TRUE","snomed_from_202503",,"deferred to Stage 2 raw import to avoid a separate 300+ GB scan","27","YEAR_MONTH;REGIONAL_OFFICE_NAME;REGIONAL_OFFICE_CODE;ICB_NAME;ICB_CODE;PCO_NAME;PCO_CODE;PRACTICE_NAME;PRACTICE_CODE;ADDRESS_1;ADDRESS_2;ADDRESS_3;ADDRESS_4;POSTCODE;BNF_CHEMICAL_SUBSTANCE_CODE;BNF_CHEMICAL_SUBSTANCE;BNF_PRESENTATION_CODE;BNF_PRESENTATION_NAME;BNF_CHAPTER_PLUS_CODE;QUANTITY;ITEMS;TOTAL_QUANTITY;ADQ_USAGE;NIC;ACTUAL_COST;UNIDENTIFIED;SNOMED_CODE","published EPD record; expected practice/presentation/month grain, to be verified in Stage 2","YEAR_MONTH + PRACTICE_CODE + presentation code (candidate; verify in Stage 2)",,,"202507","202507",,"Archive member name/size matches extracted CSV. The canonical analysis should consume the hashed archive directly, or independently verify the extracted content before use."
"EPD_202508","monthly prescribing source archive","main inferential analysis","NHS Business Services Authority","English Prescribing Dataset (EPD) with SNOMED Code","202508","https://opendata.nhsbsa.net/dataset/english-prescribing-dataset-epd-with-snomed-code","Open Government Licence 3.0",,"not recorded contemporaneously; local archive modification/copy time retained","2026-08-05","data/epd/EPD_SNOMED_202508.ZIP","yes - SHA-256 is for the source ZIP archive","ZIP containing one CSV","658006008","95bfcfc9fa27b5ed1badf1ee06a7b6084d565819abe82e71075c80212d23460f","2026-07-11T07:36:29Z","EPD_SNOMED_202508.csv","7566178293","data/epd/EPD_SNOMED_202508.csv","7566178293","TRUE","snomed_from_202503",,"deferred to Stage 2 raw import to avoid a separate 300+ GB scan","27","YEAR_MONTH;REGIONAL_OFFICE_NAME;REGIONAL_OFFICE_CODE;ICB_NAME;ICB_CODE;PCO_NAME;PCO_CODE;PRACTICE_NAME;PRACTICE_CODE;ADDRESS_1;ADDRESS_2;ADDRESS_3;ADDRESS_4;POSTCODE;BNF_CHEMICAL_SUBSTANCE_CODE;BNF_CHEMICAL_SUBSTANCE;BNF_PRESENTATION_CODE;BNF_PRESENTATION_NAME;BNF_CHAPTER_PLUS_CODE;QUANTITY;ITEMS;TOTAL_QUANTITY;ADQ_USAGE;NIC;ACTUAL_COST;UNIDENTIFIED;SNOMED_CODE","published EPD record; expected practice/presentation/month grain, to be verified in Stage 2","YEAR_MONTH + PRACTICE_CODE + presentation code (candidate; verify in Stage 2)",,,"202508","202508",,"Archive member name/size matches extracted CSV. The canonical analysis should consume the hashed archive directly, or independently verify the extracted content before use."
"EPD_202509","monthly prescribing source archive","main inferential analysis","NHS Business Services Authority","English Prescribing Dataset (EPD) with SNOMED Code","202509","https://opendata.nhsbsa.net/dataset/english-prescribing-dataset-epd-with-snomed-code","Open Government Licence 3.0",,"not recorded contemporaneously; local archive modification/copy time retained","2026-08-05","data/epd/EPD_SNOMED_202509.ZIP","yes - SHA-256 is for the source ZIP archive","ZIP containing one CSV","675781491","ec9bc8ab14e45758598d5b65f0090aa6ad23b45dc3079b1ae5a07e2b8f9172e7","2026-07-11T07:35:12Z","EPD_SNOMED_202509.csv","7775623589","data/epd/EPD_SNOMED_202509.csv","7775623589","TRUE","snomed_from_202503",,"deferred to Stage 2 raw import to avoid a separate 300+ GB scan","27","YEAR_MONTH;REGIONAL_OFFICE_NAME;REGIONAL_OFFICE_CODE;ICB_NAME;ICB_CODE;PCO_NAME;PCO_CODE;PRACTICE_NAME;PRACTICE_CODE;ADDRESS_1;ADDRESS_2;ADDRESS_3;ADDRESS_4;POSTCODE;BNF_CHEMICAL_SUBSTANCE_CODE;BNF_CHEMICAL_SUBSTANCE;BNF_PRESENTATION_CODE;BNF_PRESENTATION_NAME;BNF_CHAPTER_PLUS_CODE;QUANTITY;ITEMS;TOTAL_QUANTITY;ADQ_USAGE;NIC;ACTUAL_COST;UNIDENTIFIED;SNOMED_CODE","published EPD record; expected practice/presentation/month grain, to be verified in Stage 2","YEAR_MONTH + PRACTICE_CODE + presentation code (candidate; verify in Stage 2)",,,"202509","202509",,"Archive member name/size matches extracted CSV. The canonical analysis should consume the hashed archive directly, or independently verify the extracted content before use."
"EPD_202510","monthly prescribing source archive","main inferential analysis","NHS Business Services Authority","English Prescribing Dataset (EPD) with SNOMED Code","202510","https://opendata.nhsbsa.net/dataset/english-prescribing-dataset-epd-with-snomed-code","Open Government Licence 3.0",,"not recorded contemporaneously; local archive modification/copy time retained","2026-08-05","data/epd/EPD_SNOMED_202510.ZIP","yes - SHA-256 is for the source ZIP archive","ZIP containing one CSV","672146053","7ed7739bdc5045d79701764778386340983270bae58778b2f398bba4df8a1fb9","2026-07-11T07:34:44Z","EPD_SNOMED_202510.csv","7750128464","data/epd/EPD_SNOMED_202510.csv","7750128464","TRUE","snomed_from_202503",,"deferred to Stage 2 raw import to avoid a separate 300+ GB scan","27","YEAR_MONTH;REGIONAL_OFFICE_NAME;REGIONAL_OFFICE_CODE;ICB_NAME;ICB_CODE;PCO_NAME;PCO_CODE;PRACTICE_NAME;PRACTICE_CODE;ADDRESS_1;ADDRESS_2;ADDRESS_3;ADDRESS_4;POSTCODE;BNF_CHEMICAL_SUBSTANCE_CODE;BNF_CHEMICAL_SUBSTANCE;BNF_PRESENTATION_CODE;BNF_PRESENTATION_NAME;BNF_CHAPTER_PLUS_CODE;QUANTITY;ITEMS;TOTAL_QUANTITY;ADQ_USAGE;NIC;ACTUAL_COST;UNIDENTIFIED;SNOMED_CODE","published EPD record; expected practice/presentation/month grain, to be verified in Stage 2","YEAR_MONTH + PRACTICE_CODE + presentation code (candidate; verify in Stage 2)",,,"202510","202510",,"Archive member name/size matches extracted CSV. The canonical analysis should consume the hashed archive directly, or independently verify the extracted content before use."
"EPD_202511","monthly prescribing source archive","main inferential analysis","NHS Business Services Authority","English Prescribing Dataset (EPD) with SNOMED Code","202511","https://opendata.nhsbsa.net/dataset/english-prescribing-dataset-epd-with-snomed-code","Open Government Licence 3.0",,"not recorded contemporaneously; local archive modification/copy time retained","2026-08-05","data/epd/EPD_SNOMED_202511.ZIP","yes - SHA-256 is for the source ZIP archive","ZIP containing one CSV","651753411","53cb7d59066c83441839657836ea82559e77c4f1a76c4bca78b6f87fc0db2750","2026-07-11T07:32:15Z","EPD_SNOMED_202511.csv","7514842629","data/epd/EPD_SNOMED_202511.csv","7514842629","TRUE","snomed_from_202503",,"deferred to Stage 2 raw import to avoid a separate 300+ GB scan","27","YEAR_MONTH;REGIONAL_OFFICE_NAME;REGIONAL_OFFICE_CODE;ICB_NAME;ICB_CODE;PCO_NAME;PCO_CODE;PRACTICE_NAME;PRACTICE_CODE;ADDRESS_1;ADDRESS_2;ADDRESS_3;ADDRESS_4;POSTCODE;BNF_CHEMICAL_SUBSTANCE_CODE;BNF_CHEMICAL_SUBSTANCE;BNF_PRESENTATION_CODE;BNF_PRESENTATION_NAME;BNF_CHAPTER_PLUS_CODE;QUANTITY;ITEMS;TOTAL_QUANTITY;ADQ_USAGE;NIC;ACTUAL_COST;UNIDENTIFIED;SNOMED_CODE","published EPD record; expected practice/presentation/month grain, to be verified in Stage 2","YEAR_MONTH + PRACTICE_CODE + presentation code (candidate; verify in Stage 2)",,,"202511","202511",,"Archive member name/size matches extracted CSV. The canonical analysis should consume the hashed archive directly, or independently verify the extracted content before use."
"EPD_202512","monthly prescribing source archive","main inferential analysis","NHS Business Services Authority","English Prescribing Dataset (EPD) with SNOMED Code","202512","https://opendata.nhsbsa.net/dataset/english-prescribing-dataset-epd-with-snomed-code","Open Government Licence 3.0",,"not recorded contemporaneously; local archive modification/copy time retained","2026-08-05","data/epd/EPD_SNOMED_202512.ZIP","yes - SHA-256 is for the source ZIP archive","ZIP containing one CSV","671924014","b656044fdcaa8f50d01b8eb40ac9838b6f9870df5d06682d73ec4e47bc0f4dbf","2026-07-11T07:34:56Z","EPD_SNOMED_202512.csv","7750661843","data/epd/EPD_SNOMED_202512.csv","7750661843","TRUE","snomed_from_202503",,"deferred to Stage 2 raw import to avoid a separate 300+ GB scan","27","YEAR_MONTH;REGIONAL_OFFICE_NAME;REGIONAL_OFFICE_CODE;ICB_NAME;ICB_CODE;PCO_NAME;PCO_CODE;PRACTICE_NAME;PRACTICE_CODE;ADDRESS_1;ADDRESS_2;ADDRESS_3;ADDRESS_4;POSTCODE;BNF_CHEMICAL_SUBSTANCE_CODE;BNF_CHEMICAL_SUBSTANCE;BNF_PRESENTATION_CODE;BNF_PRESENTATION_NAME;BNF_CHAPTER_PLUS_CODE;QUANTITY;ITEMS;TOTAL_QUANTITY;ADQ_USAGE;NIC;ACTUAL_COST;UNIDENTIFIED;SNOMED_CODE","published EPD record; expected practice/presentation/month grain, to be verified in Stage 2","YEAR_MONTH + PRACTICE_CODE + presentation code (candidate; verify in Stage 2)",,,"202512","202512",,"Archive member name/size matches extracted CSV. The canonical analysis should consume the hashed archive directly, or independently verify the extracted content before use."
"LIST_SIZE_202101","registered-patient denominator","descriptive 2021 window assessment only","NHS England (formerly NHS Digital)","Patients Registered at a GP Practice","202101","https://digital.nhs.uk/data-and-information/publications/statistical/patients-registered-at-a-gp-practice","Open Government Licence 3.0",,"not recorded contemporaneously; local file modification/copy time retained","2026-08-05","data/list_size/gp-reg-pat-prac-all_202101.csv","yes - local published practice-level CSV","CSV","490522","50cba22147db5e074a86bafaa5295030e2c37a9d97e6eee1ffefc303121dabad","2026-07-17T21:40:52Z",,,,,,"legacy_CCG_fields","6658","counted in Stage 0","10","PUBLICATION;EXTRACT_DATE;TYPE;CCG_CODE;ONS_CCG_CODE;CODE;POSTCODE;SEX;AGE;NUMBER_OF_PATIENTS","one all-age/all-sex aggregate row per GP practice at the publication extract date","CODE","0","0","01JAN2021","01JAN2021","60606345","Missing NUMBER_OF_PATIENTS values: 0. National total is summed across practice rows; quarterly values are carried forward for two intervening months."
"LIST_SIZE_202104","registered-patient denominator","descriptive 2021 window assessment only","NHS England (formerly NHS Digital)","Patients Registered at a GP Practice","202104","https://digital.nhs.uk/data-and-information/publications/statistical/patients-registered-at-a-gp-practice","Open Government Licence 3.0",,"not recorded contemporaneously; local file modification/copy time retained","2026-08-05","data/list_size/gp-reg-pat-prac-all_202104.csv","yes - local published practice-level CSV","CSV","487964","660357294b014102a32af8f5296942ebc68df7b6084907cbd9445798d7e733a7","2026-07-17T21:41:08Z",,,,,,"legacy_CCG_fields","6623","counted in Stage 0","10","PUBLICATION;EXTRACT_DATE;TYPE;CCG_CODE;ONS_CCG_CODE;CODE;POSTCODE;SEX;AGE;NUMBER_OF_PATIENTS","one all-age/all-sex aggregate row per GP practice at the publication extract date","CODE","0","0","01APR2021","01APR2021","60744002","Missing NUMBER_OF_PATIENTS values: 0. National total is summed across practice rows; quarterly values are carried forward for two intervening months."
"LIST_SIZE_202107","registered-patient denominator","descriptive 2021 window assessment only","NHS England (formerly NHS Digital)","Patients Registered at a GP Practice","202107","https://digital.nhs.uk/data-and-information/publications/statistical/patients-registered-at-a-gp-practice","Open Government Licence 3.0",,"not recorded contemporaneously; local file modification/copy time retained","2026-08-05","data/list_size/gp-reg-pat-prac-all_202107.csv","yes - local published practice-level CSV","CSV","488124","5f62ad2bcc55f03e4021b2725add4954fac6a2f72768621195db6d9756f6edcc","2026-07-17T21:41:22Z",,,,,,"legacy_CCG_fields","6587","counted in Stage 0","10","PUBLICATION;EXTRACT_DATE;TYPE;CCG_CODE;ONS_CCG_CODE;CODE;POSTCODE;SEX;AGE;NUMBER_OF_PATIENTS","one all-age/all-sex aggregate row per GP practice at the publication extract date","CODE","0","0","01Jul2021","01Jul2021","60970002","Missing NUMBER_OF_PATIENTS values: 0. National total is summed across practice rows; quarterly values are carried forward for two intervening months."
"LIST_SIZE_202110","registered-patient denominator","descriptive 2021 window assessment only","NHS England (formerly NHS Digital)","Patients Registered at a GP Practice","202110","https://digital.nhs.uk/data-and-information/publications/statistical/patients-registered-at-a-gp-practice","Open Government Licence 3.0",,"not recorded contemporaneously; local file modification/copy time retained","2026-08-05","data/list_size/gp-reg-pat-prac-all_202110.csv","yes - local published practice-level CSV","CSV","485690","4e7bee0cc4967520ddad2794e434ebb0791a316575c64d0652861191c7a7ad53","2026-07-17T21:41:31Z",,,,,,"legacy_CCG_fields","6554","counted in Stage 0","10","PUBLICATION;EXTRACT_DATE;TYPE;CCG_CODE;ONS_CCG_CODE;CODE;POSTCODE;SEX;AGE;NUMBER_OF_PATIENTS","one all-age/all-sex aggregate row per GP practice at the publication extract date","CODE","0","0","01Oct2021","01Oct2021","61194033","Missing NUMBER_OF_PATIENTS values: 0. National total is summed across practice rows; quarterly values are carried forward for two intervening months."
"LIST_SIZE_202201","registered-patient denominator","main inferential analysis","NHS England (formerly NHS Digital)","Patients Registered at a GP Practice","202201","https://digital.nhs.uk/data-and-information/publications/statistical/patients-registered-at-a-gp-practice","Open Government Licence 3.0",,"not recorded contemporaneously; local file modification/copy time retained","2026-08-05","data/list_size/gp-reg-pat-prac-all_202201.csv","yes - local published practice-level CSV","CSV","483729","d8fe70435df43d110b32fa05c801d60555098abfca04c73e664668c2120a7c43","2026-07-16T08:05:22Z",,,,,,"legacy_CCG_fields","6527","counted in Stage 0","10","PUBLICATION;EXTRACT_DATE;TYPE;CCG_CODE;ONS_CCG_CODE;CODE;POSTCODE;SEX;AGE;NUMBER_OF_PATIENTS","one all-age/all-sex aggregate row per GP practice at the publication extract date","CODE","0","0","01Jan2022","01Jan2022","61469262","Missing NUMBER_OF_PATIENTS values: 0. National total is summed across practice rows; quarterly values are carried forward for two intervening months."
"LIST_SIZE_202204","registered-patient denominator","main inferential analysis","NHS England (formerly NHS Digital)","Patients Registered at a GP Practice","202204","https://digital.nhs.uk/data-and-information/publications/statistical/patients-registered-at-a-gp-practice","Open Government Licence 3.0",,"not recorded contemporaneously; local file modification/copy time retained","2026-08-05","data/list_size/gp-reg-pat-prac-all_202204.csv","yes - local published practice-level CSV","CSV","483068","1dd4f009ac7149ce54afcb69abe418434a8708dde79adc92ab5d9fd308b56721","2026-07-16T08:05:34Z",,,,,,"legacy_CCG_fields","6518","counted in Stage 0","10","PUBLICATION;EXTRACT_DATE;TYPE;CCG_CODE;ONS_CCG_CODE;CODE;POSTCODE;SEX;AGE;NUMBER_OF_PATIENTS","one all-age/all-sex aggregate row per GP practice at the publication extract date","CODE","0","0","01Apr2022","01Apr2022","61625745","Missing NUMBER_OF_PATIENTS values: 0. National total is summed across practice rows; quarterly values are carried forward for two intervening months."
"LIST_SIZE_202207","registered-patient denominator","main inferential analysis","NHS England (formerly NHS Digital)","Patients Registered at a GP Practice","202207","https://digital.nhs.uk/data-and-information/publications/statistical/patients-registered-at-a-gp-practice","Open Government Licence 3.0",,"not recorded contemporaneously; local file modification/copy time retained","2026-08-05","data/list_size/gp-reg-pat-prac-all_202207.csv","yes - local published practice-level CSV","CSV","480556","5b04e13703069ef2f84bc39c9b07465166c80b35b3352c75250561496d278d9f","2026-07-16T08:05:49Z",,,,,,"transition_SubICB_LOC_fields","6484","counted in Stage 0","10","PUBLICATION;EXTRACT_DATE;TYPE;SUB_ICB_LOC_CODE;ONS_SUB_ICB_LOC_CODE;CODE;POSTCODE;SEX;AGE;NUMBER_OF_PATIENTS","one all-age/all-sex aggregate row per GP practice at the publication extract date","CODE","0","0","01-Jul-22","01-Jul-22","61768942","Missing NUMBER_OF_PATIENTS values: 0. National total is summed across practice rows; quarterly values are carried forward for two intervening months."
"LIST_SIZE_202210","registered-patient denominator","main inferential analysis","NHS England (formerly NHS Digital)","Patients Registered at a GP Practice","202210","https://digital.nhs.uk/data-and-information/publications/statistical/patients-registered-at-a-gp-practice","Open Government Licence 3.0",,"not recorded contemporaneously; local file modification/copy time retained","2026-08-05","data/list_size/gp-reg-pat-prac-all_202210.csv","yes - local published practice-level CSV","CSV","478387","20b4209ce1a9257c6386340828d31cac8902d5ea55290bbf2d13131420cd56b4","2026-07-16T08:05:59Z",,,,,,"current_SubICB_fields","6454","counted in Stage 0","10","PUBLICATION;EXTRACT_DATE;TYPE;SUB_ICB_LOCATION_CODE;ONS_SUB_ICB_LOCATION_CODE;CODE;POSTCODE;SEX;AGE;NUMBER_OF_PATIENTS","one all-age/all-sex aggregate row per GP practice at the publication extract date","CODE","0","0","01Oct2022","01Oct2022","61964910","Missing NUMBER_OF_PATIENTS values: 0. National total is summed across practice rows; quarterly values are carried forward for two intervening months."
"LIST_SIZE_202301","registered-patient denominator","main inferential analysis","NHS England (formerly NHS Digital)","Patients Registered at a GP Practice","202301","https://digital.nhs.uk/data-and-information/publications/statistical/patients-registered-at-a-gp-practice","Open Government Licence 3.0",,"not recorded contemporaneously; local file modification/copy time retained","2026-08-05","data/list_size/gp-reg-pat-prac-all_202301.csv","yes - local published practice-level CSV","CSV","477138","e48912106ae8eaab485da586e8043e4c1a3c356fc3ae6562792576ed8f3f4f4b","2026-07-16T08:06:26Z",,,,,,"current_SubICB_fields","6437","counted in Stage 0","10","PUBLICATION;EXTRACT_DATE;TYPE;SUB_ICB_LOCATION_CODE;ONS_SUB_ICB_LOCATION_CODE;CODE;POSTCODE;SEX;AGE;NUMBER_OF_PATIENTS","one all-age/all-sex aggregate row per GP practice at the publication extract date","CODE","0","0","01Jan2023","01Jan2023","62241689","Missing NUMBER_OF_PATIENTS values: 0. National total is summed across practice rows; quarterly values are carried forward for two intervening months."
"LIST_SIZE_202304","registered-patient denominator","main inferential analysis","NHS England (formerly NHS Digital)","Patients Registered at a GP Practice","202304","https://digital.nhs.uk/data-and-information/publications/statistical/patients-registered-at-a-gp-practice","Open Government Licence 3.0",,"not recorded contemporaneously; local file modification/copy time retained","2026-08-05","data/list_size/gp-reg-pat-prac-all_202304.csv","yes - local published practice-level CSV","CSV","475817","bd3d6a4d4a2b153101ea74e1acfdf702ec760314e6df901b7404ff3420c8e3de","2026-07-16T08:06:37Z",,,,,,"current_SubICB_fields","6419","counted in Stage 0","10","PUBLICATION;EXTRACT_DATE;TYPE;SUB_ICB_LOCATION_CODE;ONS_SUB_ICB_LOCATION_CODE;CODE;POSTCODE;SEX;AGE;NUMBER_OF_PATIENTS","one all-age/all-sex aggregate row per GP practice at the publication extract date","CODE","0","0","01Apr2023","01Apr2023","62418295","Missing NUMBER_OF_PATIENTS values: 0. National total is summed across practice rows; quarterly values are carried forward for two intervening months."
"LIST_SIZE_202307","registered-patient denominator","main inferential analysis","NHS England (formerly NHS Digital)","Patients Registered at a GP Practice","202307","https://digital.nhs.uk/data-and-information/publications/statistical/patients-registered-at-a-gp-practice","Open Government Licence 3.0",,"not recorded contemporaneously; local file modification/copy time retained","2026-08-05","data/list_size/gp-reg-pat-prac-all_202307.csv","yes - local published practice-level CSV","CSV","472829","fd7d0d8f2fb79d28e354a8fcd50b922a987d7cac721f7205502403bcbf51d2f9","2026-07-16T08:06:47Z",,,,,,"current_SubICB_fields","6378","counted in Stage 0","10","PUBLICATION;EXTRACT_DATE;TYPE;SUB_ICB_LOCATION_CODE;ONS_SUB_ICB_LOCATION_CODE;CODE;POSTCODE;SEX;AGE;NUMBER_OF_PATIENTS","one all-age/all-sex aggregate row per GP practice at the publication extract date","CODE","0","0","01Jul2023","01Jul2023","62581556","Missing NUMBER_OF_PATIENTS values: 0. National total is summed across practice rows; quarterly values are carried forward for two intervening months."
"LIST_SIZE_202310","registered-patient denominator","main inferential analysis","NHS England (formerly NHS Digital)","Patients Registered at a GP Practice","202310","https://digital.nhs.uk/data-and-information/publications/statistical/patients-registered-at-a-gp-practice","Open Government Licence 3.0",,"not recorded contemporaneously; local file modification/copy time retained","2026-08-05","data/list_size/gp-reg-pat-prac-all_202310.csv","yes - local published practice-level CSV","CSV","470766","50902ca5d511e436bae08139f06eb57ddb7a196c8db8d04611744bffcc3e8ba9","2023-10-05T13:51:30Z",,,,,,"current_SubICB_fields","6350","counted in Stage 0","10","PUBLICATION;EXTRACT_DATE;TYPE;SUB_ICB_LOCATION_CODE;ONS_SUB_ICB_LOCATION_CODE;CODE;POSTCODE;SEX;AGE;NUMBER_OF_PATIENTS","one all-age/all-sex aggregate row per GP practice at the publication extract date","CODE","0","0","01Oct2023","01Oct2023","62807652","Missing NUMBER_OF_PATIENTS values: 0. National total is summed across practice rows; quarterly values are carried forward for two intervening months."
"LIST_SIZE_202401","registered-patient denominator","main inferential analysis","NHS England (formerly NHS Digital)","Patients Registered at a GP Practice","202401","https://digital.nhs.uk/data-and-information/publications/statistical/patients-registered-at-a-gp-practice","Open Government Licence 3.0",,"not recorded contemporaneously; local file modification/copy time retained","2026-08-05","data/list_size/gp-reg-pat-prac-all_202401.csv","yes - local published practice-level CSV","CSV","468954","24ad9b32fd56e298586c6f8929d59333c0b872fc9d6dcf4607bceacac2239e89","2024-01-05T08:03:04Z",,,,,,"current_SubICB_fields","6325","counted in Stage 0","10","PUBLICATION;EXTRACT_DATE;TYPE;SUB_ICB_LOCATION_CODE;ONS_SUB_ICB_LOCATION_CODE;CODE;POSTCODE;SEX;AGE;NUMBER_OF_PATIENTS","one all-age/all-sex aggregate row per GP practice at the publication extract date","CODE","0","0","01Jan2024","01Jan2024","63101030","Missing NUMBER_OF_PATIENTS values: 0. National total is summed across practice rows; quarterly values are carried forward for two intervening months."
"LIST_SIZE_202404","registered-patient denominator","main inferential analysis","NHS England (formerly NHS Digital)","Patients Registered at a GP Practice","202404","https://digital.nhs.uk/data-and-information/publications/statistical/patients-registered-at-a-gp-practice","Open Government Licence 3.0",,"not recorded contemporaneously; local file modification/copy time retained","2026-08-05","data/list_size/gp-reg-pat-prac-all_202404.csv","yes - local published practice-level CSV","CSV","467786","f651b84a45ffefd3988825e3d576728e52ed30d5b72e608a85cc58c1866b161b","2024-04-04T09:34:56Z",,,,,,"current_SubICB_fields","6309","counted in Stage 0","10","PUBLICATION;EXTRACT_DATE;TYPE;SUB_ICB_LOCATION_CODE;ONS_SUB_ICB_LOCATION_CODE;CODE;POSTCODE;SEX;AGE;NUMBER_OF_PATIENTS","one all-age/all-sex aggregate row per GP practice at the publication extract date","CODE","0","0","01Apr2024","01Apr2024","63227624","Missing NUMBER_OF_PATIENTS values: 0. National total is summed across practice rows; quarterly values are carried forward for two intervening months."
"LIST_SIZE_202407","registered-patient denominator","main inferential analysis","NHS England (formerly NHS Digital)","Patients Registered at a GP Practice","202407","https://digital.nhs.uk/data-and-information/publications/statistical/patients-registered-at-a-gp-practice","Open Government Licence 3.0",,"not recorded contemporaneously; local file modification/copy time retained","2026-08-05","data/list_size/gp-reg-pat-prac-all_202407.csv","yes - local published practice-level CSV","CSV","472350","a4fabf9332967da8c94f418869893aa300b6ded81534530e98b8111a33552210","2024-07-08T12:18:18Z",,,,,,"current_SubICB_fields","6286","counted in Stage 0","10","PUBLICATION;EXTRACT_DATE;TYPE;SUB_ICB_LOCATION_CODE;ONS_SUB_ICB_LOCATION_CODE;CODE;POSTCODE;SEX;AGE;NUMBER_OF_PATIENTS","one all-age/all-sex aggregate row per GP practice at the publication extract date","CODE","0","0","2024-07-01","2024-07-01","63407818","Missing NUMBER_OF_PATIENTS values: 0. National total is summed across practice rows; quarterly values are carried forward for two intervening months."
"LIST_SIZE_202410","registered-patient denominator","main inferential analysis","NHS England (formerly NHS Digital)","Patients Registered at a GP Practice","202410","https://digital.nhs.uk/data-and-information/publications/statistical/patients-registered-at-a-gp-practice","Open Government Licence 3.0",,"not recorded contemporaneously; local file modification/copy time retained","2026-08-05","data/list_size/gp-reg-pat-prac-all_202410.csv","yes - local published practice-level CSV","CSV","470910","91ef43e9af9bf24fb735d1c9d4dfa5e9f3f870ec24ef92593d1d7b0b7bf17c3d","2024-10-03T13:26:43Z",,,,,,"current_SubICB_fields","6267","counted in Stage 0","10","PUBLICATION;EXTRACT_DATE;TYPE;SUB_ICB_LOCATION_CODE;ONS_SUB_ICB_LOCATION_CODE;CODE;POSTCODE;SEX;AGE;NUMBER_OF_PATIENTS","one all-age/all-sex aggregate row per GP practice at the publication extract date","CODE","0","0","2024-10-01","2024-10-01","63575761","Missing NUMBER_OF_PATIENTS values: 0. National total is summed across practice rows; quarterly values are carried forward for two intervening months."
"LIST_SIZE_202501","registered-patient denominator","main inferential analysis","NHS England (formerly NHS Digital)","Patients Registered at a GP Practice","202501","https://digital.nhs.uk/data-and-information/publications/statistical/patients-registered-at-a-gp-practice","Open Government Licence 3.0",,"not recorded contemporaneously; local file modification/copy time retained","2026-08-05","data/list_size/gp-reg-pat-prac-all_202501.csv","yes - local published practice-level CSV","CSV","469594","60e515d2f09b6ded1c57bf5889556dd104d5fb3f26df208e9db03fc47c8b0484","2025-01-09T11:25:17Z",,,,,,"current_SubICB_fields","6249","counted in Stage 0","10","PUBLICATION;EXTRACT_DATE;TYPE;SUB_ICB_LOCATION_CODE;ONS_SUB_ICB_LOCATION_CODE;CODE;POSTCODE;SEX;AGE;NUMBER_OF_PATIENTS","one all-age/all-sex aggregate row per GP practice at the publication extract date","CODE","0","0","2025-01-01","2025-01-01","63724968","Missing NUMBER_OF_PATIENTS values: 0. National total is summed across practice rows; quarterly values are carried forward for two intervening months."
"LIST_SIZE_202504","registered-patient denominator","main inferential analysis","NHS England (formerly NHS Digital)","Patients Registered at a GP Practice","202504","https://digital.nhs.uk/data-and-information/publications/statistical/patients-registered-at-a-gp-practice","Open Government Licence 3.0",,"not recorded contemporaneously; local file modification/copy time retained","2026-08-05","data/list_size/gp-reg-pat-prac-all_202504.csv","yes - local published practice-level CSV","CSV","468857","7cc934847cff53d54f5c6ce4ded2d1f9650ff23525680b6f38df3ac3ecf3ccd2","2025-04-03T09:35:15Z",,,,,,"current_SubICB_fields","6239","counted in Stage 0","10","PUBLICATION;EXTRACT_DATE;TYPE;SUB_ICB_LOCATION_CODE;ONS_SUB_ICB_LOCATION_CODE;CODE;POSTCODE;SEX;AGE;NUMBER_OF_PATIENTS","one all-age/all-sex aggregate row per GP practice at the publication extract date","CODE","0","0","2025-04-01","2025-04-01","63769849","Missing NUMBER_OF_PATIENTS values: 0. National total is summed across practice rows; quarterly values are carried forward for two intervening months."
"LIST_SIZE_202507","registered-patient denominator","main inferential analysis","NHS England (formerly NHS Digital)","Patients Registered at a GP Practice","202507","https://digital.nhs.uk/data-and-information/publications/statistical/patients-registered-at-a-gp-practice","Open Government Licence 3.0",,"not recorded contemporaneously; local file modification/copy time retained","2026-08-05","data/list_size/gp-reg-pat-prac-all_202507.csv","yes - local published practice-level CSV","CSV","466642","2a6e4df28aff7f102caa8a09bed10aeb771aa04517710042963468c1c1a1dd88","2025-07-03T07:03:01Z",,,,,,"current_SubICB_fields","6209","counted in Stage 0","10","PUBLICATION;EXTRACT_DATE;TYPE;SUB_ICB_LOCATION_CODE;ONS_SUB_ICB_LOCATION_CODE;CODE;POSTCODE;SEX;AGE;NUMBER_OF_PATIENTS","one all-age/all-sex aggregate row per GP practice at the publication extract date","CODE","0","0","2025-07-01","2025-07-01","63803502","Missing NUMBER_OF_PATIENTS values: 0. National total is summed across practice rows; quarterly values are carried forward for two intervening months."
"LIST_SIZE_202510","registered-patient denominator","main inferential analysis","NHS England (formerly NHS Digital)","Patients Registered at a GP Practice","202510","https://digital.nhs.uk/data-and-information/publications/statistical/patients-registered-at-a-gp-practice","Open Government Licence 3.0",,"not recorded contemporaneously; local file modification/copy time retained","2026-08-05","data/list_size/gp-reg-pat-prac-all_202510.csv","yes - local published practice-level CSV","CSV","466119","7c6b3d7d1d48ff9ad61e64ee60064d927ae858266b026f88b819758d4e614f23","2025-10-03T07:49:00Z",,,,,,"current_SubICB_fields","6202","counted in Stage 0","10","PUBLICATION;EXTRACT_DATE;TYPE;SUB_ICB_LOCATION_CODE;ONS_SUB_ICB_LOCATION_CODE;CODE;POSTCODE;SEX;AGE;NUMBER_OF_PATIENTS","one all-age/all-sex aggregate row per GP practice at the publication extract date","CODE","0","0","2025-10-01","2025-10-01","63919527","Missing NUMBER_OF_PATIENTS values: 0. National total is summed across practice rows; quarterly values are carried forward for two intervening months."
"BNF_REFERENCE_202505_V88","BNF hierarchy lookup","main inferential analysis and descriptive window assessment","NHS Business Services Authority","BNF Code Information - Current Year, May 2025, version 88","2025-05","https://opendata.nhsbsa.net/dataset/bnf-code-information-current-year/resource/cf359d2f-0c9d-40fe-8c41-6db7e43e3dc2","Open Government Licence 3.0",,"not recorded contemporaneously; local file modification/copy time retained","2026-08-05","bnf_code_current_202505_version_88.csv","yes - local published CSV","CSV","14004199","80e0a89d0426d39eae8d01bfc909642d21bfb2b94dcd420b34f61004968bc511","2026-07-15T09:56:35Z",,,,,,"May 2025 version 88","54217","counted in Stage 0","15","YEAR_MONTH;BNF_CHAPTER;BNF_CHAPTER_CODE;BNF_SECTION;BNF_SECTION_CODE;BNF_PARAGRAPH;BNF_PARAGRAPH_CODE;BNF_SUBPARAGRAPH;BNF_SUBPARAGRAPH_CODE;BNF_CHEMICAL_SUBSTANCE;BNF_CHEMICAL_SUBSTANCE_CODE;BNF_PRODUCT;BNF_PRODUCT_CODE;BNF_PRESENTATION;BNF_PRESENTATION_CODE","one BNF presentation in the May 2025 reference snapshot","YEAR_MONTH + BNF_PRESENTATION_CODE","0","0","2025-05","2025-05",,"Live/current BNF lookup used across 2022-2025; temporal code/name drift must be checked against month-specific EPD fields and the recode crosswalk."
"BANK_HOLIDAYS_EW_SNAPSHOT_20260805","working-day calendar source","planned working-day sensitivity","UK Government Digital Service","Bank holidays in England and Wales","2022-01-01 to 2025-12-31 selected from snapshot","https://www.gov.uk/bank-holidays.json","Open Government Licence 3.0","2026-08-05","downloaded and frozen contemporaneously for Stage 0","2026-08-05","reproducibility/source_snapshots/bank-holidays_2026-08-05.json","yes - dated local JSON snapshot","JSON","22207","538b3482c28b85ecd2db606a0d5ae6ad17248900b6498700ce0a48d26a3ecde6","2026-08-05T01:51:57Z",,,,,,"GOV.UK divisions and events JSON","35","England-and-Wales events in study period counted in Stage 0",,"division;events(title,date,notes,bunting)","one bank-holiday event date within a UK division","division + date + title","0","0","2022-01-03","2025-12-26",,"Working days will be Monday-Friday excluding all England-and-Wales events, including one-off holidays."
